uid,canonicalurl,title_fr,description_fr,longdescription_fr,conditions_fr,keywords_fr,category,daterange_fr,firstdate_begin,lastdate_end,timings,location_name,location_address,location_postalcode,location_city,location_department,location_region,accessibility_label_fr,age_min,age_max,attendancemode,onlineaccesslink,registration
46668514,https://openagenda.com/francetravail/events/la-caf-recrute-ses-conseillers-relation-allocataire,La CAF recrute ses conseillers relation allocataire,La CAF recrute ses futur(e)s conseillers(ères) relation allocataire et vous propose de venir découvrir le poste et l'entreprise lors d'une réunion d'information.,La CAF recrute ses futur(e)s conseillers(ères) relation allocataire et vous propose de venir découvrir le poste et l'entreprise lors d'une réunion d'information. Les conseillers relation allocataire assurent un premier niveau d'accueil physique et téléphonique des allocataires. Ils accompagnent également les allocataires dans l'utilisation des outils de téléservices tels que le site internet caf. FORMATION ET EXPERIENCE OBLIGATOIRES : Bac 2 validé minimum ou Bac validé avec 5 années d'expérience,,"['#TousMobilisés', 'Recrutement']",,"Jeudi 30 avril, 09h00",2026-04-30 07:00:00+00:00,2026-04-30 08:30:00+00:00,"[{""begin"": ""2026-04-30T09:00:00+02:00"", ""end"": ""2026-04-30T10:30:00+02:00""}]",Agence METZ BLIDA,57000 Metz,57014,Metz,Moselle,Grand Est,,,,"{""id"": 1, ""label"": {""fr"": ""Sur place"", ""en"": ""In situ"", ""it"": ""In presenza"", ""es"": ""Desconnectad"", ""de"": ""Offline"", ""br"": ""War al lec\u2019h"", ""io"": ""crwdns14266:0crwdne14266:0"", ""oc"": ""Sus pla\u00e7a"", ""nl"": ""Ter plaatse""}}",,"[{""type"": ""link"", ""value"": ""https://mesevenementsemploi.francetravail.fr/mes-evenements-emploi/evenement/639911""}]"
42933133,https://openagenda.com/culture/events/copistes-en-collaboration-exceptionnelle-avec-le-musee-du-louvre,Copistes. En collaboration exceptionnelle avec le musée du Louvre,"« À partir de l’œuvre de votre choix conservée parmi les collections du musée du Louvre, imaginez sa copie. »","En collaboration exceptionnelle avec le musée du Louvre, le Centre Pompidou-Metz consacre une exposition inédite de création de copistes. La copie est au cœur de la tradition classique : copier d’après les maîtres, apprendre d’eux des techniques, des canons, des récits, absorber leur expertise, c’est une voie pour le savoir et la création, de la plus académique à la plus contemporaine. Plusieurs artistes ont reçu des deux commissaires associés une invitation ainsi formulée : « À partir de l’œuvre de votre choix conservée parmi les collections du musée du Louvre, imaginez sa copie. »","7, 10 ou 14€ selon le nombre d'expositions ouvertes le jour de la visite","['exposition', 'art contemporain', 'musée du louvre', 'tradition', 'copie']",,14 juin 2025 - 12 janvier 2026,2025-06-14 08:00:00+00:00,2026-01-12 17:00:00+00:00,"[{""begin"": ""2025-06-14T10:00:00+02:00"", ""end"": ""2025-06-14T19:00:00+02:00""}, {""begin"": ""2025-06-15T10:00:00+02:00"", ""end"": ""2025-06-15T19:00:00+02:00""}, {""begin"": ""2025-06-16T10:00:00+02:00"", ""end"": ""2025-06-16T18:00:00+02:00""}, {""begin"": ""2025-06-18T10:00:00+02:00"", ""end"": ""2025-06-18T18:00:00+02:00""}, {""begin"": ""2025-06-19T10:00:00+02:00"", ""end"": ""2025-06-19T18:00:00+02:00""}, {""begin"": ""2025-06-20T10:00:00+02:00"", ""end"": ""2025-06-20T19:00:00+02:00""}, {""begin"": ""2025-06-21T10:00:00+02:00"", ""end"": ""2025-06-21T19:00:00+02:00""}, {""begin"": ""2025-06-22T10:00:00+02:00"", ""end"": ""2025-06-22T19:00:00+02:00""}, {""begin"": ""2025-06-23T10:00:00+02:00"", ""end"": ""2025-06-23T18:00:00+02:00""}, {""begin"": ""2025-06-25T10:00:00+02:00"", ""end"": ""2025-06-25T18:00:00+02:00""}, {""begin"": ""2025-06-26T10:00:00+02:00"", ""end"": ""2025-06-26T18:00:00+02:00""}, {""begin"": ""2025-06-27T10:00:00+02:00"", ""end"": ""2025-06-27T19:00:00+02:00""}, {""begin"": ""2025-06-28T10:00:00+02:00"", ""end"": ""2025-06-28T19:00:00+02:00""}, {""begin"": ""2025-06-29T10:00:00+02:00"", ""end"": ""2025-06-29T19:00:00+02:00""}, {""begin"": ""2025-06-30T10:00:00+02:00"", ""end"": ""2025-06-30T18:00:00+02:00""}, {""begin"": ""2025-07-02T10:00:00+02:00"", ""end"": ""2025-07-02T18:00:00+02:00""}, {""begin"": ""2025-07-03T10:00:00+02:00"", ""end"": ""2025-07-03T18:00:00+02:00""}, {""begin"": ""2025-07-04T10:00:00+02:00"", ""end"": ""2025-07-04T19:00:00+02:00""}, {""begin"": ""2025-07-05T10:00:00+02:00"", ""end"": ""2025-07-05T19:00:00+02:00""}, {""begin"": ""2025-07-06T10:00:00+02:00"", ""end"": ""2025-07-06T19:00:00+02:00""}, {""begin"": ""2025-07-07T10:00:00+02:00"", ""end"": ""2025-07-07T18:00:00+02:00""}, {""begin"": ""2025-07-09T10:00:00+02:00"", ""end"": ""2025-07-09T18:00:00+02:00""}, {""begin"": ""2025-07-10T10:00:00+02:00"", ""end"": ""2025-07-10T18:00:00+02:00""}, {""begin"": ""2025-07-11T10:00:00+02:00"", ""end"": ""2025-07-11T19:00:00+02:00""}, {""begin"": ""2025-07-12T10:00:00+02:00"", ""end"": ""2025-07-12T19:00:00+02:00""}, {""begin"": ""2025-07-13T10:00:00+02:00"", ""end"": ""2025-07-13T19:00:00+02:00""}, {""begin"": ""2025-07-14T10:00:00+02:00"", ""end"": ""2025-07-14T18:00:00+02:00""}, {""begin"": ""2025-07-16T10:00:00+02:00"", ""end"": ""2025-07-16T18:00:00+02:00""}, {""begin"": ""2025-07-17T10:00:00+02:00"", ""end"": ""2025-07-17T18:00:00+02:00""}, {""begin"": ""2025-07-18T10:00:00+02:00"", ""end"": ""2025-07-18T19:00:00+02:00""}, {""begin"": ""2025-07-19T10:00:00+02:00"", ""end"": ""2025-07-19T19:00:00+02:00""}, {""begin"": ""2025-07-20T10:00:00+02:00"", ""end"": ""2025-07-20T19:00:00+02:00""}, {""begin"": ""2025-07-21T10:00:00+02:00"", ""end"": ""2025-07-21T18:00:00+02:00""}, {""begin"": ""2025-07-23T10:00:00+02:00"", ""end"": ""2025-07-23T18:00:00+02:00""}, {""begin"": ""2025-07-24T10:00:00+02:00"", ""end"": ""2025-07-24T18:00:00+02:00""}, {""begin"": ""2025-07-25T10:00:00+02:00"", ""end"": ""2025-07-25T19:00:00+02:00""}, {""begin"": ""2025-07-26T10:00:00+02:00"", ""end"": ""2025-07-26T19:00:00+02:00""}, {""begin"": ""2025-07-27T10:00:00+02:00"", ""end"": ""2025-07-27T19:00:00+02:00""}, {""begin"": ""2025-07-28T10:00:00+02:00"", ""end"": ""2025-07-28T18:00:00+02:00""}, {""begin"": ""2025-07-30T10:00:00+02:00"", ""end"": ""2025-07-30T18:00:00+02:00""}, {""begin"": ""2025-07-31T10:00:00+02:00"", ""end"": ""2025-07-31T18:00:00+02:00""}, {""begin"": ""2025-08-01T10:00:00+02:00"", ""end"": ""2025-08-01T19:00:00+02:00""}, {""begin"": ""2025-08-02T10:00:00+02:00"", ""end"": ""2025-08-02T19:00:00+02:00""}, {""begin"": ""2025-08-03T10:00:00+02:00"", ""end"": ""2025-08-03T19:00:00+02:00""}, {""begin"": ""2025-08-04T10:00:00+02:00"", ""end"": ""2025-08-04T18:00:00+02:00""}, {""begin"": ""2025-08-06T10:00:00+02:00"", ""end"": ""2025-08-06T18:00:00+02:00""}, {""begin"": ""2025-08-07T10:00:00+02:00"", ""end"": ""2025-08-07T18:00:00+02:00""}, {""begin"": ""2025-08-08T10:00:00+02:00"", ""end"": ""2025-08-08T19:00:00+02:00""}, {""begin"": ""2025-08-09T10:00:00+02:00"", ""end"": ""2025-08-09T19:00:00+02:00""}, {""begin"": ""2025-08-10T10:00:00+02:00"", ""end"": ""2025-08-10T19:00:00+02:00""}, {""begin"": ""2025-08-11T10:00:00+02:00"", ""end"": ""2025-08-11T18:00:00+02:00""}, {""begin"": ""2025-08-13T10:00:00+02:00"", ""end"": ""2025-08-13T18:00:00+02:00""}, {""begin"": ""2025-08-14T10:00:00+02:00"", ""end"": ""2025-08-14T18:00:00+02:00""}, {""begin"": ""2025-08-15T10:00:00+02:00"", ""end"": ""2025-08-15T19:00:00+02:00""}, {""begin"": ""2025-08-16T10:00:00+02:00"", ""end"": ""2025-08-16T19:00:00+02:00""}, {""begin"": ""2025-08-17T10:00:00+02:00"", ""end"": ""2025-08-17T19:00:00+02:00""}, {""begin"": ""2025-08-18T10:00:00+02:00"", ""end"": ""2025-08-18T18:00:00+02:00""}, {""begin"": ""2025-08-20T10:00:00+02:00"", ""end"": ""2025-08-20T18:00:00+02:00""}, {""begin"": ""2025-08-21T10:00:00+02:00"", ""end"": ""2025-08-21T18:00:00+02:00""}, {""begin"": ""2025-08-22T10:00:00+02:00"", ""end"": ""2025-08-22T19:00:00+02:00""}, {""begin"": ""2025-08-23T10:00:00+02:00"", ""end"": ""2025-08-23T19:00:00+02:00""}, {""begin"": ""2025-08-24T10:00:00+02:00"", ""end"": ""2025-08-24T19:00:00+02:00""}, {""begin"": ""2025-08-25T10:00:00+02:00"", ""end"": ""2025-08-25T18:00:00+02:00""}, {""begin"": ""2025-08-27T10:00:00+02:00"", ""end"": ""2025-08-27T18:00:00+02:00""}, {""begin"": ""2025-08-28T10:00:00+02:00"", ""end"": ""2025-08-28T18:00:00+02:00""}, {""begin"": ""2025-08-29T10:00:00+02:00"", ""end"": ""2025-08-29T19:00:00+02:00""}, {""begin"": ""2025-08-30T10:00:00+02:00"", ""end"": ""2025-08-30T19:00:00+02:00""}, {""begin"": ""2025-08-31T10:00:00+02:00"", ""end"": ""2025-08-31T19:00:00+02:00""}, {""begin"": ""2025-09-01T10:00:00+02:00"", ""end"": ""2025-09-01T18:00:00+02:00""}, {""begin"": ""2025-09-03T10:00:00+02:00"", ""end"": ""2025-09-03T18:00:00+02:00""}, {""begin"": ""2025-09-04T10:00:00+02:00"", ""end"": ""2025-09-04T18:00:00+02:00""}, {""begin"": ""2025-09-05T10:00:00+02:00"", ""end"": ""2025-09-05T19:00:00+02:00""}, {""begin"": ""2025-09-06T10:00:00+02:00"", ""end"": ""2025-09-06T19:00:00+02:00""}, {""begin"": ""2025-09-07T10:00:00+02:00"", ""end"": ""2025-09-07T19:00:00+02:00""}, {""begin"": ""2025-09-08T10:00:00+02:00"", ""end"": ""2025-09-08T18:00:00+02:00""}, {""begin"": ""2025-09-10T10:00:00+02:00"", ""end"": ""2025-09-10T18:00:00+02:00""}, {""begin"": ""2025-09-11T10:00:00+02:00"", ""end"": ""2025-09-11T18:00:00+02:00""}, {""begin"": ""2025-09-12T10:00:00+02:00"", ""end"": ""2025-09-12T19:00:00+02:00""}, {""begin"": ""2025-09-13T10:00:00+02:00"", ""end"": ""2025-09-13T19:00:00+02:00""}, {""begin"": ""2025-09-14T10:00:00+02:00"", ""end"": ""2025-09-14T19:00:00+02:00""}, {""begin"": ""2025-09-15T10:00:00+02:00"", ""end"": ""2025-09-15T18:00:00+02:00""}, {""begin"": ""2025-09-17T10:00:00+02:00"", ""end"": ""2025-09-17T18:00:00+02:00""}, {""begin"": ""2025-09-18T10:00:00+02:00"", ""end"": ""2025-09-18T18:00:00+02:00""}, {""begin"": ""2025-09-19T10:00:00+02:00"", ""end"": ""2025-09-19T19:00:00+02:00""}, {""begin"": ""2025-09-20T10:00:00+02:00"", ""end"": ""2025-09-20T19:00:00+02:00""}, {""begin"": ""2025-09-21T10:00:00+02:00"", ""end"": ""2025-09-21T19:00:00+02:00""}, {""begin"": ""2025-09-22T10:00:00+02:00"", ""end"": ""2025-09-22T18:00:00+02:00""}, {""begin"": ""2025-09-24T10:00:00+02:00"", ""end"": ""2025-09-24T18:00:00+02:00""}, {""begin"": ""2025-09-25T10:00:00+02:00"", ""end"": ""2025-09-25T18:00:00+02:00""}, {""begin"": ""2025-09-26T10:00:00+02:00"", ""end"": ""2025-09-26T19:00:00+02:00""}, {""begin"": ""2025-09-27T10:00:00+02:00"", ""end"": ""2025-09-27T19:00:00+02:00""}, {""begin"": ""2025-09-28T10:00:00+02:00"", ""end"": ""2025-09-28T19:00:00+02:00""}, {""begin"": ""2025-09-29T10:00:00+02:00"", ""end"": ""2025-09-29T18:00:00+02:00""}, {""begin"": ""2025-10-01T10:00:00+02:00"", ""end"": ""2025-10-01T18:00:00+02:00""}, {""begin"": ""2025-10-02T10:00:00+02:00"", ""end"": ""2025-10-02T18:00:00+02:00""}, {""begin"": ""2025-10-03T10:00:00+02:00"", ""end"": ""2025-10-03T19:00:00+02:00""}, {""begin"": ""2025-10-04T10:00:00+02:00"", ""end"": ""2025-10-04T19:00:00+02:00""}, {""begin"": ""2025-10-05T10:00:00+02:00"", ""end"": ""2025-10-05T19:00:00+02:00""}, {""begin"": ""2025-10-06T10:00:00+02:00"", ""end"": ""2025-10-06T18:00:00+02:00""}, {""begin"": ""2025-10-08T10:00:00+02:00"", ""end"": ""2025-10-08T18:00:00+02:00""}, {""begin"": ""2025-10-09T10:00:00+02:00"", ""end"": ""2025-10-09T18:00:00+02:00""}, {""begin"": ""2025-10-10T10:00:00+02:00"", ""end"": ""2025-10-10T19:00:00+02:00""}, {""begin"": ""2025-10-11T10:00:00+02:00"", ""end"": ""2025-10-11T19:00:00+02:00""}, {""begin"": ""2025-10-12T10:00:00+02:00"", ""end"": ""2025-10-12T19:00:00+02:00""}, {""begin"": ""2025-10-13T10:00:00+02:00"", ""end"": ""2025-10-13T18:00:00+02:00""}, {""begin"": ""2025-10-15T10:00:00+02:00"", ""end"": ""2025-10-15T18:00:00+02:00""}, {""begin"": ""2025-10-16T10:00:00+02:00"", ""end"": ""2025-10-16T18:00:00+02:00""}, {""begin"": ""2025-10-17T10:00:00+02:00"", ""end"": ""2025-10-17T19:00:00+02:00""}, {""begin"": ""2025-10-18T10:00:00+02:00"", ""end"": ""2025-10-18T19:00:00+02:00""}, {""begin"": ""2025-10-19T10:00:00+02:00"", ""end"": ""2025-10-19T19:00:00+02:00""}, {""begin"": ""2025-10-20T10:00:00+02:00"", ""end"": ""2025-10-20T18:00:00+02:00""}, {""begin"": ""2025-10-22T10:00:00+02:00"", ""end"": ""2025-10-22T18:00:00+02:00""}, {""begin"": ""2025-10-23T10:00:00+02:00"", ""end"": ""2025-10-23T18:00:00+02:00""}, {""begin"": ""2025-10-24T10:00:00+02:00"", ""end"": ""2025-10-24T19:00:00+02:00""}, {""begin"": ""2025-10-25T10:00:00+02:00"", ""end"": ""2025-10-25T19:00:00+02:00""}, {""begin"": ""2025-10-26T10:00:00+01:00"", ""end"": ""2025-10-26T19:00:00+01:00""}, {""begin"": ""2025-10-27T10:00:00+01:00"", ""end"": ""2025-10-27T18:00:00+01:00""}, {""begin"": ""2025-10-29T10:00:00+01:00"", ""end"": ""2025-10-29T18:00:00+01:00""}, {""begin"": ""2025-10-30T10:00:00+01:00"", ""end"": ""2025-10-30T18:00:00+01:00""}, {""begin"": ""2025-10-31T10:00:00+01:00"", ""end"": ""2025-10-31T19:00:00+01:00""}, {""begin"": ""2025-11-01T10:00:00+01:00"", ""end"": ""2025-11-01T18:00:00+01:00""}, {""begin"": ""2025-11-02T10:00:00+01:00"", ""end"": ""2025-11-02T18:00:00+01:00""}, {""begin"": ""2025-11-03T10:00:00+01:00"", ""end"": ""2025-11-03T18:00:00+01:00""}, {""begin"": ""2025-11-05T10:00:00+01:00"", ""end"": ""2025-11-05T18:00:00+01:00""}, {""begin"": ""2025-11-06T10:00:00+01:00"", ""end"": ""2025-11-06T18:00:00+01:00""}, {""begin"": ""2025-11-07T10:00:00+01:00"", ""end"": ""2025-11-07T18:00:00+01:00""}, {""begin"": ""2025-11-08T10:00:00+01:00"", ""end"": ""2025-11-08T18:00:00+01:00""}, {""begin"": ""2025-11-09T10:00:00+01:00"", ""end"": ""2025-11-09T18:00:00+01:00""}, {""begin"": ""2025-11-10T10:00:00+01:00"", ""end"": ""2025-11-10T18:00:00+01:00""}, {""begin"": ""2025-11-12T10:00:00+01:00"", ""end"": ""2025-11-12T18:00:00+01:00""}, {""begin"": ""2025-11-13T10:00:00+01:00"", ""end"": ""2025-11-13T18:00:00+01:00""}, {""begin"": ""2025-11-14T10:00:00+01:00"", ""end"": ""2025-11-14T18:00:00+01:00""}, {""begin"": ""2025-11-15T10:00:00+01:00"", ""end"": ""2025-11-15T18:00:00+01:00""}, {""begin"": ""2025-11-16T10:00:00+01:00"", ""end"": ""2025-11-16T18:00:00+01:00""}, {""begin"": ""2025-11-17T10:00:00+01:00"", ""end"": ""2025-11-17T18:00:00+01:00""}, {""begin"": ""2025-11-19T10:00:00+01:00"", ""end"": ""2025-11-19T18:00:00+01:00""}, {""begin"": ""2025-11-20T10:00:00+01:00"", ""end"": ""2025-11-20T18:00:00+01:00""}, {""begin"": ""2025-11-21T10:00:00+01:00"", ""end"": ""2025-11-21T18:00:00+01:00""}, {""begin"": ""2025-11-22T10:00:00+01:00"", ""end"": ""2025-11-22T18:00:00+01:00""}, {""begin"": ""2025-11-23T10:00:00+01:00"", ""end"": ""2025-11-23T18:00:00+01:00""}, {""begin"": ""2025-11-24T10:00:00+01:00"", ""end"": ""2025-11-24T18:00:00+01:00""}, {""begin"": ""2025-11-26T10:00:00+01:00"", ""end"": ""2025-11-26T18:00:00+01:00""}, {""begin"": ""2025-11-27T10:00:00+01:00"", ""end"": ""2025-11-27T18:00:00+01:00""}, {""begin"": ""2025-11-28T10:00:00+01:00"", ""end"": ""2025-11-28T18:00:00+01:00""}, {""begin"": ""2025-11-29T10:00:00+01:00"", ""end"": ""2025-11-29T18:00:00+01:00""}, {""begin"": ""2025-11-30T10:00:00+01:00"", ""end"": ""2025-11-30T18:00:00+01:00""}, {""begin"": ""2025-12-01T10:00:00+01:00"", ""end"": ""2025-12-01T18:00:00+01:00""}, {""begin"": ""2025-12-03T10:00:00+01:00"", ""end"": ""2025-12-03T18:00:00+01:00""}, {""begin"": ""2025-12-04T10:00:00+01:00"", ""end"": ""2025-12-04T18:00:00+01:00""}, {""begin"": ""2025-12-05T10:00:00+01:00"", ""end"": ""2025-12-05T18:00:00+01:00""}, {""begin"": ""2025-12-06T10:00:00+01:00"", ""end"": ""2025-12-06T18:00:00+01:00""}, {""begin"": ""2025-12-07T10:00:00+01:00"", ""end"": ""2025-12-07T18:00:00+01:00""}, {""begin"": ""2025-12-08T10:00:00+01:00"", ""end"": ""2025-12-08T18:00:00+01:00""}, {""begin"": ""2025-12-10T10:00:00+01:00"", ""end"": ""2025-12-10T18:00:00+01:00""}, {""begin"": ""2025-12-11T10:00:00+01:00"", ""end"": ""2025-12-11T18:00:00+01:00""}, {""begin"": ""2025-12-12T10:00:00+01:00"", ""end"": ""2025-12-12T18:00:00+01:00""}, {""begin"": ""2025-12-13T10:00:00+01:00"", ""end"": ""2025-12-13T18:00:00+01:00""}, {""begin"": ""2025-12-14T10:00:00+01:00"", ""end"": ""2025-12-14T18:00:00+01:00""}, {""begin"": ""2025-12-15T10:00:00+01:00"", ""end"": ""2025-12-15T18:00:00+01:00""}, {""begin"": ""2025-12-17T10:00:00+01:00"", ""end"": ""2025-12-17T18:00:00+01:00""}, {""begin"": ""2025-12-18T10:00:00+01:00"", ""end"": ""2025-12-18T18:00:00+01:00""}, {""begin"": ""2025-12-19T10:00:00+01:00"", ""end"": ""2025-12-19T18:00:00+01:00""}, {""begin"": ""2025-12-20T10:00:00+01:00"", ""end"": ""2025-12-20T18:00:00+01:00""}, {""begin"": ""2025-12-21T10:00:00+01:00"", ""end"": ""2025-12-21T18:00:00+01:00""}, {""begin"": ""2025-12-22T10:00:00+01:00"", ""end"": ""2025-12-22T18:00:00+01:00""}, {""begin"": ""2025-12-24T10:00:00+01:00"", ""end"": ""2025-12-24T18:00:00+01:00""}, {""begin"": ""2025-12-25T10:00:00+01:00"", ""end"": ""2025-12-25T18:00:00+01:00""}, {""begin"": ""2025-12-26T10:00:00+01:00"", ""end"": ""2025-12-26T18:00:00+01:00""}, {""begin"": ""2025-12-27T10:00:00+01:00"", ""end"": ""2025-12-27T18:00:00+01:00""}, {""begin"": ""2025-12-28T10:00:00+01:00"", ""end"": ""2025-12-28T18:00:00+01:00""}, {""begin"": ""2025-12-29T10:00:00+01:00"", ""end"": ""2025-12-29T18:00:00+01:00""}, {""begin"": ""2025-12-31T10:00:00+01:00"", ""end"": ""2025-12-31T18:00:00+01:00""}, {""begin"": ""2026-01-01T10:00:00+01:00"", ""end"": ""2026-01-01T18:00:00+01:00""}, {""begin"": ""2026-01-02T10:00:00+01:00"", ""end"": ""2026-01-02T18:00:00+01:00""}, {""begin"": ""2026-01-03T10:00:00+01:00"", ""end"": ""2026-01-03T18:00:00+01:00""}, {""begin"": ""2026-01-04T10:00:00+01:00"", ""end"": ""2026-01-04T18:00:00+01:00""}, {""begin"": ""2026-01-05T10:00:00+01:00"", ""end"": ""2026-01-05T18:00:00+01:00""}, {""begin"": ""2026-01-07T10:00:00+01:00"", ""end"": ""2026-01-07T18:00:00+01:00""}, {""begin"": ""2026-01-08T10:00:00+01:00"", ""end"": ""2026-01-08T18:00:00+01:00""}, {""begin"": ""2026-01-09T10:00:00+01:00"", ""end"": ""2026-01-09T18:00:00+01:00""}, {""begin"": ""2026-01-10T10:00:00+01:00"", ""end"": ""2026-01-10T18:00:00+01:00""}, {""begin"": ""2026-01-11T10:00:00+01:00"", ""end"": ""2026-01-11T18:00:00+01:00""}, {""begin"": ""2026-01-12T10:00:00+01:00"", ""end"": ""2026-01-12T18:00:00+01:00""}]",Centre Pompidou - Metz,"1 parvis des droits de l'Homme, Metz",57000,Metz,Moselle,Grand Est,,,,"{""id"": 1, ""label"": {""fr"": ""Sur place"", ""en"": ""In situ"", ""it"": ""In presenza"", ""es"": ""Desconnectad"", ""de"": ""Offline"", ""br"": ""War al lec\u2019h"", ""io"": ""crwdns14266:0crwdne14266:0"", ""oc"": ""Sus pla\u00e7a""}}",,"[{""type"": ""link"", ""value"": ""https://billetterie.centrepompidou-metz.fr/selection/timeslotpass?productId=10229309087096""}]"
65025581,https://openagenda.com/culture/events/magie-musicale-le-21-septembre-de-15h-a-16h,Visite guidée : la magie musicale,Un lieu qui fêtera ses 100 ans dans moins de quatre ans. Le curé du lieu et les bénévoles de la paroisse ne manqueront pas d’habiller votre visite de façon lumineuse et musicale. Soyez nombreux à la…,"Un lieu qui fêtera ses 100 ans dans moins de quatre ans. Le curé du lieu et les bénévoles de la paroisse ne manqueront pas d’habiller votre visite de façon lumineuse et musicale. Soyez nombreux à venir franchir la porte. L’église néo-gothique du Sablon présente quelques particularités architecturales. Elle est d’abord consacrée au Sacré-Cœur. Nous aurons l’occasion d’observer de plus près le bas-relief du tabernacle, composé de trois parties intéressantes. Une exposition d’objets atypiques évoque le second saint patron de l’église : saint Fiacre.",Gratuit et accessible à tous,,,"Dimanche 21 septembre 2025, 15h00",2025-09-21 13:00:00+00:00,2025-09-21 14:00:00+00:00,"[{""begin"": ""2025-09-21T15:00:00+02:00"", ""end"": ""2025-09-21T16:00:00+02:00""}]",Église Saint-Fiacre,"87 rue de la chapelle, 57000 Metz",57000,Metz,Moselle,Grand Est,,,,"{""id"": 1, ""label"": {""fr"": ""Sur place"", ""en"": ""In situ"", ""it"": ""In presenza"", ""es"": ""Desconnectad"", ""de"": ""Offline"", ""br"": ""War al lec\u2019h"", ""io"": ""crwdns14266:0crwdne14266:0"", ""oc"": ""Sus pla\u00e7a""}}",,
6155834,https://openagenda.com/culture/events/visite-ludique-de-la-gare-de-metz,Explorez la gare de Metz en famille,"Partez à la découverte de la gare de Metz à travers un parcours spécialement conçu pour éveiller la curiosité des plus jeunes. Entre anecdotes, détails architecturaux surprenants et récits adaptés, à…","Partez à la découverte de la gare de Metz à travers un parcours spécialement conçu pour éveiller la curiosité des plus jeunes. Entre anecdotes, détails architecturaux surprenants et récits adaptés, les enfants plongent dans l’histoire fascinante de ce lieu emblématique tout en s’amusant. Un moment ludique à partager.",Visite de 30 minutes adaptée aux enfants niveau Primaire (6 à 11 ans). 15 enfants maximum.,,,20 et 21 septembre 2025,2025-09-20 12:00:00+00:00,2025-09-21 15:00:00+00:00,"[{""begin"": ""2025-09-20T14:00:00+02:00"", ""end"": ""2025-09-20T17:00:00+02:00""}, {""begin"": ""2025-09-21T14:00:00+02:00"", ""end"": ""2025-09-21T17:00:00+02:00""}]",Gare,"Place du Général de Gaulle, 57000 Metz",57000,Metz,Moselle,Grand Est,,,,"{""id"": 1, ""label"": {""fr"": ""Sur place"", ""en"": ""In situ"", ""it"": ""In presenza"", ""es"": ""Desconnectad"", ""de"": ""Offline"", ""br"": ""War al lec\u2019h"", ""io"": ""crwdns14266:0crwdne14266:0"", ""oc"": ""Sus pla\u00e7a""}}",,"[{""type"": ""link"", ""value"": ""https://affluences.com/fr/""}]"
64225806,https://openagenda.com/culture/events/visite-libre-de-leglise-saint-martin-aux-champs-1529321,Visite de l’une des plus anciennes paroisses de Metz,"Plongez au cœur de l’histoire en découvrant librement l’église Saint-Martin-aux-Champs, un joyau du patrimoine religieux. Cette visite vous invite dans ce lieu chargé de mémoire, dont les origines au…","Plongez au cœur de l’histoire en découvrant librement l’église Saint-Martin-aux-Champs, un joyau du patrimoine religieux. Cette visite vous invite dans ce lieu chargé de mémoire, dont les origines remontent au Moyen Âge.",,,,20 et 21 septembre 2025,2025-09-20 09:00:00+00:00,2025-09-21 16:00:00+00:00,"[{""begin"": ""2025-09-20T11:00:00+02:00"", ""end"": ""2025-09-20T18:00:00+02:00""}, {""begin"": ""2025-09-21T12:00:00+02:00"", ""end"": ""2025-09-21T18:00:00+02:00""}]",Église Saint-Martin-aux-Champs,"25 rue des Huiliers, 57000 Metz",57000,Metz,Moselle,Grand Est,,,,"{""id"": 1, ""label"": {""fr"": ""Sur place"", ""en"": ""In situ"", ""it"": ""In presenza"", ""es"": ""Desconnectad"", ""de"": ""Offline"", ""br"": ""War al lec\u2019h"", ""io"": ""crwdns14266:0crwdne14266:0"", ""oc"": ""Sus pla\u00e7a""}}",,
81767528,https://openagenda.com/biblis-en-folie-2025/events/fresque-de-la-pate-a-tartiner,Fresque de la pâte à tartiner,"Cet atelier permet de sensibiliser au décodage de la malbouffe et aux enjeux environnementaux liés à notre alimentation, en déconstruisant l’univers de la pâte à tartiner chocolatée si prisée des et …","Cet atelier permet de sensibiliser au décodage de la malbouffe et aux enjeux environnementaux liés à notre alimentation, en déconstruisant l’univers de la pâte à tartiner chocolatée si prisée des petits et des grands. Quizz, jeux et échanges seront au rendez-vous.",Familles dès 6 ans,,,"Samedi 4 octobre 2025, 10h00",2025-10-04 08:00:00+00:00,2025-10-04 09:30:00+00:00,"[{""begin"": ""2025-10-04T10:00:00+02:00"", ""end"": ""2025-10-04T11:30:00+02:00""}]",Médiathèque Du Sablon,4-6 rue des Robert 57000 Metz,57000,Metz,Moselle,Grand Est,['handicap moteur'],,,"{""id"": 1, ""label"": {""fr"": ""Sur place"", ""en"": ""In situ"", ""it"": ""In presenza"", ""es"": ""Desconnectad"", ""de"": ""Offline"", ""br"": ""War al lec\u2019h"", ""io"": ""crwdns14266:0crwdne14266:0"", ""oc"": ""Sus pla\u00e7a"", ""nl"": ""Ter plaatse""}}",,"[{""type"": ""email"", ""value"": ""servicesauxpublics@mairie-metz.fr""}]"
6325486,https://openagenda.com/francetravail/events/la-poste-recrute-pour-sa-plateforme-de-tri-metz-pagny-les-goins-4222025,La Poste recrute pour sa plateforme de tri Metz - Pagny Les Goin,La plateforme de tri de la Poste de Pagny les Goin (20 kms de Metz sans desserte par transport collectif) recrute ses futurs agents de tri courrier. Vous serez formé au métier via un contrat de pr...,"La plateforme de tri de la Poste de Pagny les Goin (20 kms de Metz sans desserte par transport collectif) recrute ses futurs agents de tri courrier. Vous serez formé au métier via un contrat de professionnalisation. Plusieurs postes sont à pourvoir sur différents créneaux horaires (nuit, matin ou après-midi). Venez à la rencontre de l'employeur dans le cadre d'une réunion d'information présentant les postes à pourvoir, les contrats proposés ainsi que les modalités de recrutement.",,"[""Réunion d'information"", '#TousMobilisés', 'Recrutement sans CV', 'Tout public', 'Rencontre recruteur', ""Opportunité d'emploi"", 'CDD', 'Contrat en alternance', 'Formation assurée', 'Formation financée', 'Temps complet', 'en physique']",,"Lundi 15 septembre 2025, 09h30",2025-09-15 07:30:00+00:00,2025-09-15 09:00:00+00:00,"[{""begin"": ""2025-09-15T09:30:00+02:00"", ""end"": ""2025-09-15T11:00:00+02:00""}]",Agence METZ SEBASTOPOL,57070 Metz,57070,Metz,Moselle,Grand Est,,,,"{""id"": 1, ""label"": {""fr"": ""Sur place"", ""en"": ""In situ"", ""it"": ""In presenza"", ""es"": ""Desconnectad"", ""de"": ""Offline"", ""br"": ""War al lec\u2019h"", ""io"": ""crwdns14266:0crwdne14266:0"", ""oc"": ""Sus pla\u00e7a"", ""nl"": ""Ter plaatse""}}",,"[{""type"": ""link"", ""value"": ""https://mesevenementsemploi.francetravail.fr/mes-evenements-emploi/evenement/490398""}]"
49882986,https://openagenda.com/francetravail/events/forum-emploi-de-la-ville-de-metz-5638247,FORUM EMPLOI DE LA VILLE DE METZ,"La Ville de Metz organise, le mardi 21 octobre prochain, un forum de l'emploi de 14h à 17h dans les salons de l'Hôtel de Ville. Ce forum accueille une cinquantaine d'exposants.","La Ville de Metz organise, le mardi 21 octobre prochain, un forum de l'emploi de 14h à 17h dans les salons de l'Hôtel de Ville. Ce forum accueille une cinquantaine d'exposants. Les secteurs représentés: Industrie, Hôtellerie/Restauration, Commerce, Transport, Bâtiment, Défense, Logistique... Entrée libre",,"['#TousMobilisés', '1 jeune  1 solution', ""Les métiers de l'humain"", 'Découverte secteur / métier', 'Recrutement']",,"Mardi 21 octobre 2025, 16h00",2025-10-21 14:00:00+00:00,2025-10-21 15:00:00+00:00,"[{""begin"": ""2025-10-21T16:00:00+02:00"", ""end"": ""2025-10-21T17:00:00+02:00""}]",Agence METZ GARE,57000 Metz,57000,Metz,Moselle,Grand Est,,,,"{""id"": 1, ""label"": {""fr"": ""Sur place"", ""en"": ""In situ"", ""it"": ""In presenza"", ""es"": ""Desconnectad"", ""de"": ""Offline"", ""br"": ""War al lec\u2019h"", ""io"": ""crwdns14266:0crwdne14266:0"", ""oc"": ""Sus pla\u00e7a"", ""nl"": ""Ter plaatse""}}",,"[{""type"": ""link"", ""value"": ""https://mesevenementsemploi.francetravail.fr/mes-evenements-emploi/evenement/503570""}]"
29897970,https://openagenda.com/francetravail/events/concentrix-recrute-ses-futurs-managers-hf,CONCENTRIX recrute ses futurs managers (H/F),Concentrix recrute ses futurs managers H/F qui seront chargés de superviser une équipe d'une dizaine de téléconseillers.,Concentrix recrute ses futurs managers H/F qui seront chargés de superviser une équipe d'une dizaine de téléconseillers. L'entreprise présentera sa structure implantée sur le Technopole de Metz ainsi que les postes à pourvoir. Un premier entretien sera mené à l'issue de la présentation pour les candidats intéressés. Merci de vous présenter muni(e) d'un CV actualisé.,,"['#TousMobilisés', '1 jeune  1 solution', 'Découverte secteur / métier', 'Recrutement']",,"Lundi 8 décembre 2025, 09h30",2025-12-08 08:30:00+00:00,2025-12-08 10:30:00+00:00,"[{""begin"": ""2025-12-08T09:30:00+01:00"", ""end"": ""2025-12-08T11:30:00+01:00""}]",Agence METZ SEBASTOPOL,57070 Metz,57070,Metz,Moselle,Grand Est,,,,"{""id"": 1, ""label"": {""fr"": ""Sur place"", ""en"": ""In situ"", ""it"": ""In presenza"", ""es"": ""Desconnectad"", ""de"": ""Offline"", ""br"": ""War al lec\u2019h"", ""io"": ""crwdns14266:0crwdne14266:0"", ""oc"": ""Sus pla\u00e7a"", ""nl"": ""Ter plaatse""}}",,"[{""type"": ""link"", ""value"": ""https://mesevenementsemploi.francetravail.fr/mes-evenements-emploi/evenement/542363""}]"
53019927,https://openagenda.com/francetravail/events/formez-vous-et-devenez-coffreur-bancheur,Formez vous et devenez Coffreur Bancheur,Venez rencontrer l'entreprise Adecco afin de découvrir le métier de Coffreur Bancheur.,Venez rencontrer l'entreprise Adecco afin de découvrir le métier de Coffreur Bancheur. Vous pourrez découvrir le dispositif de formation POEI (Préparation opérationnelle à l'emploi individuelle) financé par France Travail qui vous permettra d'acquérir les compétences et qualifications nécessaires pour exercer ce métier. Cette formation se déroulera du 12 janvier au 1er avril 2026 et à l'issue de celle-ci l'entreprise Adecco vous proposera un contrat de travail. Venez rencontrer l'entreprise Ade,,"['1 jeune  1 solution', '#TousMobilisés', 'Recrutement']",,"Mercredi 17 décembre 2025, 09h00",2025-12-17 08:00:00+00:00,2025-12-17 09:30:00+00:00,"[{""begin"": ""2025-12-17T09:00:00+01:00"", ""end"": ""2025-12-17T10:30:00+01:00""}]",Agence METZ BLIDA,57000 Metz,57014,Metz,Moselle,Grand Est,,,,"{""id"": 1, ""label"": {""fr"": ""Sur place"", ""en"": ""In situ"", ""it"": ""In presenza"", ""es"": ""Desconnectad"", ""de"": ""Offline"", ""br"": ""War al lec\u2019h"", ""io"": ""crwdns14266:0crwdne14266:0"", ""oc"": ""Sus pla\u00e7a"", ""nl"": ""Ter plaatse""}}",,"[{""type"": ""link"", ""value"": ""https://mesevenementsemploi.francetravail.fr/mes-evenements-emploi/evenement/542907""}]"
26582801,https://openagenda.com/francetravail/events/chargee-de-clientele-a-distance-concentrix-recrute-9608303,Chargé(e) de clientèle à distance ... CONCENTRIX recrute !,Concentrix recrute ses futurs collaborateurs H/F qui seront chargé(e)s de la relation clients dans le secteur de l'énergie ...,Concentrix recrute ses futurs collaborateurs H/F qui seront chargé(e)s de la relation clients dans le secteur de l'énergie ... Pas de prospection ! Si vous aimez la relation clients et que vous maitrisez le numérique alors rejoignez-nous ! Venez découvrir ce que Concentrix peut vous proposer ... L'entreprise présentera sa structure implantée sur le Technopole de Metz ainsi que les postes à pourvoir. Un premier entretien sera mené à l'issue de la présentation pour les candidats intéressés. Merci,,"['#TousMobilisés', 'Recrutement', 'Découverte secteur / métier']",,"Mercredi 27 mai, 09h00",2026-05-27 07:00:00+00:00,2026-05-27 10:00:00+00:00,"[{""begin"": ""2026-05-27T09:00:00+02:00"", ""end"": ""2026-05-27T12:00:00+02:00""}]",Agence METZ SEBASTOPOL,57070 Metz,57070,Metz,Moselle,Grand Est,,,,"{""id"": 1, ""label"": {""fr"": ""Sur place"", ""en"": ""In situ"", ""it"": ""In presenza"", ""es"": ""Desconnectad"", ""de"": ""Offline"", ""br"": ""War al lec\u2019h"", ""io"": ""crwdns14266:0crwdne14266:0"", ""oc"": ""Sus pla\u00e7a"", ""nl"": ""Ter plaatse""}}",,"[{""type"": ""link"", ""value"": ""https://mesevenementsemploi.francetravail.fr/mes-evenements-emploi/evenement/644126""}]"
41013945,https://openagenda.com/francetravail/events/darty-recrute-ses-charges-de-clientele-technique-lexpertise-au-service-de-la-satisfaction-client,DARTY recrute ses Chargés de clientèle technique : l'expertise au service de la satisfaction client,"Darty, leader français de la réparation, recrute des Chargé de Clientèle Technique en électroménager (H/F) pour son site d'Ennery.","Darty, leader français de la réparation, recrute des Chargé de Clientèle Technique en électroménager (H/F) pour son site d'Ennery. Pour les expérimentés : Une Préparation Opérationnelle à l'Emploi de 3 semaines suivie d'un recrutement immédiat. Pour les débutants : Un contrat en alternance menant à un Titre professionnel de Réparateur Conseil d'Equipements Electriques et Electroniques (RC3E) de niveau IV (Bac pro) reconnu par l'État, avec un recrutement à l'issue de la formation. Missions du Cha",,['Recrutement'],,"Mercredi 1 avril, 14h00",2026-04-01 12:00:00+00:00,2026-04-01 14:00:00+00:00,"[{""begin"": ""2026-04-01T14:00:00+02:00"", ""end"": ""2026-04-01T16:00:00+02:00""}]",Agence METZ BLIDA,57000 Metz,57014,Metz,Moselle,Grand Est,,,,"{""id"": 1, ""label"": {""fr"": ""Sur place"", ""en"": ""In situ"", ""it"": ""In presenza"", ""es"": ""Desconnectad"", ""de"": ""Offline"", ""br"": ""War al lec\u2019h"", ""io"": ""crwdns14266:0crwdne14266:0"", ""oc"": ""Sus pla\u00e7a"", ""nl"": ""Ter plaatse""}}",,"[{""type"": ""link"", ""value"": ""https://mesevenementsemploi.francetravail.fr/mes-evenements-emploi/evenement/631987""}]"
87277220,https://openagenda.com/francetravail/events/vous-etes-debutante-en-langue-francaise-et-vous-souhaitez-acceder-a-un-emploi-avec-une-formation-devenez-employee-commerciale-ou-assist-7835698,Vous êtes débutant/e en langue française et vous souhaitez accéder à un emploi avec une formation ? Devenez Employé(e) Commerciale ou Assist,VOTRE AVENIR DANS LE COMMERCE COMMENCE ICI ! FORMATION EN ALTERNANCE & APPRENTISSAGE Devenez un(e) professionnel(le) qualifié(e) et recherché(e) !,VOTRE AVENIR DANS LE COMMERCE COMMENCE ICI ! FORMATION EN ALTERNANCE & APPRENTISSAGE Devenez un(e) professionnel(le) qualifié(e) et recherché(e) ! 2 Formations Métiers au Choix : Employé(e) Commercial(e) Assistant(e) Manager d'Unité Marchande LE DE LA FORMATION : Des cours de FLE (Français Langue Étrangère) sont directement intégrés au parcours pour vous perfectionner et maîtriser le vocabulaire du commerce ! Conditions d'accès (Critères d'éligibilité) : Âge requis : Être âgé de 16 à 29 ans révo,,"['Métiers du commerce', ""Aides à l'emploi"", 'Découverte secteur / métier', 'Insertion', 'Découverte formation', ""S'informer""]",,"Mardi 23 juin, 10h00",2026-06-23 08:00:00+00:00,2026-06-23 10:00:00+00:00,"[{""begin"": ""2026-06-23T10:00:00+02:00"", ""end"": ""2026-06-23T12:00:00+02:00""}]",Agence METZ SEBASTOPOL,57070 Metz,57070,Metz,Moselle,Grand Est,,,,"{""id"": 1, ""label"": {""fr"": ""Sur place"", ""en"": ""In situ"", ""it"": ""In presenza"", ""es"": ""Desconnectad"", ""de"": ""Offline"", ""br"": ""War al lec\u2019h"", ""io"": ""crwdns14266:0crwdne14266:0"", ""oc"": ""Sus pla\u00e7a"", ""nl"": ""Ter plaatse""}}",,"[{""type"": ""link"", ""value"": ""https://mesevenementsemploi.francetravail.fr/mes-evenements-emploi/evenement/677819""}]"
96398627,https://openagenda.com/francetravail/events/visite-exclusive-decouvrez-les-ateliers-de-fabrication-de-climatiseurs-chez-kuthe,Visite exclusive : Découvrez les ateliers de fabrication de climatiseurs chez KUTHE,Découvrez le métier de frigoriste en atelier chez KUTHE ! Participez à une visite exclusive des ateliers et plongez au coeur du processus de fabrication.,"Découvrez le métier de frigoriste en atelier chez KUTHE ! Participez à une visite exclusive des ateliers et plongez au coeur du processus de fabrication. Vous y découvrirez les missions clés du poste, notamment l'assemblage complet de climatiseurs. Profil recherché : formation technique comme électromécanique (électrotechnique) ou mécanique industrielle ou automatisme ou frigoriste, ou une personne qui a une expérience dans le domaine Cette visite est l'occasion idéale pour rencontrer les équipe",,"['#TousMobilisés', 'Recrutement']",,"Mardi 7 juillet, 09h00",2026-07-07 07:00:00+00:00,2026-07-07 10:00:00+00:00,"[{""begin"": ""2026-07-07T09:00:00+02:00"", ""end"": ""2026-07-07T12:00:00+02:00""}]",Agence METZ BLIDA,57050 Metz,57004,Metz,Moselle,Grand Est,,,,"{""id"": 1, ""label"": {""fr"": ""Sur place"", ""en"": ""In situ"", ""it"": ""In presenza"", ""es"": ""Desconnectad"", ""de"": ""Offline"", ""br"": ""War al lec\u2019h"", ""io"": ""crwdns14266:0crwdne14266:0"", ""oc"": ""Sus pla\u00e7a"", ""nl"": ""Ter plaatse""}}",,"[{""type"": ""link"", ""value"": ""https://mesevenementsemploi.francetravail.fr/mes-evenements-emploi/evenement/688480""}]"
60342365,https://openagenda.com/francetravail/events/atelier-cv-abonnement-aux-offres-carte-de-visite-et-decouverte-espace-personnel-7853784,ATELIER CV/ ABONNEMENT AUX OFFRES/ CARTE DE VISITE ET DECOUVERTE ESPACE PERSONNEL,ATELIER CV/ ABONNEMENT AUX OFFRES/ CARTE DE VISITE ET DECOUVERTE ESPACE PERSONNEL,"ATELIER CV/ ABONNEMENT AUX OFFRES/ CARTE DE VISITE ET DECOUVERTE ESPACE PERSONNEL Vous serez accompagné personnellement par un agent volontaire service civique pour créer, modifier votre CV, créer une carte de visite, rendre visible votre profil par les recruteurs et découvrir toutes les potentialités de votre espace personnel",,['Les outils du numérique'],,"Vendredi 17 juillet, 14h00",2026-07-17 12:00:00+00:00,2026-07-17 13:00:00+00:00,"[{""begin"": ""2026-07-17T14:00:00+02:00"", ""end"": ""2026-07-17T15:00:00+02:00""}]",Agence METZ BLIDA,57000 Metz,57014,Metz,Moselle,Grand Est,,,,"{""id"": 1, ""label"": {""fr"": ""Sur place"", ""en"": ""In situ"", ""it"": ""In presenza"", ""es"": ""Desconnectad"", ""de"": ""Offline"", ""br"": ""War al lec\u2019h"", ""io"": ""crwdns14266:0crwdne14266:0"", ""oc"": ""Sus pla\u00e7a"", ""nl"": ""Ter plaatse""}}",,"[{""type"": ""link"", ""value"": ""https://mesevenementsemploi.francetravail.fr/mes-evenements-emploi/evenement/705169""}]"
12308548,https://openagenda.com/semaine-des-metiers-du-tourisme-2026/events/travel-day-or-journee-dimmersion-or-ecole-superieure-de-tourisme-metz-9253510,Travel Day | Journée d'immersion | École Supérieure de Tourisme – Metz,"Découvrez concrètement les études supérieures et les métiers du tourisme lors d’une journée d’immersion à l’École Supérieure de Tourisme de Metz, en partageant le quotidien de nos étudiants.","Le Travel Day de l’École Supérieure de Tourisme de Metz propose une journée d’immersion pour découvrir concrètement les études et les métiers du tourisme. Les participants partagent le quotidien des étudiants, découvrent l’école, les formations et la vie de campus. Au programme : accueil par les équipes, visite du campus et participation à un cours. Des temps d’échange sont prévus pour poser toutes les questions liées à l’orientation. Une expérience idéale pour se projeter dans ses futures études.",,"['travel day', 'tourisme', 'immersion', 'métiers', 'ateliers', 'Metz']",,"Mercredi 11 février, 09h00",2026-02-11 08:00:00+00:00,2026-02-11 11:00:00+00:00,"[{""begin"": ""2026-02-11T09:00:00+01:00"", ""end"": ""2026-02-11T12:00:00+01:00""}]",École Supérieure de Tourisme Metz,"15bis Rue Dembour, 57000 Metz",57000,Metz,Moselle,Grand Est,,,,"{""id"": 1, ""label"": {""fr"": ""Sur place"", ""en"": ""In situ"", ""it"": ""In presenza"", ""es"": ""Desconnectad"", ""de"": ""Offline"", ""br"": ""War al lec\u2019h"", ""io"": ""crwdns14266:0crwdne14266:0"", ""oc"": ""Sus pla\u00e7a"", ""nl"": ""Ter plaatse""}}",,"[{""type"": ""link"", ""value"": ""https://ecolesuperieuretourisme.fr/evenement/journee-en-immersion-travel-day-sur-le-campus-metz""}]"
71069228,https://openagenda.com/francetravail/events/devenez-cariste-dans-lautomobile-avec-alliance-emploi-et-stellantis,Devenez cariste dans l'automobile avec Alliance Emploi et Stellantis !,Participez à une information collective pour découvrir les opportunités de carrière en tant que cariste dans le secteur automobile !,"Participez à une information collective pour découvrir les opportunités de carrière en tant que cariste dans le secteur automobile ! Alliance Emploi recrute des caristes titulaires des CACES 2B et 3 pour intégrer l'entreprise Stellantis sur le site de Trémery (57) : - CDD de 3 mois renouvelable - Travail posté - Permis B nécessaire - Rémunération sur 13 mois (taux horaire 12,31 ) Rencontrez l'employeur, découvrez les postes à pourvoir et les conditions de travail. Le permis de conduire est deman",,"['Découverte secteur / métier', 'Marché du travail']",,"Mercredi 26 août, 09h00",2026-08-26 07:00:00+00:00,2026-08-26 10:00:00+00:00,"[{""begin"": ""2026-08-26T09:00:00+02:00"", ""end"": ""2026-08-26T12:00:00+02:00""}]",Agence METZ SEBASTOPOL,57070 Metz,57070,Metz,Moselle,Grand Est,,,,"{""id"": 1, ""label"": {""fr"": ""Sur place"", ""en"": ""In situ"", ""it"": ""In presenza"", ""es"": ""Desconnectad"", ""de"": ""Offline"", ""br"": ""War al lec\u2019h"", ""io"": ""crwdns14266:0crwdne14266:0"", ""oc"": ""Sus pla\u00e7a"", ""nl"": ""Ter plaatse""}}",,"[{""type"": ""link"", ""value"": ""https://mesevenementsemploi.francetravail.fr/mes-evenements-emploi/evenement/721847""}]"
80935842,https://openagenda.com/francetravail/events/tessi-recrute-des-teleconseillers-hf-en-cdd-6-mois-a-temps-complet,TESSI recrute des Téléconseillers H/F en CDD 6 mois à temps complet,"TESSI recrute ses futurs collaborateurs H/F pour ses clients Mutuelles. Plusieurs périodes de prise de poste : 31/08, 03/09 et 09/09","TESSI recrute ses futurs collaborateurs H/F pour ses clients Mutuelles. Plusieurs périodes de prise de poste : 31/08, 03/09 et 09/09 Après une présentation de l'entreprise Tessi et des postes à pourvoir, vous serez reçu(e) en entretien individuel. Vous aurez l'occasion de poser toutes vos questions lors de la réunion et de choisir de poursuivre le processus de recrutement. Merci de vous munir d'un CV papier actualisé.",,"['#TousMobilisés', 'Recrutement']",,"Mardi 25 août, 09h00",2026-08-25 07:00:00+00:00,2026-08-25 10:00:00+00:00,"[{""begin"": ""2026-08-25T09:00:00+02:00"", ""end"": ""2026-08-25T12:00:00+02:00""}]",Agence METZ SEBASTOPOL,57070 Metz,57070,Metz,Moselle,Grand Est,,,,"{""id"": 1, ""label"": {""fr"": ""Sur place"", ""en"": ""In situ"", ""it"": ""In presenza"", ""es"": ""Desconnectad"", ""de"": ""Offline"", ""br"": ""War al lec\u2019h"", ""io"": ""crwdns14266:0crwdne14266:0"", ""oc"": ""Sus pla\u00e7a"", ""nl"": ""Ter plaatse""}}",,"[{""type"": ""link"", ""value"": ""https://mesevenementsemploi.francetravail.fr/mes-evenements-emploi/evenement/720061""}]"
62782635,https://openagenda.com/solutionscse/events/direction-la-coupe-du-monde-2026-avec-solutionscse-8952548,Direction la Coupe du Monde 2026 avec SolutionsCSE !,"Cette année, rendez-vous au cœur du plus grand événement footballistique mondial.","Vibrez au rythme de la Coupe du Monde 2026 et laissez-vous porter par l’énergie des États-Unis, la ferveur du Mexique et l’hospitalité du Canada. Tout au long de l’année, plongez dans une aventure internationale mêlant passion, partage et célébration, au service de vos comités d’entreprise. La compétition évolue, et SolutionsCSE aussi. Pour la première fois dans l’histoire, 48 équipes s’affronteront dès le 11 juin 2026. Un chiffre symbolique, puisque 48, c’est également le nombre de salons que SolutionsCSE vous propose tout au long de cette année exceptionnelle. C’est aussi une grande première : trois pays hôtes pour une même Coupe du Monde, offrant l’opportunité unique de découvrir trois cultures riches et complémentaires, réunies autour d’un événement fédérateur.",,,,5 et 6 mars,2026-03-05 08:00:00+00:00,2026-03-06 16:00:00+00:00,"[{""begin"": ""2026-03-05T09:00:00+01:00"", ""end"": ""2026-03-05T17:00:00+01:00""}, {""begin"": ""2026-03-06T09:00:00+01:00"", ""end"": ""2026-03-06T17:00:00+01:00""}]",Metz - Centre de convention du technopôle,Rue de la grange aux Bois 57072 Metz,57072,Metz,Moselle,Grand Est,,,,"{""id"": 1, ""label"": {""fr"": ""Sur place"", ""en"": ""In situ"", ""it"": ""In presenza"", ""es"": ""Desconnectad"", ""de"": ""Offline"", ""br"": ""War al lec\u2019h"", ""io"": ""crwdns14266:0crwdne14266:0"", ""oc"": ""Sus pla\u00e7a"", ""nl"": ""Ter plaatse""}}",,
61404588,https://openagenda.com/apiweek/events/le-rucher-des-3-frontieres-vous-donne-rendez-vous,Le rucher des 3 frontières vous donne rendez-vous,"Profitez de la Foire internationale de Metz et de l'Api'week pour aller à la rencontre de Florent Leg, apiculteur passionné qui propose à la vente une gamme de produits variés.","À l’occasion de la Foire internationale de Metz et de l’Api'week, venez rencontrer le Rucher des Trois Frontières et découvrir le savoir-faire de ses apiculteurs. Une grande variété de miels sera proposée à la vente, notamment des miels de tilleul, de lavande, de sapin, de printemps, de forêt et de châtaignier. Une belle occasion d’échanger avec des professionnels et de découvrir toute la richesse des saveurs de la ruche.","Entrée adultes : 8,50 €
CSE, carte famille nombreuse, ou justificatif d’un titre de taxi ou de transport en commun : 7 €
– de 12 ans et PMR : gratuit",,,2 - 5 octobre,2026-10-02 08:00:00+00:00,2026-10-05 15:00:00+00:00,"[{""begin"": ""2026-10-02T10:00:00+02:00"", ""end"": ""2026-10-02T22:00:00+02:00""}, {""begin"": ""2026-10-03T10:00:00+02:00"", ""end"": ""2026-10-03T22:00:00+02:00""}, {""begin"": ""2026-10-04T10:00:00+02:00"", ""end"": ""2026-10-04T17:00:00+02:00""}, {""begin"": ""2026-10-05T10:00:00+02:00"", ""end"": ""2026-10-05T17:00:00+02:00""}]",Parc des expositions de l'Euro-Métropole de Metz,Rue de la Grange aux bois 57072 Metz France,57070,Metz,Moselle,Grand Est,['handicap moteur'],,,"{""id"": 1, ""label"": {""fr"": ""Sur place"", ""en"": ""In situ"", ""it"": ""In presenza"", ""es"": ""Desconnectad"", ""de"": ""Offline"", ""br"": ""War al lec\u2019h"", ""io"": ""crwdns14266:0crwdne14266:0"", ""oc"": ""Sus pla\u00e7a"", ""nl"": ""Ter plaatse""}}",,
2623936,https://openagenda.com/francetravail/events/prestation-parcours-insertion-primo-arrivants-5279305,"Prestation ""parcours insertion primo-arrivants""",Prestation d'accompagnement animée par l'APEF : Public concerné : Personnes primo-arrivantes ayant signé un Contrat d'Intégration Républicaine (CIR).,Prestation d'accompagnement animée par l'APEF : Public concerné : Personnes primo-arrivantes ayant signé un Contrat d'Intégration Républicaine (CIR). Durée 3 mois à temps partiel à compter du 05/10/26 Contenu de la prestation : Apprentissage du français. Travail sur le projet professionnel. Réalisation du CV. Périodes d'immersion en milieu professionnel.,,"['Parcours d intégration', 'Insertion']",,"Vendredi 18 septembre, 13h30",2026-09-18 11:30:00+00:00,2026-09-18 13:30:00+00:00,"[{""begin"": ""2026-09-18T13:30:00+02:00"", ""end"": ""2026-09-18T15:30:00+02:00""}]",Agence METZ GARE,57000 Metz,57000,Metz,Moselle,Grand Est,,,,"{""id"": 1, ""label"": {""fr"": ""Sur place"", ""en"": ""In situ"", ""it"": ""In presenza"", ""es"": ""Desconnectad"", ""de"": ""Offline"", ""br"": ""War al lec\u2019h"", ""io"": ""crwdns14266:0crwdne14266:0"", ""oc"": ""Sus pla\u00e7a"", ""nl"": ""Ter plaatse""}}",,"[{""type"": ""link"", ""value"": ""https://mesevenementsemploi.francetravail.fr/mes-evenements-emploi/evenement/726189""}]"
8334764,https://openagenda.com/culture/events/les-mysteres-de-larchitecture-medievale,Les mystères de l'architecture médiévale,"L’association Héraudie Messine propose des reconstitutions historiques en habits du Moyen Âge. Ateliers, combats, théâtre… il y en aura pour tous les goûts à la porte des Allemands. Cette année, nos…","L’association Héraudie Messine propose des reconstitutions historiques en habits du Moyen Âge. Ateliers, combats, théâtre… il y en aura pour tous les goûts à la porte des Allemands. Cette année, nos « hérauts » nous feront découvrir, entre autres, les mystères de l’architecture médiévale.",,,,20 et 21 septembre,2025-09-20 09:00:00+00:00,2025-09-21 16:00:00+00:00,"[{""begin"": ""2025-09-20T11:00:00+02:00"", ""end"": ""2025-09-20T18:00:00+02:00""}, {""begin"": ""2025-09-21T11:00:00+02:00"", ""end"": ""2025-09-21T18:00:00+02:00""}]",Porte des Allemands,"Boulevard André Maginot, 57000 Metz",57000,Metz,Moselle,Grand Est,,,,"{""id"": 1, ""label"": {""fr"": ""Sur place"", ""en"": ""In situ"", ""it"": ""In presenza"", ""es"": ""Desconnectad"", ""de"": ""Offline"", ""br"": ""War al lec\u2019h"", ""io"": ""crwdns14266:0crwdne14266:0"", ""oc"": ""Sus pla\u00e7a""}}",,
87087473,https://openagenda.com/semaine-industrie-2025/events/mrs-operateur-de-production-9922027,MRS OPERATEUR DE PRODUCTION,Vous souhaitez travailler dans le milieu industriel en tant qu'opérateur de production. Pas de prérequis. Présentation des postes et de la méthode de recrutement par simulation.,Vous souhaitez travailler dans le milieu industriel en tant qu'opérateur de production. Pas de prérequis. Présentation des postes et de la méthode de recrutement par simulation. Présentation de l'entreprise STELLANTIS avec L'agence intérim SYNERGIE et des postes d'opérateurs de Production ainsi que de la MRS ( Méthode de recrutement par Simulation) et convocation aux exercices.,,"['1 jeune  1 solution', '#TousMobilisés', ""La semaine de l'industrie"", 'Marché du travail', 'Recrutement', 'Découverte secteur / métier']",,"Mercredi 5 novembre 2025, 10h30",2025-11-05 09:30:00+00:00,2025-11-05 11:00:00+00:00,"[{""begin"": ""2025-11-05T10:30:00+01:00"", ""end"": ""2025-11-05T12:00:00+01:00""}]",Metz - Agence HAYANGE,57070 Metz,57070,Metz,Moselle,Grand Est,,,,"{""id"": 1, ""label"": {""fr"": ""Sur place"", ""en"": ""In situ"", ""it"": ""In presenza"", ""es"": ""Desconnectad"", ""de"": ""Offline"", ""br"": ""War al lec\u2019h"", ""io"": ""crwdns14266:0crwdne14266:0"", ""oc"": ""Sus pla\u00e7a""}}",,"[{""type"": ""link"", ""value"": ""https://mesevenementsemploi.francetravail.fr/mes-evenements-emploi/evenement/520792""}]"
51159582,https://openagenda.com/culture/events/visite-libre-galerie-jours-de-lune-6629925,Visite de la Galerie Jours de Lune,Silence de pierre.,"Silence de pierre. La photographie saisit ce que l’histoire de l’art nomme « absence animée » : un silence habité où le temps et la forme se confondent. Entre ombre et lumière, le regard cherche le souffle ancien qui les fait naître, et que seul le silence de la pierre murmure encore. Exposition visible depuis l’extérieur de la galerie, en dehors des horaires d’ouverture.",,,,20 et 21 septembre 2025,2025-09-20 06:00:00+00:00,2025-09-21 18:00:00+00:00,"[{""begin"": ""2025-09-20T08:00:00+02:00"", ""end"": ""2025-09-20T20:00:00+02:00""}, {""begin"": ""2025-09-21T08:00:00+02:00"", ""end"": ""2025-09-21T20:00:00+02:00""}]",Galerie Jours de Lune,"5 rue de l'Arsenal, 57000 Metz",57014,Metz,Moselle,Grand Est,"['handicap moteur', 'handicap auditif']",,,"{""id"": 1, ""label"": {""fr"": ""Sur place"", ""en"": ""In situ"", ""it"": ""In presenza"", ""es"": ""Desconnectad"", ""de"": ""Offline"", ""br"": ""War al lec\u2019h"", ""io"": ""crwdns14266:0crwdne14266:0"", ""oc"": ""Sus pla\u00e7a""}}",,
46338690,https://openagenda.com/culture/events/centre-de-ressources-1035401,Centre de ressources : informations et programme,"Animé par le service ""Patrimoine culturel"" de la ville, le centre de ressources sous chapiteau accueille et informe le public sur le déroulement et le programme des ""Journées européennes du…","Animé par le service ""Patrimoine culturel"" de la ville, le centre de ressources sous chapiteau accueille et informe le public sur le déroulement et le programme des ""Journées européennes du patrimoine"".",,,,20 et 21 septembre 2025,2025-09-20 09:00:00+00:00,2025-09-21 16:00:00+00:00,"[{""begin"": ""2025-09-20T11:00:00+02:00"", ""end"": ""2025-09-20T18:00:00+02:00""}, {""begin"": ""2025-09-21T11:00:00+02:00"", ""end"": ""2025-09-21T18:00:00+02:00""}]",Place d'Armes,"Place d'Armes, 57000 Metz",57014,Metz,Moselle,Grand Est,,,,"{""id"": 1, ""label"": {""fr"": ""Sur place"", ""en"": ""In situ"", ""it"": ""In presenza"", ""es"": ""Desconnectad"", ""de"": ""Offline"", ""br"": ""War al lec\u2019h"", ""io"": ""crwdns14266:0crwdne14266:0"", ""oc"": ""Sus pla\u00e7a""}}",,
47468834,https://openagenda.com/culture/events/visite-libre-bibliotheques-mediatheques-de-metz-verlaine,Visite de la bibliothèque-médiathèque de Verlaine,"Venez découvrir la bibliothèque-médiathèque de Metz, un lieu vivant de culture, de savoir et de rencontres, qui propose à tous les publics un large choix de livres, de ressources numériques, et tout…","Venez découvrir la bibliothèque-médiathèque de Metz, un lieu vivant de culture, de savoir et de rencontres, qui propose à tous les publics un large choix de livres, de ressources numériques, d’expositions et d’animations tout au long de l’année.",,,,20 et 21 septembre 2025,2025-09-20 08:00:00+00:00,2025-09-21 16:00:00+00:00,"[{""begin"": ""2025-09-20T10:00:00+02:00"", ""end"": ""2025-09-20T18:00:00+02:00""}, {""begin"": ""2025-09-21T14:00:00+02:00"", ""end"": ""2025-09-21T18:00:00+02:00""}]",Médiathèque Verlaine,"1 place de la Bibliothèque, 57000 Metz",57014,Metz,Moselle,Grand Est,,,,"{""id"": 1, ""label"": {""fr"": ""Sur place"", ""en"": ""In situ"", ""it"": ""In presenza"", ""es"": ""Desconnectad"", ""de"": ""Offline"", ""br"": ""War al lec\u2019h"", ""io"": ""crwdns14266:0crwdne14266:0"", ""oc"": ""Sus pla\u00e7a""}}",,
31598224,https://openagenda.com/culture/events/atelier-prenez-en-de-la-graine-72002,Atelier enfant : «Prenez-en de la graine!»,Explorez la nature dans les œuvres et confectionnez des bombes de graines à semer au gré de vos envies !,Explorez la nature dans les œuvres et confectionnez des bombes de graines à semer au gré de vos envies !,"Enfants de 7 à 12 ans, accompagnés d'un adulte. Ouverture des réservations le 20 août 2025.",,,"Dimanche 21 septembre 2025, 10h30",2025-09-21 08:30:00+00:00,2025-09-21 10:00:00+00:00,"[{""begin"": ""2025-09-21T10:30:00+02:00"", ""end"": ""2025-09-21T12:00:00+02:00""}]",Musée de La Cour d'Or - Eurométropole,"2 rue du haut-poirier, 57000 Metz",57000,Metz,Moselle,Grand Est,,,,"{""id"": 1, ""label"": {""fr"": ""Sur place"", ""en"": ""In situ"", ""it"": ""In presenza"", ""es"": ""Desconnectad"", ""de"": ""Offline"", ""br"": ""War al lec\u2019h"", ""io"": ""crwdns14266:0crwdne14266:0"", ""oc"": ""Sus pla\u00e7a""}}",,"[{""type"": ""link"", ""value"": ""https://demarches.services.eurometropolemetz.eu/musee-de-la-cour-d-or/s-inscrire-a-un-atelier-famille-du-musee-de-la-cour-d-or/""}]"
85108377,https://openagenda.com/culture/events/visite-libre-musee-de-la-cour-dor,"Découvrez un musée d'art et d'histoire, musée de France",Venez découvrir le musée de la Cour d'Or en visite libre.,Venez découvrir le musée de la Cour d'Or en visite libre.,Visite libre.,,,20 et 21 septembre 2025,2025-09-20 08:00:00+00:00,2025-09-21 16:00:00+00:00,"[{""begin"": ""2025-09-20T10:00:00+02:00"", ""end"": ""2025-09-20T12:45:00+02:00""}, {""begin"": ""2025-09-20T14:00:00+02:00"", ""end"": ""2025-09-20T18:00:00+02:00""}, {""begin"": ""2025-09-21T10:00:00+02:00"", ""end"": ""2025-09-21T12:45:00+02:00""}, {""begin"": ""2025-09-21T14:00:00+02:00"", ""end"": ""2025-09-21T18:00:00+02:00""}]",Musée de La Cour d'Or - Eurométropole,"2 rue du haut-poirier, 57000 Metz",57000,Metz,Moselle,Grand Est,,,,"{""id"": 1, ""label"": {""fr"": ""Sur place"", ""en"": ""In situ"", ""it"": ""In presenza"", ""es"": ""Desconnectad"", ""de"": ""Offline"", ""br"": ""War al lec\u2019h"", ""io"": ""crwdns14266:0crwdne14266:0"", ""oc"": ""Sus pla\u00e7a""}}",,
10084465,https://openagenda.com/francetravail/events/atelier-soin-et-accompagnement,Atelier Soin et Accompagnement,Les métiers du soin et de l'accompagnement sont nombreux de même que les postes à pourvoir. Certains sont rapidement accessibles et pour d'autres nous pouvons vous accompagnez pour vous former. Vous s,Les métiers du soin et de l'accompagnement sont nombreux de même que les postes à pourvoir. Certains sont rapidement accessibles et pour d'autres nous pouvons vous accompagnez pour vous former. Vous souhaitez en savoir plus et découvrir ce qui se passe sur votre territoire? Venez assister à un atelier dans votre agence de Metz Blida et nous pourrons en discuter avec vous.,,"['#TousMobilisés', 'Découverte secteur / métier', 'Découverte formation', 'Recrutement', ""S'informer"", 'Marché du travail']",,"Lundi 29 septembre 2025, 14h00",2025-09-29 12:00:00+00:00,2025-09-29 13:30:00+00:00,"[{""begin"": ""2025-09-29T14:00:00+02:00"", ""end"": ""2025-09-29T15:30:00+02:00""}]",Agence METZ BLIDA,57000 Metz,57014,Metz,Moselle,Grand Est,,,,"{""id"": 1, ""label"": {""fr"": ""Sur place"", ""en"": ""In situ"", ""it"": ""In presenza"", ""es"": ""Desconnectad"", ""de"": ""Offline"", ""br"": ""War al lec\u2019h"", ""io"": ""crwdns14266:0crwdne14266:0"", ""oc"": ""Sus pla\u00e7a"", ""nl"": ""Ter plaatse""}}",,"[{""type"": ""link"", ""value"": ""https://mesevenementsemploi.francetravail.fr/mes-evenements-emploi/evenement/482582""}]"
68211279,https://openagenda.com/francetravail/events/casting-des-talents-recrutement-chez-domitys-agent-daccueil,Casting des Talents - Recrutement chez Domitys agent d'accueil,Et si votre prochain emploi commençait autrement qu'avec un simple CV ?,"Et si votre prochain emploi commençait autrement qu'avec un simple CV ? DOMITYS vous invite à vivre une expérience de recrutement innovante et immersive lors d'une journée exceptionnelle à Metz : le Casting des Talents. Ici, pas de recrutement classique. Cette journée a été pensée pour révéler votre personnalité, votre potentiel et votre façon de collaborer avec les autres. À travers des ateliers, des échanges, des mises en situation et des temps de réflexion collective, vous pourrez montrer qui",,['Recrutement'],,"Jeudi 4 juin, 09h00",2026-06-04 07:00:00+00:00,2026-06-04 10:00:00+00:00,"[{""begin"": ""2026-06-04T09:00:00+02:00"", ""end"": ""2026-06-04T12:00:00+02:00""}]",Agence MONTIGNY LES METZ,57000 Metz,57045,Metz,Moselle,Grand Est,,,,"{""id"": 1, ""label"": {""fr"": ""Sur place"", ""en"": ""In situ"", ""it"": ""In presenza"", ""es"": ""Desconnectad"", ""de"": ""Offline"", ""br"": ""War al lec\u2019h"", ""io"": ""crwdns14266:0crwdne14266:0"", ""oc"": ""Sus pla\u00e7a"", ""nl"": ""Ter plaatse""}}",,"[{""type"": ""link"", ""value"": ""https://mesevenementsemploi.francetravail.fr/mes-evenements-emploi/evenement/671998""}]"
8548951,https://openagenda.com/culture/events/la-classe-loeuvre-au-musee-de-la-cour-dor,"La classe, l'oeuvre ! Au Musée de La Cour d'Or","L’opération « La classe, l’œuvre ! », en partenariat avec le ministère de l’Éducation Nationale et de la Jeunesse, permet à de nombreuses classes et aux musées de France d’élaborer des projets qui,  …","L’opération « La classe, l’œuvre ! », en partenariat avec le ministère de l’Éducation Nationale et de la Jeunesse, permet à de nombreuses classes et aux musées de France d’élaborer des projets qui, lors de la Nuit européenne des musées, favorisent la venue d’un public scolaire et familial. Le Musée de La Cour d’Or, fidèle à cet évènement, a invité en 2026 plusieurs classes, de la maternelle au lycée. Les élèves ont pu explorer la thématique de la nature morte, en découvrant plusieurs oeuvres du musée : une nature morte d’Auguste Migette, un bouquet de fleurs de Marie-Octavie Strurel et une nature morte de Marie-Lucie Cornelius. Ils se sont ensuite attelés à créer leur propre production, dont le résultat sera dévoilé le samedi 23 mai de 19h30 à minuit. Les établissements concernés sont l'école Chatrian 1 Metz Borny, une classe du collège Georges De la Tour, l'école Camille Hilaire, l’école Maternelle des Libellules de Woippy ainsi que le lycée de la communication de Metz",,,,"Samedi 23 mai, 19h30",2026-05-23 17:30:00+00:00,2026-05-23 21:59:00+00:00,"[{""begin"": ""2026-05-23T19:30:00+02:00"", ""end"": ""2026-05-23T23:59:00+02:00""}]",Musée de Metz - La Cour d'Or,"2 rue du haut poirier, 57000 Metz, France",57000,Metz,Moselle,Grand Est,,,,"{""id"": 1, ""label"": {""fr"": ""Sur place"", ""en"": ""In situ"", ""it"": ""In presenza"", ""es"": ""Desconnectad"", ""de"": ""Offline"", ""br"": ""War al lec\u2019h"", ""io"": ""crwdns14266:0crwdne14266:0"", ""oc"": ""Sus pla\u00e7a"", ""nl"": ""Ter plaatse""}}",,
92564126,https://openagenda.com/culture/events/visite-libre-de-lexposition-dimanche-sans-fin-maurizio-cattelan-et-la-collection-du-centre-pompidou,"Visite libre de l'exposition ""Dimanche sans fin. Maurizio Cattelan et la collection du Centre Pompidou""","Depuis son ouverture en mai dernier pour les 15 ans du Centre Pompidou-Metz, l’exposition Dimanche sans fin a rencontré un succès public exceptionnel. L’exposition présente une sélection de 400 des…","Depuis son ouverture en mai dernier pour les 15 ans du Centre Pompidou-Metz, l’exposition Dimanche sans fin a rencontré un succès public exceptionnel. L’exposition présente une sélection de 400 œuvres issues des collections du Centre Pompidou en dialogue avec 40 créations de Maurizio Cattelan, le tout dans une atmosphère joyeuse et subversive.",Entrée libre,,,19 et 20 septembre,2026-09-19 08:00:00+00:00,2026-09-20 17:00:00+00:00,"[{""begin"": ""2026-09-19T10:00:00+02:00"", ""end"": ""2026-09-19T19:00:00+02:00""}, {""begin"": ""2026-09-20T10:00:00+02:00"", ""end"": ""2026-09-20T19:00:00+02:00""}]",Centre Pompidou - Metz,"1 parvis des droits de l'homme, 57000 Metz, France",57000,Metz,Moselle,Grand Est,,,,"{""id"": 1, ""label"": {""fr"": ""Sur place"", ""en"": ""In situ"", ""it"": ""In presenza"", ""es"": ""Desconnectad"", ""de"": ""Offline"", ""br"": ""War al lec\u2019h"", ""io"": ""crwdns14266:0crwdne14266:0"", ""oc"": ""Sus pla\u00e7a"", ""nl"": ""Ter plaatse""}}",,
33625545,https://openagenda.com/francetravail/events/veolia-recrute-formation-canalisateur-a-metz-postulez-des-maintenant,VEOLIA recrute : Formation canalisateur à Metz - Postulez dès maintenant !,Rejoignez VEOLIA pour une formation qualifiante de canalisateur à Metz ! Apprenez à réparer et améliorer les réseaux d'eau potable et d'eaux usées.,"Rejoignez VEOLIA pour une formation qualifiante de canalisateur à Metz ! Apprenez à réparer et améliorer les réseaux d'eau potable et d'eaux usées. Vous travaillerez en extérieur, poserez des canalisations, construirez des ouvrages hydrauliques, et effectuerez des opérations de maintenance. Cette formation est parfaite pour ceux qui aiment le travail manuel, en équipe, et qui sont motivés. Pour être éligible, vous devez avoir entre 16 et 25 ans. Lancez votre carrière avec VEOLIA dans un domaine",,"['L alternance', '#TousMobilisés', '1 jour', '1 formation', 'Recrutement', 'Marché du travail']",,"Mardi 7 juillet, 10h30",2026-07-07 08:30:00+00:00,2026-07-07 10:30:00+00:00,"[{""begin"": ""2026-07-07T10:30:00+02:00"", ""end"": ""2026-07-07T12:30:00+02:00""}]",Agence METZ GARE,57000 Metz,57000,Metz,Moselle,Grand Est,,,,"{""id"": 1, ""label"": {""fr"": ""Sur place"", ""en"": ""In situ"", ""it"": ""In presenza"", ""es"": ""Desconnectad"", ""de"": ""Offline"", ""br"": ""War al lec\u2019h"", ""io"": ""crwdns14266:0crwdne14266:0"", ""oc"": ""Sus pla\u00e7a"", ""nl"": ""Ter plaatse""}}",,"[{""type"": ""link"", ""value"": ""https://mesevenementsemploi.francetravail.fr/mes-evenements-emploi/evenement/695556""}]"
71315184,https://openagenda.com/solutionscse/events/snookball-foot-billard-geant,SNOOKBALL Foot Billard Géant,un mélange de foot et de billard ce joue en équipe de 2 Contre 2,"⚽🎱 Le Snookball Le Snookball est un concept original qui mélange le football et le billard pour une animation à la fois ludique, sportive et conviviale. 📏 Terrain de 3 mètres x 7 mètres, reproduisant l’univers d’une table de billard géante. 👥 Format de jeu : Se joue en équipe de 2 contre 2 Règles simples et rapides à comprendre",,,,5 et 6 mars,2026-03-05 08:00:00+00:00,2026-03-06 16:00:00+00:00,"[{""begin"": ""2026-03-05T09:00:00+01:00"", ""end"": ""2026-03-05T17:00:00+01:00""}, {""begin"": ""2026-03-06T09:00:00+01:00"", ""end"": ""2026-03-06T17:00:00+01:00""}]",Metz - Centre de convention du technopôle,Rue de la grange aux Bois 57072 Metz,57072,Metz,Moselle,Grand Est,,,,"{""id"": 1, ""label"": {""fr"": ""Sur place"", ""en"": ""In situ"", ""it"": ""In presenza"", ""es"": ""Desconnectad"", ""de"": ""Offline"", ""br"": ""War al lec\u2019h"", ""io"": ""crwdns14266:0crwdne14266:0"", ""oc"": ""Sus pla\u00e7a"", ""nl"": ""Ter plaatse""}}",,
29363621,https://openagenda.com/culture/events/concert-de-la-maitrise-de-la-cathedrale,Concert de la maîtrise de la Cathédrale,Un concert sera présenté en cohérence avec le thème retenu cette année.,"Un concert sera présenté en cohérence avec le thème retenu cette année, par les Enfants de la maîtrise de la Cathédrale.",,,,"Samedi 20 septembre 2025, 15h00",2025-09-20 13:00:00+00:00,2025-09-20 14:00:00+00:00,"[{""begin"": ""2025-09-20T15:00:00+02:00"", ""end"": ""2025-09-20T16:00:00+02:00""}]",Ancienne abbaye Sainte-Glossinde,"15 Pl. Sainte-Glossinde, 57000 Metz, France",57000,Metz,Moselle,Grand Est,"['handicap visuel', 'handicap intellectuel', 'handicap psychique', 'handicap auditif', 'handicap moteur']",,,"{""id"": 1, ""label"": {""fr"": ""Sur place"", ""en"": ""In situ"", ""it"": ""In presenza"", ""es"": ""Desconnectad"", ""de"": ""Offline"", ""br"": ""War al lec\u2019h"", ""io"": ""crwdns14266:0crwdne14266:0"", ""oc"": ""Sus pla\u00e7a""}}",,
19743506,https://openagenda.com/culture/events/visite-libre-cpn-les-coquelicots,Découverte libre d’un espace naturel préservé au cœur d’un quartier urbain,"Venez visiter l’espace naturel, pédagogique et convivial : un terrain d’un hectare avec potager, bois, verger, mare, prairie et animaux (poules, chèvres, ânes), géré et animé par l’association CPN  à…","Venez visiter l’espace naturel, pédagogique et convivial : un terrain d’un hectare avec potager, bois, verger, mare, prairie et animaux (poules, chèvres, ânes), géré et animé par l’association CPN Coquelicots. Il se situe sur les Hauts de Vallières, à Metz, au cœur de la trame verte et bleue.",,,,"Samedi 20 septembre 2025, 10h00",2025-09-20 08:00:00+00:00,2025-09-20 15:00:00+00:00,"[{""begin"": ""2025-09-20T10:00:00+02:00"", ""end"": ""2025-09-20T17:00:00+02:00""}]",Association Connaître et Protéger la Nature - Les Coquelicots,"Rue des Pins, 57463 Metz",,Metz,Moselle,Grand Est,,,,"{""id"": 1, ""label"": {""fr"": ""Sur place"", ""en"": ""In situ"", ""it"": ""In presenza"", ""es"": ""Desconnectad"", ""de"": ""Offline"", ""br"": ""War al lec\u2019h"", ""io"": ""crwdns14266:0crwdne14266:0"", ""oc"": ""Sus pla\u00e7a""}}",,
84191989,https://openagenda.com/culture/events/50-ans-de-la-fin-de-la-guerre-du-viet-nam,Concert anniversaire - 50 ans de la fin de la guerre du Viêt Nam,"Cinquante ans après la fin de la guerre du Viêt Nam, l’Harmonie municipale de Metz donne vie à Miss Saigon, la célèbre comédie musicale d’Alain Boublil et Claude-Michel Schönberg, qui a ému plus de à…","Cinquante ans après la fin de la guerre du Viêt Nam, l’Harmonie municipale de Metz donne vie à Miss Saigon, la célèbre comédie musicale d’Alain Boublil et Claude-Michel Schönberg, qui a ému plus de trente-huit millions de spectateurs à travers le monde. Son livret s’inspire de Madame Butterfly, l’opéra de Puccini.",Ouverture des réservations le 20 août à 13h.,,,"Samedi 20 septembre 2025, 20h00",2025-09-20 18:00:00+00:00,2025-09-20 19:00:00+00:00,"[{""begin"": ""2025-09-20T20:00:00+02:00"", ""end"": ""2025-09-20T21:00:00+02:00""}]",L'Arsenal Jean-Marie Rausch,"3 avenue Ney, 57000 Metz",,Metz,Moselle,Grand Est,['handicap moteur'],,,"{""id"": 1, ""label"": {""fr"": ""Sur place"", ""en"": ""In situ"", ""it"": ""In presenza"", ""es"": ""Desconnectad"", ""de"": ""Offline"", ""br"": ""War al lec\u2019h"", ""io"": ""crwdns14266:0crwdne14266:0"", ""oc"": ""Sus pla\u00e7a""}}",,"[{""type"": ""link"", ""value"": ""https://www.citemusicale-metz.fr/fr/programmation/saison-25-26/concert/harmonie-municipale-de-metz-6""}]"
90943046,https://openagenda.com/culture/events/visite-libre-de-la-chambre-regionale-des-comptes-grand-est-7122290,Visite de la Chambre régionale des comptes Grand Est,"Les visiteurs pourront rencontrer le personnel de la Chambre régionale des comptes, tout en découvrant les bâtiments et le jardin.","Les visiteurs pourront rencontrer le personnel de la Chambre régionale des comptes, tout en découvrant les bâtiments et le jardin. Le circuit de visite, libre mais fléché, permet d’échanger avec les équipes sur les missions, les contrôles et les métiers de l’institution.","Le dimanche 21 septembre, des moments musicaux (à 11 h, 14 h et 17 h) seront proposés par des étudiants de l’École supérieure d’art de Lorraine.",,,20 et 21 septembre 2025,2025-09-20 08:00:00+00:00,2025-09-21 16:00:00+00:00,"[{""begin"": ""2025-09-20T10:00:00+02:00"", ""end"": ""2025-09-20T18:00:00+02:00""}, {""begin"": ""2025-09-21T10:00:00+02:00"", ""end"": ""2025-09-21T18:00:00+02:00""}]",Chambre régionale des Comptes Grand Est,"3-5 rue de la Citadelle, 57000 Metz",57045,Metz,Moselle,Grand Est,,,,"{""id"": 1, ""label"": {""fr"": ""Sur place"", ""en"": ""In situ"", ""it"": ""In presenza"", ""es"": ""Desconnectad"", ""de"": ""Offline"", ""br"": ""War al lec\u2019h"", ""io"": ""crwdns14266:0crwdne14266:0"", ""oc"": ""Sus pla\u00e7a""}}",,
80398871,https://openagenda.com/culture/events/demonstration-de-taille-de-pierre-6981080,Démonstration de taille de pierre,"Tristan Bor, tailleur de pierre, vous fait découvrir son travail sur des échantillons de pierre de Jaumont.","Tristan Bor, tailleur de pierre, vous fait découvrir son travail sur des échantillons de pierre de Jaumont.",,,,20 et 21 septembre 2025,2025-09-20 12:00:00+00:00,2025-09-21 16:00:00+00:00,"[{""begin"": ""2025-09-20T14:00:00+02:00"", ""end"": ""2025-09-20T18:00:00+02:00""}, {""begin"": ""2025-09-21T14:00:00+02:00"", ""end"": ""2025-09-21T18:00:00+02:00""}]",Porte des Allemands,"Boulevard André Maginot, 57000 Metz",57000,Metz,Moselle,Grand Est,,,,"{""id"": 1, ""label"": {""fr"": ""Sur place"", ""en"": ""In situ"", ""it"": ""In presenza"", ""es"": ""Desconnectad"", ""de"": ""Offline"", ""br"": ""War al lec\u2019h"", ""io"": ""crwdns14266:0crwdne14266:0"", ""oc"": ""Sus pla\u00e7a""}}",,
89232194,https://openagenda.com/francetravail/events/engie-recrute-de-futurs-techniciens-de-maintenance-en-chauffage-en-alternance-sur-metz-et-thionville,ENGIE recrute de futurs techniciens de maintenance en chauffage en alternance sur Metz et Thionville,"ENGIE Home Services (4200 personnes, 250 sites en France) est N 1 en France de l'entretien, du dépannage et de la maintenance des systèmes de chauffage, de climatisation et de production d'eau cha...","ENGIE Home Services (4200 personnes, 250 sites en France) est N 1 en France de l'entretien, du dépannage et de la maintenance des systèmes de chauffage, de climatisation et de production d'eau chaude. Les agences de Metz et Thionville cherchent de futur(e)s Technicien(ne)s en laternance Missions : Être technicien, c'est allier compétences techniques et relationnelles : Vous apportez au client une véritable expertise technique en assurant les entretiens et les dépannages de leurs installations tout en garantissant la sécurité des appareils et des personnes ; Vos avantages à nous rejoindre : - Vous travaillez au sein d'une équipe à taille humaine -Vous bénéficiez de primes commerciales d'un 13éme mois véhicule tickets restaurants Profil : - Vous avez le Permis B. - Vous êtes motivé(e), vous avez un excellent savoir-être et ê l'écoute Une formation sera assurée aux candidats via un contrat de professionnalisation en collaboration avec l'AFPA. Rendez-vous sur le site de France Travail 3 Avenue de Blida à Metz le 10/092025 à 10 heures pour une information sur l'entreprise et les postes à pourvoir avant des entretiens individuels avec votre futur employeur potentiel.",,"['Job dating', '#TousMobilisés', '1 jeune  1 solution', 'Recrutement', 'Tout public', 'Contrat en alternance', 'Rencontre recruteur', 'Temps complet', 'CDI', 'en physique']",,"Mercredi 10 septembre 2025, 10h00",2025-09-10 08:00:00+00:00,2025-09-10 10:00:00+00:00,"[{""begin"": ""2025-09-10T10:00:00+02:00"", ""end"": ""2025-09-10T12:00:00+02:00""}]",Agence METZ BLIDA,57000 Metz,57014,Metz,Moselle,Grand Est,,,,"{""id"": 1, ""label"": {""fr"": ""Sur place"", ""en"": ""In situ"", ""it"": ""In presenza"", ""es"": ""Desconnectad"", ""de"": ""Offline"", ""br"": ""War al lec\u2019h"", ""io"": ""crwdns14266:0crwdne14266:0"", ""oc"": ""Sus pla\u00e7a"", ""nl"": ""Ter plaatse""}}",,"[{""type"": ""link"", ""value"": ""https://mesevenementsemploi.francetravail.fr/mes-evenements-emploi/evenement/489050""}]"
2735308,https://openagenda.com/francetravail/events/reunion-de-recrutement-volontaire-service-civique-pour-france-travail-2328332,REUNION DE RECRUTEMENT VOLONTAIRE SERVICE CIVIQUE POUR FRANCE TRAVAIL,"Vous êtes jeunes, vous appréciez le contact, vous maitrisez les outils numériques et souhaitez participer à une mission utile et qui a du sens.Votre mission consistera à :Accueillir les demandeurs d’e","Vous êtes jeunes, vous appréciez le contact, vous maitrisez les outils numériques et souhaitez participer à une mission utile et qui a du sens.Votre mission consistera à :Accueillir les demandeurs d’emploi et les diriger vers le bon interlocuteur Accompagner les usagers dans l’utilisation des outils numériques de France Travail et des services digitauxÊtre en appui des demandeurs d’emploi inscription, actualisation, promotion des outils numérique de France TravailPour réaliser au mieux votre act",,"['#TousMobilisés', '1 jeune  1 solution', 'Insertion', 'Recrutement']",,"Mercredi 27 août 2025, 15h00",2025-08-27 13:00:00+00:00,2025-08-27 14:00:00+00:00,"[{""begin"": ""2025-08-27T15:00:00+02:00"", ""end"": ""2025-08-27T16:00:00+02:00""}]",Agence METZ BLIDA,57000 Metz,57014,Metz,Moselle,Grand Est,,,,"{""id"": 1, ""label"": {""fr"": ""Sur place"", ""en"": ""In situ"", ""it"": ""In presenza"", ""es"": ""Desconnectad"", ""de"": ""Offline"", ""br"": ""War al lec\u2019h"", ""io"": ""crwdns14266:0crwdne14266:0"", ""oc"": ""Sus pla\u00e7a"", ""nl"": ""Ter plaatse""}}",,"[{""type"": ""link"", ""value"": ""https://mesevenementsemploi.francetravail.fr/mes-evenements-emploi/evenement/483603""}]"
20904975,https://openagenda.com/jep-2025-grand-est/events/quatuors-par-musiciens-de-lorchestre-national-de-metz-grand-est,Quatuor à cordes autour de compositrices oubliées,"Les musiciennes et musiciens de l’Orchestre national de Metz Grand Est rendent hommage aux compositrices, de Fanny Mendelssohn à Noriko Baba. Le programme traverse deux siècles de création, avec Amy…","Les musiciennes et musiciens de l’Orchestre national de Metz Grand Est rendent hommage aux compositrices, de Fanny Mendelssohn à Noriko Baba. Le programme traverse deux siècles de création, avec notamment Amy Beach et Caroline Shaw, pour un concert inédit en quatuor à cordes. Une redécouverte inspirante de figures musicales longtemps restées dans l’ombre.",Gratuit. Entrée sur réservation à partir du 20 août 2025 à 13h,,,"Dimanche 21 septembre, 16h00",2025-09-21 14:00:00+00:00,2025-09-21 15:45:00+00:00,"[{""begin"": ""2025-09-21T16:00:00+02:00"", ""end"": ""2025-09-21T17:45:00+02:00""}]",L'Arsenal Jean-Marie Rausch,"3 avenue Ney, 57000 Metz",,Metz,Moselle,Grand Est,,,,"{""id"": 1, ""label"": {""fr"": ""Sur place"", ""en"": ""In situ"", ""it"": ""In presenza"", ""es"": ""Desconnectad"", ""de"": ""Offline"", ""br"": ""War al lec\u2019h"", ""io"": ""crwdns14266:0crwdne14266:0"", ""oc"": ""Sus pla\u00e7a""}}",,"[{""type"": ""link"", ""value"": ""https://www.citemusicale-metz.fr/fr/programmation/saison-25-26/saint-pierre-aux-nonnains/quatuors""}]"
9421641,https://openagenda.com/francetravail/events/decouvrez-les-metiers-du-transport-marchandises-et-voyageurs-et-de-la-maintenance-pl,"Découvrez les métiers du transport marchandises et voyageurs, et de la maintenance PL !","Dans le cadre de la semaine du transport, venez découvrir les métiers du transport (marchandises, voyageurs) et de la maintenance au centre de formation Promotrans.","Dans le cadre de la semaine du transport, venez découvrir les métiers du transport (marchandises, voyageurs) et de la maintenance au centre de formation Promotrans. Une opportunité unique pour mieux comprendre les enjeux de ce secteur d'activité, échanger avec des experts et vivre une expérience au plus près du terrain. Au programme de la matinée : - Ateliers pratiques et découverte des métiers : vous pourrez monter à bord de véhicules (conduite sur piste) et tester les outils de formation (simu",,"['Métiers du transport et de la logistique', '#TousMobilisés', 'Découverte formation', ""S'informer"", 'Marché du travail', 'Découverte secteur / métier']",,"Lundi 15 juin, 09h00",2026-06-15 07:00:00+00:00,2026-06-15 10:00:00+00:00,"[{""begin"": ""2026-06-15T09:00:00+02:00"", ""end"": ""2026-06-15T12:00:00+02:00""}]",Metz - Agence HAGONDANGE,57050 Metz,57045,Metz,Moselle,Grand Est,,,,"{""id"": 1, ""label"": {""fr"": ""Sur place"", ""en"": ""In situ"", ""it"": ""In presenza"", ""es"": ""Desconnectad"", ""de"": ""Offline"", ""br"": ""War al lec\u2019h"", ""io"": ""crwdns14266:0crwdne14266:0"", ""oc"": ""Sus pla\u00e7a"", ""nl"": ""Ter plaatse""}}",,"[{""type"": ""link"", ""value"": ""https://mesevenementsemploi.francetravail.fr/mes-evenements-emploi/evenement/673658""}]"
45346193,https://openagenda.com/francetravail/events/forum-de-linterim-saisissez-votre-chance-7633015,Forum de l'Intérim: saisissez votre chance!,"Le 29 juin à 13h30 ne manquez pas cet événement unique où plusieurs agences intérimaires seront présentes pour vous proposer des opportunités en mission, en CDD mais aussi en CDI !","Le 29 juin à 13h30 ne manquez pas cet événement unique où plusieurs agences intérimaires seront présentes pour vous proposer des opportunités en mission, en CDD mais aussi en CDI ! Que vous soyez expérimenté ou débutant, diplômé ou non, ce rendez-vous est fait pour vous. Secteurs représentés : Transport, Logistique, BTP, Industrie, Tertiaire, Santé et bien plus encore ! Pour tous les profils : Que vous cherchiez un emploi temporaire ou un poste stable, venez échanger avec des professionnels prêt",,"['#TousMobilisés', 'Recrutement']",,"Lundi 29 juin, 15h30",2026-06-29 13:30:00+00:00,2026-06-29 15:00:00+00:00,"[{""begin"": ""2026-06-29T15:30:00+02:00"", ""end"": ""2026-06-29T17:00:00+02:00""}]",Agence METZ BLIDA,57000 Metz,57014,Metz,Moselle,Grand Est,,,,"{""id"": 1, ""label"": {""fr"": ""Sur place"", ""en"": ""In situ"", ""it"": ""In presenza"", ""es"": ""Desconnectad"", ""de"": ""Offline"", ""br"": ""War al lec\u2019h"", ""io"": ""crwdns14266:0crwdne14266:0"", ""oc"": ""Sus pla\u00e7a"", ""nl"": ""Ter plaatse""}}",,"[{""type"": ""link"", ""value"": ""https://mesevenementsemploi.francetravail.fr/mes-evenements-emploi/evenement/687558""}]"
16225197,https://openagenda.com/francetravail/events/screwfix-leader-du-bricolage-pour-les-pro-recrute-magasins-de-metz-moulins-les-metz-terville,"Screwfix, leader du bricolage pour les Pro, recrute (Magasins de Metz, Moulins les Metz, Terville)","Participez à un job dating exceptionnel organisé par Screwfix, l'enseigne leader en bricolage pour professionnels.","Participez à un job dating exceptionnel organisé par Screwfix, l'enseigne leader en bricolage pour professionnels. Cet événement est spécialement conçu pour recruter des vendeurs superviseurs et des vendeurs comptoir pour leurs nouveaux magasins en France. - 3 vendeurs superviseurs (Metz, Moulins les Metz, Terville) pour seconder le directeur de magasin - un vendeur comptoir pour le magasin de Metz Metman Rencontrez directement les chargés de recrutement et découvrez les opportunités de carrière",,['Recrutement'],,"Jeudi 16 avril, 10h00",2026-04-16 08:00:00+00:00,2026-04-16 15:00:00+00:00,"[{""begin"": ""2026-04-16T10:00:00+02:00"", ""end"": ""2026-04-16T17:00:00+02:00""}]",Agence MONTIGNY LES METZ,57070 Metz,57000,Metz,Moselle,Grand Est,,,,"{""id"": 1, ""label"": {""fr"": ""Sur place"", ""en"": ""In situ"", ""it"": ""In presenza"", ""es"": ""Desconnectad"", ""de"": ""Offline"", ""br"": ""War al lec\u2019h"", ""io"": ""crwdns14266:0crwdne14266:0"", ""oc"": ""Sus pla\u00e7a"", ""nl"": ""Ter plaatse""}}",,"[{""type"": ""link"", ""value"": ""https://mesevenementsemploi.francetravail.fr/mes-evenements-emploi/evenement/637778""}]"
67244256,https://openagenda.com/francetravail/events/lart-dacceder-a-lemploi-et-si-le-theatre-vous-aidait-dans-vos-demarches-1102720,L'Art d'Accéder à l'Emploi : et si le théâtre vous aidait dans vos démarches?,"Vous cherchez à développer votre confiance en vous, à améliorer vos entretiens d'embauche et à renforcer votre aisance relationnelle ?","Vous cherchez à développer votre confiance en vous, à améliorer vos entretiens d'embauche et à renforcer votre aisance relationnelle ? Et si le théâtre vous aidait à y parvenir de manière ludique et bienveillante ? France Travail vous invite à participer à ""L'Art d'Accéder à l'Emploi"", un atelier innovant animé par une troupe de théâtre professionnelle. Pendant une semaine, vous serez accompagné pour travailler sur vos compétences relationnelles et votre présentation, le tout dans une ambiance c",,"[""L'Art d'accéder à l'emploi"", ""S'informer""]",,"Mardi 2 juin, 14h00",2026-06-02 12:00:00+00:00,2026-06-02 13:00:00+00:00,"[{""begin"": ""2026-06-02T14:00:00+02:00"", ""end"": ""2026-06-02T15:00:00+02:00""}]",Agence METZ BLIDA,57000 Metz,57014,Metz,Moselle,Grand Est,,,,"{""id"": 1, ""label"": {""fr"": ""Sur place"", ""en"": ""In situ"", ""it"": ""In presenza"", ""es"": ""Desconnectad"", ""de"": ""Offline"", ""br"": ""War al lec\u2019h"", ""io"": ""crwdns14266:0crwdne14266:0"", ""oc"": ""Sus pla\u00e7a"", ""nl"": ""Ter plaatse""}}",,"[{""type"": ""link"", ""value"": ""https://mesevenementsemploi.francetravail.fr/mes-evenements-emploi/evenement/668588""}]"
16982510,https://openagenda.com/francetravail/events/la-poste-recrute-pour-sa-plateforme-de-tri-metz-pagny-les-goin,La Poste recrute pour sa plateforme de tri Metz - Pagny Les Goin,La plateforme de tri de la Poste de Pagny les Goin (20 kms de Metz sans desserte par transport collectif) recrute ses futurs agents de tri courrier.,"La plateforme de tri de la Poste de Pagny les Goin (20 kms de Metz sans desserte par transport collectif) recrute ses futurs agents de tri courrier. Vous serez formé au métier via un contrat de professionnalisation. Visite du site après la réunion si vous êtes intéressé par le poste. Plusieurs postes sont à pourvoir sur différents créneaux horaires (nuit, matin ou après-midi). Il faut présenter obligatoirement une carte d'identité pour visiter le centre de tri Venez à la rencontre de l'employeu",,"['#TousMobilisés', 'Recrutement sans CV']",,"Mardi 6 janvier, 09h00",2026-01-06 08:00:00+00:00,2026-01-06 10:30:00+00:00,"[{""begin"": ""2026-01-06T09:00:00+01:00"", ""end"": ""2026-01-06T11:30:00+01:00""}]",Agence METZ SEBASTOPOL,57070 Metz,57070,Metz,Moselle,Grand Est,,,,"{""id"": 1, ""label"": {""fr"": ""Sur place"", ""en"": ""In situ"", ""it"": ""In presenza"", ""es"": ""Desconnectad"", ""de"": ""Offline"", ""br"": ""War al lec\u2019h"", ""io"": ""crwdns14266:0crwdne14266:0"", ""oc"": ""Sus pla\u00e7a"", ""nl"": ""Ter plaatse""}}",,"[{""type"": ""link"", ""value"": ""https://mesevenementsemploi.francetravail.fr/mes-evenements-emploi/evenement/545089""}]"
72188544,https://openagenda.com/francetravail/events/devenez-gardienne-dimmeubles-employee-polyvalente-logement-social-7642488,Devenez gardien(ne) d'immeubles / employé(e) polyvalent(e) logement social,Vous souhaitez vous former et trouver un emploi en tant que gardien(ne) d'immeubles /employé(e) polyvalent(e) logement social ? Cette formation est faite pour vous !,"Vous souhaitez vous former et trouver un emploi en tant que gardien(ne) d'immeubles /employé(e) polyvalent(e) logement social ? Cette formation est faite pour vous ! Elle se déroulera à l'AFPA de Metz et vous permettra d'acquérir les compétences nécessaires pour travailler dans ce secteur. Bassins d'emploi concernés : Metz, Thionville, Saint-Avold et Nancy Nord Employeurs concernés : VIVEST, BATIGERE, MOSELIS, EMH (pour la Moselle) et OMH et MMH (pour la Meurthe et Moselle) Dates : du 29/09 au 1",,['Découverte formation'],,"Mercredi 2 septembre, 09h00",2026-09-02 07:00:00+00:00,2026-09-02 10:00:00+00:00,"[{""begin"": ""2026-09-02T09:00:00+02:00"", ""end"": ""2026-09-02T12:00:00+02:00""}]",Agence METZ GARE,57000 Metz,57000,Metz,Moselle,Grand Est,,,,"{""id"": 1, ""label"": {""fr"": ""Sur place"", ""en"": ""In situ"", ""it"": ""In presenza"", ""es"": ""Desconnectad"", ""de"": ""Offline"", ""br"": ""War al lec\u2019h"", ""io"": ""crwdns14266:0crwdne14266:0"", ""oc"": ""Sus pla\u00e7a"", ""nl"": ""Ter plaatse""}}",,"[{""type"": ""link"", ""value"": ""https://mesevenementsemploi.francetravail.fr/mes-evenements-emploi/evenement/728536""}]"
89801714,https://openagenda.com/francetravail/events/salon-agrimax-forum-decouverte-des-metiers-de-la-nature-et-du-vivant,Salon AGRIMAX : Forum découverte des métiers de la nature et du vivant,"A l'occasion du Salon AGRIMAX, l'Euro-Métropole de Metz, l'ANEFA Lorraine, l'APECITA et France Travail organisent une nouvelle édition du Forum des Métiers de la Nature et du Vivant, le jeudi 29 octob","A l'occasion du Salon AGRIMAX, l'Euro-Métropole de Metz, l'ANEFA Lorraine, l'APECITA et France Travail organisent une nouvelle édition du Forum des Métiers de la Nature et du Vivant, le jeudi 29 octobre de 10h30 à 13h30. Sur le stand de l'Eurométropole de Metz : venez échanger avec une vingtaine d'entreprises des secteurs agricole, de l'équipement agricole et du paysage : découvrez leurs métiers et leurs offres d'emploi ou de stage. Sur l'espace Métiers / Emploi / Formation , des structures d'ac",,"['Transition écologique', '#TousMobilisés', ""Métiers de l'agriculture"", 'Découverte secteur / métier', 'Découverte formation', ""S'informer"", 'Recrutement']",,"Jeudi 29 octobre, 09h30",2026-10-29 08:30:00+00:00,2026-10-29 10:00:00+00:00,"[{""begin"": ""2026-10-29T09:30:00+01:00"", ""end"": ""2026-10-29T11:00:00+01:00""}]",Agence METZ BLIDA,57070 Metz,57070,Metz,Moselle,Grand Est,,,,"{""id"": 1, ""label"": {""fr"": ""Sur place"", ""en"": ""In situ"", ""it"": ""In presenza"", ""es"": ""Desconnectad"", ""de"": ""Offline"", ""br"": ""War al lec\u2019h"", ""io"": ""crwdns14266:0crwdne14266:0"", ""oc"": ""Sus pla\u00e7a"", ""nl"": ""Ter plaatse""}}",,"[{""type"": ""link"", ""value"": ""https://mesevenementsemploi.francetravail.fr/mes-evenements-emploi/evenement/727069""}]"
1314145,https://openagenda.com/francenum/events/petit-dejeuner-ia-2-creation-de-contenu-avec-lia,Petit déjeuner IA #2 : Création de contenu avec l'IA,Passer de la création artisanale à la puissance industrielle sans perdre son identité.,"📣 Peako Academy organise un événement dans le cadre de la Semaine de l’IA pour Tous ! 📣 Le 21 mai prochain, nous vous donnons rendez-vous pour notre Petit déjeuner de l'IA #2 ! 🥐☕️ Le thème : Création de contenu avec l’IA — Passer de la création artisanale à la puissance industrielle sans perdre son identité. Le syndrome de la page blanche et les semaines passées à rédiger des fiches produits, c’est terminé. En 2026, le défi n'est plus de savoir s'il faut utiliser l'IA, mais comment le faire sans ressembler à un robot. 🤖 Au programme (08h30 - 10h00) : ✅ Cas concrets : Des exemples réels de transformation digitale. ✅ Démonstrations : Découvrez les outils spécialisés pour l’image, la vidéo et le texte. ✅ Solutions métiers : Apportez vos problématiques (Mode, Tech, Food…) et repartez avec une liste d'outils spécifiques à votre niche. L’objectif : Repartir avec une méthode concrète pour produire plus, plus vite, tout en restant 100% authentique. Ne laissez plus votre contenu au hasard, passez à la vitesse supérieure tout en gardant votre ADN de marque. ✨ 📍 Lieu : Quartier des entrepreneurs, 29 rue de Sarre 57070 Metz 📅 Date : 21 mai 2026 | 08h30/10h 🎟 Inscription : https://peako.academy/date-formation/petit-dejeuner-ia-passer-de-la-creation-artisanale-a-la-puissance-industrielle-sans-perdre-son-identite/ #SemaineIA2026 #PetitDéjeunerIA #IA —- **Du 18 au 24 mai 2026**, partout en France, La Semaine de l’IA pour Tous mobilise citoyens, professionnels, acteurs publics et associatifs pour rendre l’intelligence artificielle plus compréhensible et accessible. Cette initiative nationale est portée notamment par La Mednum, Make.org Fondation et Café IA, aux côtés de nombreux partenaires engagés.",sur inscription,,,"Jeudi 21 mai, 08h30",2026-05-21 06:30:00+00:00,2026-05-21 08:00:00+00:00,"[{""begin"": ""2026-05-21T08:30:00+02:00"", ""end"": ""2026-05-21T10:00:00+02:00""}]",Quartier des entrepreneurs,"29 rue de Sarre, 57070 Metz",57070,Metz,Moselle,Grand Est,"['handicap moteur', 'handicap psychique']",,,"{""id"": 1, ""label"": {""fr"": ""Sur place"", ""en"": ""In situ"", ""it"": ""In presenza"", ""es"": ""Desconnectad"", ""de"": ""Offline"", ""br"": ""War al lec\u2019h"", ""io"": ""crwdns14266:0crwdne14266:0"", ""oc"": ""Sus pla\u00e7a"", ""nl"": ""Ter plaatse""}}",,"[{""type"": ""link"", ""value"": ""https://peako.academy/date-formation/petit-dejeuner-ia-passer-de-la-creation-artisanale-a-la-puissance-industrielle-sans-perdre-son-identite/?occurrence=2026-05-21""}]"
15944242,https://openagenda.com/culture/events/artisanes-5489139,"Artisanes, dans les salons de l’Hôtel de Ville","Les artisanes démontreront leur savoir-faire dans les salons de l’Hôtel de Ville. Venez découvrir les réalisations de Manu’Elle (créatrice d'objets et meubles en carton recyclé), Géraldine Duriaux et…","Les artisanes démontreront leur savoir-faire dans les salons de l’Hôtel de Ville. Venez découvrir les réalisations de Manu’Elle (créatrice d'objets et meubles en carton recyclé), Géraldine Duriaux (verrière d'art), Octone Atelier (ébéniste d'art), Sersialle (plasticienne brodeuse) et Sylvia Martinez Couture Hats (modiste).",,,,20 et 21 septembre 2025,2025-09-20 09:00:00+00:00,2025-09-21 16:00:00+00:00,"[{""begin"": ""2025-09-20T11:00:00+02:00"", ""end"": ""2025-09-20T18:00:00+02:00""}, {""begin"": ""2025-09-21T11:00:00+02:00"", ""end"": ""2025-09-21T18:00:00+02:00""}]",Hôtel de Ville,"Place d'Armes, 57000 Metz",57014,Metz,Moselle,Grand Est,,,,"{""id"": 1, ""label"": {""fr"": ""Sur place"", ""en"": ""In situ"", ""it"": ""In presenza"", ""es"": ""Desconnectad"", ""de"": ""Offline"", ""br"": ""War al lec\u2019h"", ""io"": ""crwdns14266:0crwdne14266:0"", ""oc"": ""Sus pla\u00e7a""}}",,
50593064,https://openagenda.com/culture/events/un-tresor-de-patrimoines,Exposition : « Un trésor de patrimoines »,"L’exposition itinérante « Un trésor de patrimoines, l’Eurométropole de Metz », présentée à l’Hôtel de Ville de Metz du 19 au 21 septembre 2025, s’inscrit dans la démarche de préparation de de Metz à…","L’exposition itinérante « Un trésor de patrimoines, l’Eurométropole de Metz », présentée à l’Hôtel de Ville de Metz du 19 au 21 septembre 2025, s’inscrit dans la démarche de préparation de l’Eurométropole de Metz à l’obtention du label «Pays d’art et d’histoire» pour son territoire.",,,,19 - 21 septembre 2025,2025-09-19 09:00:00+00:00,2025-09-21 16:00:00+00:00,"[{""begin"": ""2025-09-19T11:00:00+02:00"", ""end"": ""2025-09-19T18:00:00+02:00""}, {""begin"": ""2025-09-20T11:00:00+02:00"", ""end"": ""2025-09-20T18:00:00+02:00""}, {""begin"": ""2025-09-21T11:00:00+02:00"", ""end"": ""2025-09-21T18:00:00+02:00""}]",Hôtel de Ville,"Place d'Armes, 57000 Metz",57014,Metz,Moselle,Grand Est,,,,"{""id"": 1, ""label"": {""fr"": ""Sur place"", ""en"": ""In situ"", ""it"": ""In presenza"", ""es"": ""Desconnectad"", ""de"": ""Offline"", ""br"": ""War al lec\u2019h"", ""io"": ""crwdns14266:0crwdne14266:0"", ""oc"": ""Sus pla\u00e7a""}}",,
51525659,https://openagenda.com/culture/events/histoire-and-patrimoine-architectural-de-la-franc-maconnerie-a-metz-et-ailleurs,Histoire & patrimoine architectural de la franc-maçonnerie à Metz et ailleurs,"L’histoire et le patrimoine de la franc-maçonnerie à Metz — et bien au-delà — sont rarement abordés auprès du grand public, les « profanes » par opposition aux initiés de cette communauté. S’agit-il…","L’histoire et le patrimoine de la franc-maçonnerie à Metz — et bien au-delà — sont rarement abordés auprès du grand public, les « profanes » par opposition aux initiés de cette communauté. S’agit-il de dévoiler certains secrets ? D’ailleurs, y en a-t-il vraiment ? L’association « Georges Troispoints » a proposé à Claude Buttner de présenter ce thème lors d’une conférence accompagnée d’une projection. Celle-ci se tiendra dans le salon de Guise de l’Hôtel de Ville de Metz, place d’Armes–Jacques-François-Blondel.",,,,"Samedi 20 septembre 2025, 16h00",2025-09-20 14:00:00+00:00,2025-09-20 15:00:00+00:00,"[{""begin"": ""2025-09-20T16:00:00+02:00"", ""end"": ""2025-09-20T17:00:00+02:00""}]",Hôtel de Ville,"Place d'Armes, 57000 Metz",57014,Metz,Moselle,Grand Est,,,,"{""id"": 1, ""label"": {""fr"": ""Sur place"", ""en"": ""In situ"", ""it"": ""In presenza"", ""es"": ""Desconnectad"", ""de"": ""Offline"", ""br"": ""War al lec\u2019h"", ""io"": ""crwdns14266:0crwdne14266:0"", ""oc"": ""Sus pla\u00e7a""}}",,
75026658,https://openagenda.com/culture/events/visite-libre-latelier-chimerique-latifa-bermes,"Découvrez un atelier de gravure, d’art et d’expressions artistiques",La poésie occupe une place particulière à l’atelier chimérique : elle est le fil conducteur entre toutes les disciplines pratiquées et le regard de l’autre. Elle est la source d’inspiration qui la et…,La poésie occupe une place particulière à l’atelier chimérique : elle est le fil conducteur entre toutes les disciplines pratiquées et le regard de l’autre. Elle est la source d’inspiration qui reflète la réalité intérieure et extérieure de chacun.,,,,20 et 21 septembre 2025,2025-09-20 09:00:00+00:00,2025-09-21 16:00:00+00:00,"[{""begin"": ""2025-09-20T11:00:00+02:00"", ""end"": ""2025-09-20T19:00:00+02:00""}, {""begin"": ""2025-09-21T11:00:00+02:00"", ""end"": ""2025-09-21T18:00:00+02:00""}]",L'Atelier Chimérique - Latifa Bermes,"25 rue Taison, 57000 Metz",,Metz,Moselle,Grand Est,"['handicap visuel', 'handicap intellectuel', 'handicap psychique', 'handicap auditif', 'handicap moteur']",,,"{""id"": 1, ""label"": {""fr"": ""Sur place"", ""en"": ""In situ"", ""it"": ""In presenza"", ""es"": ""Desconnectad"", ""de"": ""Offline"", ""br"": ""War al lec\u2019h"", ""io"": ""crwdns14266:0crwdne14266:0"", ""oc"": ""Sus pla\u00e7a""}}",,
27516398,https://openagenda.com/culture/events/visite-libre-cloitre-des-recollets,Visite du cloître des Récollets,"Installés sur les hauteurs de la colline Sainte-Croix, les Récollets sont le berceau de l’écologie urbaine. Le site regroupe, dans un écrin de verdure, les acteurs associatifs et les structures qui…","Installés sur les hauteurs de la colline Sainte-Croix, les Récollets sont le berceau de l’écologie urbaine. Le site regroupe, dans un écrin de verdure, les acteurs associatifs et les structures qui travaillent ensemble sur les enjeux du développement durable, de la lutte contre le dérèglement climatique, ainsi que de la transition écologique, énergétique et solidaire.",,,,20 et 21 septembre 2025,2025-09-20 08:00:00+00:00,2025-09-21 16:00:00+00:00,"[{""begin"": ""2025-09-20T10:00:00+02:00"", ""end"": ""2025-09-20T18:00:00+02:00""}, {""begin"": ""2025-09-21T10:00:00+02:00"", ""end"": ""2025-09-21T18:00:00+02:00""}]",Cloître des Récollets,"1-3 rue des Récollets, 57000 Metz",57000,Metz,Moselle,Grand Est,,,,"{""id"": 1, ""label"": {""fr"": ""Sur place"", ""en"": ""In situ"", ""it"": ""In presenza"", ""es"": ""Desconnectad"", ""de"": ""Offline"", ""br"": ""War al lec\u2019h"", ""io"": ""crwdns14266:0crwdne14266:0"", ""oc"": ""Sus pla\u00e7a""}}",,
30267180,https://openagenda.com/culture/events/decouverte-libre-de-la-crypte-du-tresor-de-la-cathedrale-de-metz,Découverte libre de la crypte et du trésor de la Cathédrale de Metz,Venez découvrir la chape dite de Charlemagne qui sera exceptionnellement présentée au public dans le trésor de la cathédrale à l’occasion des journées du patrimoine. Ce manteau de soie rouge orné de …,"Venez découvrir la chape dite de Charlemagne qui sera exceptionnellement présentée au public dans le trésor de la cathédrale à l’occasion des journées du patrimoine. Ce manteau de soie rouge orné de quatre aigles a été tissé au Moyen Âge dans les ateliers de la cour de Palerme (Sicile). Il pourrait s’agir du manteau de couronnement de l’empereur Frédéric II Hohenstaufen (1194-1250). Particulièrement fragile, il est habituellement conservé à l’abri de la lumière et n’est visible qu’à de rares occasions. La visite du trésor permet aussi d'admirer des pièces d’orfèvrerie religieuses majeures appartenant à la cathédrale ou provenant des églises de Moselle. L’Œuvre de la Cathédrale de Metz présente, par ailleurs, dans la crypte, deux vitrines de préfiguration du réaménagement de cet espace prévu en 2026.",,,,20 et 21 septembre 2025,2025-09-20 12:00:00+00:00,2025-09-21 16:00:00+00:00,"[{""begin"": ""2025-09-20T14:00:00+02:00"", ""end"": ""2025-09-20T18:00:00+02:00""}, {""begin"": ""2025-09-21T14:00:00+02:00"", ""end"": ""2025-09-21T18:00:00+02:00""}]",Cathédrale Saint-Étienne,"Place d'Armes, 57000 Metz, France",57000,Metz,Moselle,Grand Est,,,,"{""id"": 1, ""label"": {""fr"": ""Sur place"", ""en"": ""In situ"", ""it"": ""In presenza"", ""es"": ""Desconnectad"", ""de"": ""Offline"", ""br"": ""War al lec\u2019h"", ""io"": ""crwdns14266:0crwdne14266:0"", ""oc"": ""Sus pla\u00e7a""}}",,
27753452,https://openagenda.com/francetravail/events/atelier-soin-et-accompagnement-5307219,Atelier Soin et Accompagnement,Vous êtes à la recherche d'une carrière enrichissante et souhaitez contribuer positivement à la vie des autres ? Les métiers de l'aide à la personne offrent de nombreuses opportunités passionnantes !,"Vous êtes à la recherche d'une carrière enrichissante et souhaitez contribuer positivement à la vie des autres ? Les métiers de l'aide à la personne offrent de nombreuses opportunités passionnantes ! Nous vous invitons à participer à un atelier découverte des métiers de l'aide à la personne, organisé à notre agence de Metz Blida. Cet atelier est l'occasion idéale pour : • Découvrir les différents métiers et les postes disponibles dans le secteur de l'aide à la personne • Échanger avec la société",,"['1 jeune  1 solution', '#TousMobilisés', ""Les métiers de l'humain"", 'Recrutement', 'Découverte secteur / métier', 'Découverte formation', 'Marché du travail', ""S'informer""]",,"Lundi 19 janvier, 10h00",2026-01-19 09:00:00+00:00,2026-01-19 11:00:00+00:00,"[{""begin"": ""2026-01-19T10:00:00+01:00"", ""end"": ""2026-01-19T12:00:00+01:00""}]",Agence METZ BLIDA,57000 Metz,57014,Metz,Moselle,Grand Est,,,,"{""id"": 1, ""label"": {""fr"": ""Sur place"", ""en"": ""In situ"", ""it"": ""In presenza"", ""es"": ""Desconnectad"", ""de"": ""Offline"", ""br"": ""War al lec\u2019h"", ""io"": ""crwdns14266:0crwdne14266:0"", ""oc"": ""Sus pla\u00e7a"", ""nl"": ""Ter plaatse""}}",,"[{""type"": ""link"", ""value"": ""https://mesevenementsemploi.francetravail.fr/mes-evenements-emploi/evenement/556588""}]"
2909664,https://openagenda.com/francetravail/events/la-sovab-groupe-renault-recrute-rejoignez-une-equipe-engagee-pour-legalite-professionnelle-9987204,La SOVAB (Groupe Renault) s'engage pour l'égalité des chances : des postes industriels à pourvoir pour un public féminin.,Rejoignez la SOVAB (Groupe Renault) et découvrez le métier d'opérateur de production !,"Rejoignez la SOVAB (Groupe Renault) et découvrez le métier d'opérateur de production ! L'agence d'intérim GiGroup vous invite à une réunion d'information pour découvrir le métier d'opérateur de production au sein de la SOVAB, filiale du Groupe Renault. Au programme : Présentation du métier : Découvrez les missions, les conditions de travail et les perspectives d'évolution. Temps d'échange : Posez vos questions et discutez avec des professionnels du secteur. Présentation du dispositif POEI : Une",,"['#TousMobilisés', 'Découverte secteur / métier', 'Recrutement']",,"Mercredi 9 septembre, 09h00",2026-09-09 07:00:00+00:00,2026-09-09 09:00:00+00:00,"[{""begin"": ""2026-09-09T09:00:00+02:00"", ""end"": ""2026-09-09T11:00:00+02:00""}]",Agence METZ BLIDA,57000 Metz,57014,Metz,Moselle,Grand Est,,,,"{""id"": 1, ""label"": {""fr"": ""Sur place"", ""en"": ""In situ"", ""it"": ""In presenza"", ""es"": ""Desconnectad"", ""de"": ""Offline"", ""br"": ""War al lec\u2019h"", ""io"": ""crwdns14266:0crwdne14266:0"", ""oc"": ""Sus pla\u00e7a"", ""nl"": ""Ter plaatse""}}",,"[{""type"": ""link"", ""value"": ""https://mesevenementsemploi.francetravail.fr/mes-evenements-emploi/evenement/694467""}]"
30312227,https://openagenda.com/francetravail/events/atelier-senior-plus-de-50-dynamique-and-perspectives-france-travail-metz-blida,Atelier Sénior : Plus de 50 Dynamique & Perspectives (France Travail Metz Blida),Vous avez 50 ans et plus et vous interrogez sur votre positionnement professionnel ?,Vous avez 50 ans et plus et vous interrogez sur votre positionnement professionnel ? Nous vous proposons un atelier d'une demie journée afin d'y réfléchir ensemble et de construire des arguments en vue de vos candidatures auprès des recruteurs. Evénement à destination des demandeurs rattachés à l'agence France Travail de Metz Blida,,"['#TousMobilisés', 'Se préparer']",,"Mardi 21 avril, 13h30",2026-04-21 11:30:00+00:00,2026-04-21 14:30:00+00:00,"[{""begin"": ""2026-04-21T13:30:00+02:00"", ""end"": ""2026-04-21T16:30:00+02:00""}]",Agence METZ BLIDA,57000 Metz,57014,Metz,Moselle,Grand Est,,,,"{""id"": 1, ""label"": {""fr"": ""Sur place"", ""en"": ""In situ"", ""it"": ""In presenza"", ""es"": ""Desconnectad"", ""de"": ""Offline"", ""br"": ""War al lec\u2019h"", ""io"": ""crwdns14266:0crwdne14266:0"", ""oc"": ""Sus pla\u00e7a"", ""nl"": ""Ter plaatse""}}",,"[{""type"": ""link"", ""value"": ""https://mesevenementsemploi.francetravail.fr/mes-evenements-emploi/evenement/643370""}]"
31810918,https://openagenda.com/culture/events/visite-guidee-des-jardins-et-de-lapothicarium,Visite guidée des jardins et de l’Apothicarium,Découverte historique des jardins de plantes médicinales et des histoires de celles ayant donné de grands médicaments.,Découverte historique des jardins de plantes médicinales et des histoires de celles ayant donné de grands médicaments.,Dimanche 21 septembre - Visite commentée uniquement de l'Apothicarium. Ouverture des réservations le 8 septembre 2025.,,,20 et 21 septembre,2025-09-20 13:00:00+00:00,2025-09-21 16:00:00+00:00,"[{""begin"": ""2025-09-20T15:00:00+02:00"", ""end"": ""2025-09-20T17:00:00+02:00""}, {""begin"": ""2025-09-21T14:00:00+02:00"", ""end"": ""2025-09-21T18:00:00+02:00""}]",Société Française d'Ethnopharmacologie,"1 rue des récollets, 57000 Metz",57014,Metz,Moselle,Grand Est,,,,"{""id"": 1, ""label"": {""fr"": ""Sur place"", ""en"": ""In situ"", ""it"": ""In presenza"", ""es"": ""Desconnectad"", ""de"": ""Offline"", ""br"": ""War al lec\u2019h"", ""io"": ""crwdns14266:0crwdne14266:0"", ""oc"": ""Sus pla\u00e7a""}}",,"[{""type"": ""email"", ""value"": ""contact-sfe@sfr.fr""}]"
94567905,https://openagenda.com/francetravail/events/du-terrain-de-rugby-a-celui-de-lemploi-une-rencontre-gagnante-au-stade-2527796,Du terrain de rugby à celui de l'emploi : Une rencontre gagnante au stade !,Venez rencontrer les employeurs autrement autour d'une journée sportive !Nous vous invitons à participer à l’évènement « Du Stade vers l’emploi spécial Rugby » qui aura lieu le 09 Octobre 2025.« Du St,"Venez rencontrer les employeurs autrement autour d'une journée sportive !Nous vous invitons à participer à l’évènement « Du Stade vers l’emploi spécial Rugby » qui aura lieu le 09 Octobre 2025.« Du Stade Vers l’Emploi », une journée avec des activités sportives mais surtout ludiques associant employeurs et demandeurs d’emploi de manière anonyme durant la matinée. Vous partagerez ensuite un moment convivial autour d'un déjeuner qui vous est offert.  Enfin, participez au job dating avec les mêmes",,"['1 jeune  1 solution', ""Du Stade vers l'Emploi"", 'Recrutement', 'Insertion', 'Sport et insertion', 'Recrutement sans CV']",,"Mercredi 17 septembre 2025, 09h00",2025-09-17 07:00:00+00:00,2025-09-17 08:15:00+00:00,"[{""begin"": ""2025-09-17T09:00:00+02:00"", ""end"": ""2025-09-17T10:15:00+02:00""}]",Agence METZ GARE,57000 Metz,57000,Metz,Moselle,Grand Est,,,,"{""id"": 1, ""label"": {""fr"": ""Sur place"", ""en"": ""In situ"", ""it"": ""In presenza"", ""es"": ""Desconnectad"", ""de"": ""Offline"", ""br"": ""War al lec\u2019h"", ""io"": ""crwdns14266:0crwdne14266:0"", ""oc"": ""Sus pla\u00e7a"", ""nl"": ""Ter plaatse""}}",,"[{""type"": ""link"", ""value"": ""https://mesevenementsemploi.francetravail.fr/mes-evenements-emploi/evenement/473357""}]"
12433645,https://openagenda.com/saison-mediterranee-2026/events/nenna-9441593,Nenna,"**Une poignée de semoule pour remonter le fil d’une histoire intime entre France et Algérie. Seule en scène et les mains dans la pâte, Morgane Audoin vous entraîne dans une quête culinaire riche de …","Une poignée de semoule pour remonter le fil d’une histoire intime entre France et Algérie. Seule en scène et les mains dans la pâte, Morgane Audoin vous entraîne dans une quête culinaire riche de saveurs et de souvenirs ! Avec NENNA (« mamie » en arabe algérien), Morgane Audoin part sur les traces d’un héritage familial à travers une quête simple et universelle : retrouver la recette idéale des msemens, ces galettes préparées par sa grand-mère dans son enfance. De souvenirs en indices — grains de semoule, noms, dates — se dessine un récit entre France et Algérie, marqué par des fragments d’histoires de guerre, d’indépendance et d’immigration. Au fil de la déambulation, NENNA tisse le passé et le présent, la transmission et le partage, et célèbre le moment où la mémoire se mêle au geste, une poignée de semoule dans la main. Dans le cadre de Passages Transfestival - édition 2026 Nouveaux Rivages du 14 au 28 mai à Metz","Gratuit, rdv au parc de jeux rue du Languedoc à Metz Borny",,,"Vendredi 22 mai, 11h00",2026-05-22 09:00:00+00:00,2026-05-22 10:00:00+00:00,"[{""begin"": ""2026-05-22T11:00:00+02:00"", ""end"": ""2026-05-22T12:00:00+02:00""}]",rue du Languedoc,rue du languedoc Metz,57070,Metz,Moselle,Grand Est,,,,"{""id"": 1, ""label"": {""fr"": ""Sur place""}}",,
70530263,https://openagenda.com/solutionscse/events/repartez-avec-votre-photo-souvenir,Repartez avec votre photo souvenir ;-),Grâce à la Selfiebox repartez du salon avec votre photo souvenir imprimée,"Avec la Selfie box, imprimez vos plus beaux souvenirs ;-) A l'entrée du salon, laissez vous prendre en photo par notre photobooth, et repartez avec votre photo souvenir imprimée",,,,5 et 6 mars,2026-03-05 08:00:00+00:00,2026-03-06 16:00:00+00:00,"[{""begin"": ""2026-03-05T09:00:00+01:00"", ""end"": ""2026-03-05T17:00:00+01:00""}, {""begin"": ""2026-03-06T09:00:00+01:00"", ""end"": ""2026-03-06T17:00:00+01:00""}]",Metz - Centre de convention du technopôle,Rue de la grange aux Bois 57072 Metz,57072,Metz,Moselle,Grand Est,,,,"{""id"": 1, ""label"": {""fr"": ""Sur place"", ""en"": ""In situ"", ""it"": ""In presenza"", ""es"": ""Desconnectad"", ""de"": ""Offline"", ""br"": ""War al lec\u2019h"", ""io"": ""crwdns14266:0crwdne14266:0"", ""oc"": ""Sus pla\u00e7a"", ""nl"": ""Ter plaatse""}}",,
8000567,https://openagenda.com/francetravail/events/atelier-cv-abonnement-aux-offres-carte-de-visite-2157413,ATELIER CV / ABONNEMENT AUX OFFRES/ CARTE DE VISITE .........,ATELIER CV / ABONNEMENT AUX OFFRES/ CARTE DE VISITE .........,ATELIER CV / ABONNEMENT AUX OFFRES/ CARTE DE VISITE ......... Il s'agit d'un accompagnement personnalisé d'une heure avec un agent volontaire service civique permettant de créer mettre à jour votre CV de rendre votre profil visible pour les employeurs et de découvrir les potentialités de votre espace personnel,,['Les outils du numérique'],,"Mardi 25 août, 14h00",2026-08-25 12:00:00+00:00,2026-08-25 13:00:00+00:00,"[{""begin"": ""2026-08-25T14:00:00+02:00"", ""end"": ""2026-08-25T15:00:00+02:00""}]",Agence METZ BLIDA,57000 Metz,57014,Metz,Moselle,Grand Est,,,,"{""id"": 1, ""label"": {""fr"": ""Sur place"", ""en"": ""In situ"", ""it"": ""In presenza"", ""es"": ""Desconnectad"", ""de"": ""Offline"", ""br"": ""War al lec\u2019h"", ""io"": ""crwdns14266:0crwdne14266:0"", ""oc"": ""Sus pla\u00e7a"", ""nl"": ""Ter plaatse""}}",,"[{""type"": ""link"", ""value"": ""https://mesevenementsemploi.francetravail.fr/mes-evenements-emploi/evenement/726637""}]"
21070346,https://openagenda.com/fetedelamusique2026/events/blumea-concert-place-de-la-republique-metz,BLuMea - Concert Metz,BluMea à 17h30 place de la République à Metz,"BluMea à 17h30 place de la République à Metz « Marre des reprises ? Nous aussi ! Imaginez : des textes en français qui percutent, des mélodies originales et une présence scénique qui ne laisse personne assis. Avec BLuMea, pas de déjà vu, juste un son authentique et une énergie communicative que nous voulons partager avec le public. Deux guitares, trois voix et un batteur hors-pair, voici le cocktail parfait pour du rock privé inédit ! »","Gratuit, en accès libre.",,,"Dimanche 21 juin, 17h30",2026-06-21 15:30:00+00:00,2026-06-21 17:00:00+00:00,"[{""begin"": ""2026-06-21T17:30:00+02:00"", ""end"": ""2026-06-21T19:00:00+02:00""}]",Place de la République - Podium A,place de la république Metz,,Metz,Moselle,Grand Est,,,,"{""id"": 1, ""label"": {""fr"": ""Sur place""}}",,
16246481,https://openagenda.com/culture/events/meryem-aboulouafa-abdullah-miniawy-dj-set,Meryem Aboulouafa + Abdullah Miniawy + DJ set,"En parallèle d’un DJ set dans le jardin du musée, le Centre Pompidou-Metz accueille, à l'occasion de la Nuit européenne des Musées et dans le cadre de Passages Transfestival, une soirée de concerts  …","En parallèle d’un DJ set dans le jardin du musée, le Centre Pompidou-Metz accueille, à l'occasion de la Nuit européenne des Musées et dans le cadre de Passages Transfestival, une soirée de concerts rassemblant deux voix magnifiques. Meryem Aboulouafa est une chanteuse et autrice-compositrice originaire de Casablanca, au Maroc. Elle développe très tôt un univers artistique singulier, nourri par les mélodies traditionnelles marocaines, les grandes divas arabes, le rock anglo-saxon et la chanson française. Plusieurs titres rencontrent un large écho, notamment Breath of Roma , qui s’impose comme l’un de ses morceaux les plus emblématiques grâce à sa mélancolie élégante et son souffle méditerranéen. Abdullah Miniawy est un écrivain, chanteur et compositeur égyptien originaire du Fayoum, basé à Paris. Au fil des années, il a collaboré avec de nombreux artistes issus des scènes jazz et expérimentales. Au Centre Pompidou-Metz, Abdullah Miniawy donne un concert entouré de deux trombonistes, Robinson Khoury et Jules Boittin. Ensemble, ils développent un projet musical intense et poétique où la voix, le sou!e et l’improvisation dialoguent entre influences jazz et traditions musicales du Moyen-Orient. Une musique qui traverse les coeurs et rassemble l'auditoire.",,,,"Samedi 23 mai, 19h00",2026-05-23 17:00:00+00:00,2026-05-23 21:59:00+00:00,"[{""begin"": ""2026-05-23T19:00:00+02:00"", ""end"": ""2026-05-23T23:59:00+02:00""}]",Centre Pompidou - Metz,"1 parvis des droits de l'homme, 57000 Metz, France",57000,Metz,Moselle,Grand Est,,,,"{""id"": 1, ""label"": {""fr"": ""Sur place"", ""en"": ""In situ"", ""it"": ""In presenza"", ""es"": ""Desconnectad"", ""de"": ""Offline"", ""br"": ""War al lec\u2019h"", ""io"": ""crwdns14266:0crwdne14266:0"", ""oc"": ""Sus pla\u00e7a"", ""nl"": ""Ter plaatse""}}",,
53160576,https://openagenda.com/culture/events/escape-game-urbain-le-cadeau-disparu-de-louis-xv,Escape game urbain : le cadeau disparu de Louis XV,"Louis XV vient à Metz ce soir ! Partez à l’exploration du centre historique pour retrouver un tableau dérobé. Aux côtés des autres participants, vous arpenterez les rues, équipés d’un plan ancien. et…","Louis XV vient à Metz ce soir ! Partez à l’exploration du centre historique pour retrouver un tableau dérobé. Aux côtés des autres participants, vous arpenterez les rues, équipés d’un plan ancien. Défis et énigmes vous attendent pour découvrir autrement l’architecture et les détails du patrimoine de Metz, le tout animé par un guide en tenue d’époque.",Rendez-vous place d'armes. Ouverture des réservations le 1 septembre. Maximum : 20 participants.,,,"Samedi 20 septembre 2025, 10h30, 14h00",2025-09-20 08:30:00+00:00,2025-09-20 14:00:00+00:00,"[{""begin"": ""2025-09-20T10:30:00+02:00"", ""end"": ""2025-09-20T12:00:00+02:00""}, {""begin"": ""2025-09-20T14:00:00+02:00"", ""end"": ""2025-09-20T16:00:00+02:00""}]",Place d'Armes,"Place d'Armes, 57000 Metz",57014,Metz,Moselle,Grand Est,['handicap moteur'],,,"{""id"": 1, ""label"": {""fr"": ""Sur place"", ""en"": ""In situ"", ""it"": ""In presenza"", ""es"": ""Desconnectad"", ""de"": ""Offline"", ""br"": ""War al lec\u2019h"", ""io"": ""crwdns14266:0crwdne14266:0"", ""oc"": ""Sus pla\u00e7a"", ""nl"": ""Ter plaatse""}}",,"[{""type"": ""link"", ""value"": ""http://metz.fr/m0473""}]"
48067652,https://openagenda.com/printemps-bio-2026/events/village-bio-du-macellum-metz,Village Bio du Macellum – Metz,"La Ville de Metz vous donne rendez-vous pour un voyage unique dans le monde agricole. Le Macellum revient pour une 5ᵉ édition sous le signe du partage, du bio et du respect du bien-être animal !","🌾 Une immersion au cœur du monde agricole Pour cette 5ᵉ édition, la Ville de Metz transforme l’Esplanade en un espace champêtre et convivial de 7 500 m², accueillant plus de 25 exposants. 🌱 Le Village Bio : au cœur du Printemps Bio Organisé par les Bio de Moselle, le Village Bio est l’un des temps forts du Macellum. Il propose des animations pédagogiques, gourmandes et engagées pour découvrir l’agriculture biologique autrement. 🥛 Espace lait bio Une vache à traire en bois (pour une expérience immersive) 🐄 Un jeu de plateau ludopédagogique pour comprendre le fonctionnement d’une ferme laitière bio 🎲 Dégustations de lait avec la présence de Biolait 🥛 🍴 Espace culinaire (samedi uniquement) 🕚 11h – 12h30 : Démonstration culinaire avec Paul Fabuel (Restaurant gastronomique Le Jardin de Bellevue) 👨‍🍳 Produits à l’honneur : légumineuses et légumes 🕐 13h – 15h : Atelier lactofermentation avec La Conserverie Locale 🫙 🎯 Espace animations 🎡 Roue de la Bio : apprendre en s’amusant 🌱 Grainothèque : jeu de reconnaissance des céréales et oléoprotéagineuses cultivées en Moselle 🐝 Animation apiculture bio + vente de miel ♻️ Jeux sur la consommation responsable 🍽️ Entre deux animations, profitez d’un moment convivial avec des produits 100% bio local : 🥞 Crêpes sucrées 🍎 Jus de pomme 🍺 Bière artisanale Pour plus d’informations : 👉 gab57@biograndest.org",,"['Macellum', 'animations', 'lait bio', 'jeux', 'dégustations', 'famille', 'restauration']",,6 et 7 juin,2026-06-06 09:00:00+00:00,2026-06-07 16:00:00+00:00,"[{""begin"": ""2026-06-06T11:00:00+02:00"", ""end"": ""2026-06-06T18:00:00+02:00""}, {""begin"": ""2026-06-07T11:00:00+02:00"", ""end"": ""2026-06-07T18:00:00+02:00""}]",Jardins de l'Esplanade 57000 METZ,57000 METZ,57000,Metz,Moselle,Grand Est,,,,"{""id"": 1, ""label"": {""fr"": ""Sur place"", ""en"": ""In situ"", ""it"": ""In presenza"", ""es"": ""Desconnectad"", ""de"": ""Offline"", ""br"": ""War al lec\u2019h"", ""io"": ""crwdns14266:0crwdne14266:0"", ""oc"": ""Sus pla\u00e7a"", ""nl"": ""Ter plaatse""}}",,
18875263,https://openagenda.com/culture/events/visite-privee-salle-dexposition-casemate-a-sur-invitation,Visite privée de la salle d’exposition casemate A,"Découvrez la réhabilitation de la salle d’exposition « Casemate A » du fort de Metz-Queuleu, dans le cadre du mécénat avec la Fondation du patrimoine.","Découvrez la réhabilitation de la salle d’exposition « Casemate A » du fort de Metz-Queuleu, dans le cadre du mécénat avec la Fondation du patrimoine. La visite est exclusivement réservée aux donateurs, sur invitation.",Ouverture des réservations en août. Invitation réservée exclusivement aux donateurs de la Fondation du Patrimoine pour ce projet du Fort de Queuleu.,,,"Dimanche 21 septembre 2025, 10h00",2025-09-21 08:00:00+00:00,2025-09-21 10:00:00+00:00,"[{""begin"": ""2025-09-21T10:00:00+02:00"", ""end"": ""2025-09-21T12:00:00+02:00""}]",Fort de Metz-Queuleu,"Allée Jean Burger, 57070 Metz",57070,Metz,Moselle,Grand Est,,,,"{""id"": 1, ""label"": {""fr"": ""Sur place"", ""en"": ""In situ"", ""it"": ""In presenza"", ""es"": ""Desconnectad"", ""de"": ""Offline"", ""br"": ""War al lec\u2019h"", ""io"": ""crwdns14266:0crwdne14266:0"", ""oc"": ""Sus pla\u00e7a""}}",,"[{""type"": ""phone"", ""value"": ""0695674280""}]"
11723527,https://openagenda.com/culture/events/visite-libre-mediatheque-du-sablon,Découvrez une sélection de romans en gros caractères,"La médiathèque du Sablon se distingue par sa collection de romans en gros caractères et de livres de voyage. Agréable et bien agencée, elle offre une salle de lecture et de travail, ainsi qu’un prévu…","La médiathèque du Sablon se distingue par sa collection de romans en gros caractères et de livres de voyage. Agréable et bien agencée, elle offre une salle de lecture et de travail, ainsi qu’un espace spécifiquement prévu pour les familles.",,,,"Samedi 20 septembre 2025, 10h00",2025-09-20 08:00:00+00:00,2025-09-20 16:00:00+00:00,"[{""begin"": ""2025-09-20T10:00:00+02:00"", ""end"": ""2025-09-20T18:00:00+02:00""}]",Médiathèque du Sablon,"4/6 rue des Robert, 57000 Metz",57000,Metz,Moselle,Grand Est,,,,"{""id"": 1, ""label"": {""fr"": ""Sur place"", ""en"": ""In situ"", ""it"": ""In presenza"", ""es"": ""Desconnectad"", ""de"": ""Offline"", ""br"": ""War al lec\u2019h"", ""io"": ""crwdns14266:0crwdne14266:0"", ""oc"": ""Sus pla\u00e7a""}}",,
12143208,https://openagenda.com/culture/events/visite-contee-dans-les-pas-dun-chevalier-5252092,Visite contée : « Dans les pas d’un chevalier »,Venez découvrir l’histoire de la Porte des Allemands lors d’une visite ludique à destination des enfants et des familles.,Venez découvrir l’histoire de la Porte des Allemands lors d’une visite ludique à destination des enfants et des familles.,,,,"Dimanche 21 septembre 2025, 11h00, 13h00, 14h30, 16h00",2025-09-21 09:00:00+00:00,2025-09-21 14:45:00+00:00,"[{""begin"": ""2025-09-21T11:00:00+02:00"", ""end"": ""2025-09-21T11:45:00+02:00""}, {""begin"": ""2025-09-21T13:00:00+02:00"", ""end"": ""2025-09-21T13:45:00+02:00""}, {""begin"": ""2025-09-21T14:30:00+02:00"", ""end"": ""2025-09-21T15:15:00+02:00""}, {""begin"": ""2025-09-21T16:00:00+02:00"", ""end"": ""2025-09-21T16:45:00+02:00""}]",Porte des Allemands,"Boulevard André Maginot, 57000 Metz",57000,Metz,Moselle,Grand Est,['handicap moteur'],,,"{""id"": 1, ""label"": {""fr"": ""Sur place"", ""en"": ""In situ"", ""it"": ""In presenza"", ""es"": ""Desconnectad"", ""de"": ""Offline"", ""br"": ""War al lec\u2019h"", ""io"": ""crwdns14266:0crwdne14266:0"", ""oc"": ""Sus pla\u00e7a""}}",,
45236774,https://openagenda.com/culture/events/visite-libre-chapelle-orthodoxe-paroisse-des-trois-saints-hierarques-9969107,Visitez une chapelle orthodoxe,"Visitez un espace aménagé pour le culte orthodoxe, témoin d'un patrimoine culturel et spirituel vivant, avec le rôle particulier accordé aux icônes et au chant liturgique.","Visitez un espace aménagé pour le culte orthodoxe, témoin d'un patrimoine culturel et spirituel vivant, avec le rôle particulier accordé aux icônes et au chant liturgique.",,,,"Dimanche 21 septembre 2025, 14h00",2025-09-21 12:00:00+00:00,2025-09-21 16:00:00+00:00,"[{""begin"": ""2025-09-21T14:00:00+02:00"", ""end"": ""2025-09-21T18:00:00+02:00""}]",Chapelle orthodoxe - Paroisse des Trois-Saints-Hiérarques,"1 rue des Tanneurs, 57000 Metz",57000,Metz,Moselle,Grand Est,,,,"{""id"": 1, ""label"": {""fr"": ""Sur place"", ""en"": ""In situ"", ""it"": ""In presenza"", ""es"": ""Desconnectad"", ""de"": ""Offline"", ""br"": ""War al lec\u2019h"", ""io"": ""crwdns14266:0crwdne14266:0"", ""oc"": ""Sus pla\u00e7a""}}",,
71118694,https://openagenda.com/culture/events/a-la-decouverte-des-vertus-et-dangers-des-plantes,À la découverte des vertus et dangers des plantes,"Explorez un jardin dédié aux plantes médicinales et toxiques, jadis utilisées en pharmacie. Une immersion libre et documentée pour mieux comprendre les vertus et les risques de ces espèces…","Explorez un jardin dédié aux plantes médicinales et toxiques, jadis utilisées en pharmacie. Une immersion libre et documentée pour mieux comprendre les vertus et les risques de ces espèces fascinantes.",Entrée libre.,,,20 et 21 septembre 2025,2025-09-20 07:00:00+00:00,2025-09-21 16:00:00+00:00,"[{""begin"": ""2025-09-20T09:00:00+02:00"", ""end"": ""2025-09-20T18:00:00+02:00""}, {""begin"": ""2025-09-21T09:00:00+02:00"", ""end"": ""2025-09-21T18:00:00+02:00""}]",Cloître des Récollets,"1-3 rue des Récollets, 57000 Metz",57000,Metz,Moselle,Grand Est,,,,"{""id"": 1, ""label"": {""fr"": ""Sur place"", ""en"": ""In situ"", ""it"": ""In presenza"", ""es"": ""Desconnectad"", ""de"": ""Offline"", ""br"": ""War al lec\u2019h"", ""io"": ""crwdns14266:0crwdne14266:0"", ""oc"": ""Sus pla\u00e7a""}}",,
17221926,https://openagenda.com/francetravail/events/forum-emploi-de-la-ville-de-metz-1696386,FORUM EMPLOI DE LA VILLE DE METZ,"La Ville de Metz organise, le mardi 21 octobre prochain, un forum de l'emploi de 14h à 17h dans les salons de l'Hôtel de Ville. Ce forum accueille une cinquantaine d'exposants.","La Ville de Metz organise, le mardi 21 octobre prochain, un forum de l'emploi de 14h à 17h dans les salons de l'Hôtel de Ville. Ce forum accueille une cinquantaine d'exposants. Les secteurs représentés: Industrie, Hôtellerie/Restauration, Commerce, Transport, Bâtiment, Défense, Logistique... Entrée libre",,"[""Les métiers de l'humain"", '1 jeune  1 solution', '#TousMobilisés', 'Recrutement', 'Découverte secteur / métier']",,"Mardi 21 octobre 2025, 15h00",2025-10-21 13:00:00+00:00,2025-10-21 14:00:00+00:00,"[{""begin"": ""2025-10-21T15:00:00+02:00"", ""end"": ""2025-10-21T16:00:00+02:00""}]",Agence METZ GARE,57000 Metz,57000,Metz,Moselle,Grand Est,,,,"{""id"": 1, ""label"": {""fr"": ""Sur place"", ""en"": ""In situ"", ""it"": ""In presenza"", ""es"": ""Desconnectad"", ""de"": ""Offline"", ""br"": ""War al lec\u2019h"", ""io"": ""crwdns14266:0crwdne14266:0"", ""oc"": ""Sus pla\u00e7a"", ""nl"": ""Ter plaatse""}}",,"[{""type"": ""link"", ""value"": ""https://mesevenementsemploi.francetravail.fr/mes-evenements-emploi/evenement/503555""}]"
95522073,https://openagenda.com/francetravail/events/opportunites-a-la-chambre-regionale-de-metiers-et-de-lartisanat-grand-est-sur-des-postes-de-professeurs-hf,Opportunités à la Chambre Régionale de Métiers et de l'Artisanat GRAND EST sur des postes de professeurs (H/F),France Travail vous invite à participer à cette visioconférence dédiée à la Chambre Régionale de Métiers et de l'artisanat Grand Est) qui recrute des professeurs pour les CFA de Nancy et Epinal.,France Travail vous invite à participer à cette visioconférence dédiée à la Chambre Régionale de Métiers et de l'artisanat Grand Est) qui recrute des professeurs pour les CFA de Nancy et Epinal. Les profils recherchés : En Meurthe et Moselle : Professeur de commercialisation - vente / Professeur de boulangerie / Professeur Prévention Santé Environnement / Professeur de math-sciences / Professeur Arts appliqués (H/F). Autre poste en Meurthe et Moselle : Assistant de direction (H/F) Pour les Vosge,,"['#TousMobilisés', 'Marché du travail', 'Recrutement']",,"Jeudi 18 juin, 10h30",2026-06-18 08:30:00+00:00,2026-06-18 10:00:00+00:00,"[{""begin"": ""2026-06-18T10:30:00+02:00"", ""end"": ""2026-06-18T12:00:00+02:00""}]",Agence METZ SEBASTOPOL,57070 Metz,57070,Metz,Moselle,Grand Est,,,,"{""id"": 1, ""label"": {""fr"": ""Sur place"", ""en"": ""In situ"", ""it"": ""In presenza"", ""es"": ""Desconnectad"", ""de"": ""Offline"", ""br"": ""War al lec\u2019h"", ""io"": ""crwdns14266:0crwdne14266:0"", ""oc"": ""Sus pla\u00e7a"", ""nl"": ""Ter plaatse""}}",,"[{""type"": ""link"", ""value"": ""https://mesevenementsemploi.francetravail.fr/mes-evenements-emploi/evenement/666515""}]"
71670818,https://openagenda.com/francetravail/events/et-si-votre-prochain-succes-professionnel-commencait-chez-era-immobilier-metz-botanique,Et si votre prochain succès professionnel commençait chez ERA Immobilier Metz Botanique ?,"Vous avez l'âme d'un entrepreneur, le goût du contact humain et l'envie de construire votre propre réussite ?","Vous avez l'âme d'un entrepreneur, le goût du contact humain et l'envie de construire votre propre réussite ? Rejoignez ERA Immobilier Metz Botanique, une agence reconnue depuis 25 ans, et développez votre activité avec une rémunération sans plafond, un accompagnement personnalisé et une véritable liberté d'organisation. Débutant ou expérimenté, votre motivation fera la différence ! Rencontrez notre équipe lors de notre AfterWork Recrutement le 2 juillet à 18h30 et découvrez une opportunité où v",,"['Métiers du commerce', '#TousMobilisés', 'Recrutement']",,"Jeudi 2 juillet, 18h30",2026-07-02 16:30:00+00:00,2026-07-02 18:00:00+00:00,"[{""begin"": ""2026-07-02T18:30:00+02:00"", ""end"": ""2026-07-02T20:00:00+02:00""}]",Agence METZ GARE,57000 Metz,57000,Metz,Moselle,Grand Est,,,,"{""id"": 1, ""label"": {""fr"": ""Sur place"", ""en"": ""In situ"", ""it"": ""In presenza"", ""es"": ""Desconnectad"", ""de"": ""Offline"", ""br"": ""War al lec\u2019h"", ""io"": ""crwdns14266:0crwdne14266:0"", ""oc"": ""Sus pla\u00e7a"", ""nl"": ""Ter plaatse""}}",,"[{""type"": ""link"", ""value"": ""https://mesevenementsemploi.francetravail.fr/mes-evenements-emploi/evenement/679544""}]"
3941058,https://openagenda.com/francetravail/events/vous-former-en-tant-que-conducteurtrice-de-car-avec-transdev,"Vous former en tant que Conducteur/trice de Car"" avec Transdev",Plongez au coeur du métier de conducteur de car avec Transdev !,"Plongez au coeur du métier de conducteur de car avec Transdev ! Cet événement est une opportunité unique pour découvrir les coulisses de ce métier passionnant, les conditions de travail, les prérequis et les parcours de formation. Rencontrez des professionnels expérimentés, échangez avec des recruteurs et explorez les différentes étapes pour rejoindre Transdev. L'information collective se déroulera au sein de l'organisme PROMOTRANS à Metz. Déroulé de l'événement : Présentation de Transdev : Déc",,"['#TousMobilisés', 'Recrutement', 'Découverte formation']",,"Mardi 7 avril, 09h00",2026-04-07 07:00:00+00:00,2026-04-07 10:00:00+00:00,"[{""begin"": ""2026-04-07T09:00:00+02:00"", ""end"": ""2026-04-07T12:00:00+02:00""}]",Agence METZ SEBASTOPOL,57050 Metz,57045,Metz,Moselle,Grand Est,,,,"{""id"": 1, ""label"": {""fr"": ""Sur place"", ""en"": ""In situ"", ""it"": ""In presenza"", ""es"": ""Desconnectad"", ""de"": ""Offline"", ""br"": ""War al lec\u2019h"", ""io"": ""crwdns14266:0crwdne14266:0"", ""oc"": ""Sus pla\u00e7a"", ""nl"": ""Ter plaatse""}}",,"[{""type"": ""link"", ""value"": ""https://mesevenementsemploi.francetravail.fr/mes-evenements-emploi/evenement/621731""}]"
12614094,https://openagenda.com/francetravail/events/session-de-recrutement-magasinier-cariste-par-supplay-pour-agco-ennery,Session de recrutement CARISTE par SUPPLAY pour AGCO Ennery,Vous possédez UN ou PLUSIEURS CACES ? Découvrez les Opportunités avec SUPPLAY pour AGCO à Ennery !,"Vous possédez UN ou PLUSIEURS CACES ? Découvrez les Opportunités avec SUPPLAY pour AGCO à Ennery ! L'agence d'intérim SUPPLAY vous propose plusieurs postes en missions longues à pourvoir dans le secteur de la Logistique chez son client AGCO, basé à Ennery. Magasinier-Cariste (H/F) : Que vous soyez débutant(e) ou expérimenté(e), si vous êtes intéressé(e) par ce métier et que vous souhaitez rejoindre une entreprise respectueuse de ses salariés, cet événement est fait pour vous ! Pourquoi participe",,"['#TousMobilisés', 'Recrutement']",,"Mardi 28 avril, 09h30",2026-04-28 07:30:00+00:00,2026-04-28 10:00:00+00:00,"[{""begin"": ""2026-04-28T09:30:00+02:00"", ""end"": ""2026-04-28T12:00:00+02:00""}]",Agence METZ BLIDA,57000 Metz,57014,Metz,Moselle,Grand Est,,,,"{""id"": 1, ""label"": {""fr"": ""Sur place"", ""en"": ""In situ"", ""it"": ""In presenza"", ""es"": ""Desconnectad"", ""de"": ""Offline"", ""br"": ""War al lec\u2019h"", ""io"": ""crwdns14266:0crwdne14266:0"", ""oc"": ""Sus pla\u00e7a"", ""nl"": ""Ter plaatse""}}",,"[{""type"": ""link"", ""value"": ""https://mesevenementsemploi.francetravail.fr/mes-evenements-emploi/evenement/647758""}]"
27725479,https://openagenda.com/francetravail/events/metz-blida-atelier-cv-abonnement-aux-offres-carte-de-visite,METZ BLIDA : ATELIER CV/ ABONNEMENT AUX OFFRES / CARTE DE VISITE,"Vous serez accompagné personnellement par un agent volontaire service civique pour créer ou modifier votre CV, rendre votre profil visible par les recruteurs, réaliser votre abonnement aux offres et d","Vous serez accompagné personnellement par un agent volontaire service civique pour créer ou modifier votre CV, rendre votre profil visible par les recruteurs, réaliser votre abonnement aux offres et découvrir les potentialités de votre espace personnel. Il s'agit d'un rdv d'une heure maximum",,['Se préparer'],,"Mercredi 8 juillet, 14h00",2026-07-08 12:00:00+00:00,2026-07-08 13:00:00+00:00,"[{""begin"": ""2026-07-08T14:00:00+02:00"", ""end"": ""2026-07-08T15:00:00+02:00""}]",Agence METZ BLIDA,57000 Metz,57014,Metz,Moselle,Grand Est,,,,"{""id"": 1, ""label"": {""fr"": ""Sur place"", ""en"": ""In situ"", ""it"": ""In presenza"", ""es"": ""Desconnectad"", ""de"": ""Offline"", ""br"": ""War al lec\u2019h"", ""io"": ""crwdns14266:0crwdne14266:0"", ""oc"": ""Sus pla\u00e7a"", ""nl"": ""Ter plaatse""}}",,"[{""type"": ""link"", ""value"": ""https://mesevenementsemploi.francetravail.fr/mes-evenements-emploi/evenement/704504""}]"
14357667,https://openagenda.com/culture/events/la-restauration-des-peintures-murales-de-leglise-saint-eucaire,Appréciez la restauration des peintures murales de l’église Saint-Eucaire,"Venez découvrir, accompagné d’un guide, la restauration des quatre peintures murales du transept de l’église Saint-Eucaire. Les restaurations effectuées, la déontologie ainsi que la formation des Une…","Venez découvrir, accompagné d’un guide, la restauration des quatre peintures murales du transept de l’église Saint-Eucaire. Les restaurations effectuées, la déontologie ainsi que la formation des restaurateurs vous seront présentées. Une mise en lumière des peintures et des gestes du peintre complétera cette visite.",Ouverture des réservations le 1 septembre. 25 personnes maximum.,,,20 et 21 septembre 2025,2025-09-20 09:00:00+00:00,2025-09-21 13:00:00+00:00,"[{""begin"": ""2025-09-20T11:00:00+02:00"", ""end"": ""2025-09-20T12:00:00+02:00""}, {""begin"": ""2025-09-20T16:00:00+02:00"", ""end"": ""2025-09-20T17:00:00+02:00""}, {""begin"": ""2025-09-21T11:00:00+02:00"", ""end"": ""2025-09-21T12:00:00+02:00""}, {""begin"": ""2025-09-21T14:00:00+02:00"", ""end"": ""2025-09-21T15:00:00+02:00""}]",Église Saint-Eucaire,"18 Rue Saint-Eucaire, 57000 Metz, France",57000,Metz,Moselle,Grand Est,"['handicap moteur', 'handicap psychique', 'handicap intellectuel']",,,"{""id"": 1, ""label"": {""fr"": ""Sur place"", ""en"": ""In situ"", ""it"": ""In presenza"", ""es"": ""Desconnectad"", ""de"": ""Offline"", ""br"": ""War al lec\u2019h"", ""io"": ""crwdns14266:0crwdne14266:0"", ""oc"": ""Sus pla\u00e7a"", ""nl"": ""Ter plaatse""}}",,"[{""type"": ""link"", ""value"": ""http://metz.fr/m0473""}]"
61602172,https://openagenda.com/planlibre/events/dual-duo-show-valentine-cotte-et-chloe-saksik,DUAL - Duo Show Valentine Cotte et Chloé Saksik,Sur une proposition du Collectif Riveté,"Valentine Cotte et Chloé Saksik s’attardent sur les matières et les différentes formes de vie. Leurs œuvres deviennent motif à penser la vulnérabilité et la persistance. À travers un univers nourri de références médiévales, Valentine Cotte donne à voir les blessures et leurs pansements. Elle inverse les codes héroïques et guerriers pour faire émerger une iconographie où la fragilité et le soin sont synonymes de résistance. Chloé Saksik, quant à elle, crée à partir de matériaux glanés, organiques ou délaissés. Ses pièces, traversées par l’idée de mutation et d’instabilité, évoquent des paysages en transformation et des formes de vie à la marge. Pensée par le collectif Riveté, l’exposition propose un nouvel espace où le soin et la transformation deviennent des réponses sensibles à un monde en déséquilibre. Dans un écosystème perméable, les pièces dialoguent par l’illusion et l’hybridation des formes. La matière devient lieu de tension, où le vivant se fissure, se répare et se réinvente.",Entrée livre,,,6 mars - 11 avril,2026-03-06 13:00:00+00:00,2026-04-11 16:00:00+00:00,"[{""begin"": ""2026-03-06T14:00:00+01:00"", ""end"": ""2026-03-06T18:00:00+01:00""}, {""begin"": ""2026-03-07T14:00:00+01:00"", ""end"": ""2026-03-07T18:00:00+01:00""}, {""begin"": ""2026-03-12T14:00:00+01:00"", ""end"": ""2026-03-12T18:00:00+01:00""}, {""begin"": ""2026-03-13T14:00:00+01:00"", ""end"": ""2026-03-13T18:00:00+01:00""}, {""begin"": ""2026-03-14T14:00:00+01:00"", ""end"": ""2026-03-14T18:00:00+01:00""}, {""begin"": ""2026-03-19T14:00:00+01:00"", ""end"": ""2026-03-19T18:00:00+01:00""}, {""begin"": ""2026-03-20T14:00:00+01:00"", ""end"": ""2026-03-20T18:00:00+01:00""}, {""begin"": ""2026-03-21T14:00:00+01:00"", ""end"": ""2026-03-21T18:00:00+01:00""}, {""begin"": ""2026-03-26T14:00:00+01:00"", ""end"": ""2026-03-26T18:00:00+01:00""}, {""begin"": ""2026-03-27T14:00:00+01:00"", ""end"": ""2026-03-27T18:00:00+01:00""}, {""begin"": ""2026-03-28T14:00:00+01:00"", ""end"": ""2026-03-28T18:00:00+01:00""}, {""begin"": ""2026-04-02T14:00:00+02:00"", ""end"": ""2026-04-02T18:00:00+02:00""}, {""begin"": ""2026-04-03T14:00:00+02:00"", ""end"": ""2026-04-03T18:00:00+02:00""}, {""begin"": ""2026-04-04T14:00:00+02:00"", ""end"": ""2026-04-04T18:00:00+02:00""}, {""begin"": ""2026-04-09T14:00:00+02:00"", ""end"": ""2026-04-09T18:00:00+02:00""}, {""begin"": ""2026-04-10T14:00:00+02:00"", ""end"": ""2026-04-10T18:00:00+02:00""}, {""begin"": ""2026-04-11T14:00:00+02:00"", ""end"": ""2026-04-11T18:00:00+02:00""}]",Galerie Modulab,28 rue Mazelle,57000,Metz,Moselle,Grand Est,,,,"{""id"": 1, ""label"": {""fr"": ""Sur place"", ""en"": ""In situ"", ""it"": ""In presenza"", ""es"": ""Desconnectad"", ""de"": ""Offline"", ""br"": ""War al lec\u2019h"", ""io"": ""crwdns14266:0crwdne14266:0"", ""oc"": ""Sus pla\u00e7a"", ""nl"": ""Ter plaatse""}}",,"[{""type"": ""link"", ""value"": ""https://www.modulab.fr""}]"
39439180,https://openagenda.com/planlibre/events/storia-dellarte-italiana,Storia Dell'Arte Italiana,Exposition personnelle de Gianpaolo Pagni,"STORIA DELL’ARTE ITALIANA VERNISSAGE LE 30 AVRIL A PARTIR DE 18H En 2024, après avoir travaillé à partir de ses anciens manuels scolaires — livres de biologie, de sténographie ou encore cahiers de mathématiques — Gianpaolo Pagni entreprend une nouvelle série intitulé Storia dell’arte Italiana en intervenant directement sur son propre manuel d’histoire de l’art italien de Giulio Carlo Argan, ouvrage emblématique qui a accompagné la formation de générations d’étudiants italiens. Les pages de ce livre, conservées depuis les années d’études de l’artiste, portent déjà les traces d’un usage passé : annotations, gribouillis, soulignements au crayon ou au surligneur. Ces marques constituent une première couche de mémoire et témoignent du temps consacré à l’apprentissage. Trente ans plus tard, l’artiste réactive cet objet en y intervenant à nouveau, y apposant ses dessins réalisés au tampon. Le livre devient ainsi le support d’une double temporalité, où se superposent mémoire étudiante et pratique artistique contemporaine. Avec les soutiens du Ministère de la Culture et de la Communication, la Région Grand Est, le Conseil Départemental de la Moselle, la ville de Metz, DRAJES, Économie solidaire de l'art, Tirage à part. Dossier de presse Galerie Modulab 28, rue Mazelle 57000 Metz (FR) Ouvert du jeudi au samedi De 14h00 à 18h00 et sur rendez-vous Site Web | Facebook | Instagram",Entrée libre,"['Dessin', 'peinture', 'art contemporain', 'image', 'document', 'galerie', 'galerie']",,2 mai - 27 juin,2026-05-02 12:00:00+00:00,2026-06-27 16:00:00+00:00,"[{""begin"": ""2026-05-02T14:00:00+02:00"", ""end"": ""2026-05-02T18:00:00+02:00""}, {""begin"": ""2026-05-07T14:00:00+02:00"", ""end"": ""2026-05-07T19:00:00+02:00""}, {""begin"": ""2026-05-09T14:00:00+02:00"", ""end"": ""2026-05-09T19:00:00+02:00""}, {""begin"": ""2026-05-14T14:00:00+02:00"", ""end"": ""2026-05-14T18:00:00+02:00""}, {""begin"": ""2026-05-15T14:00:00+02:00"", ""end"": ""2026-05-15T18:00:00+02:00""}, {""begin"": ""2026-05-16T14:00:00+02:00"", ""end"": ""2026-05-16T18:00:00+02:00""}, {""begin"": ""2026-05-21T14:00:00+02:00"", ""end"": ""2026-05-21T18:00:00+02:00""}, {""begin"": ""2026-05-22T14:00:00+02:00"", ""end"": ""2026-05-22T18:00:00+02:00""}, {""begin"": ""2026-05-23T14:00:00+02:00"", ""end"": ""2026-05-23T18:00:00+02:00""}, {""begin"": ""2026-05-28T14:00:00+02:00"", ""end"": ""2026-05-28T18:00:00+02:00""}, {""begin"": ""2026-05-29T14:00:00+02:00"", ""end"": ""2026-05-29T18:00:00+02:00""}, {""begin"": ""2026-05-30T14:00:00+02:00"", ""end"": ""2026-05-30T18:00:00+02:00""}, {""begin"": ""2026-06-04T14:00:00+02:00"", ""end"": ""2026-06-04T18:00:00+02:00""}, {""begin"": ""2026-06-05T14:00:00+02:00"", ""end"": ""2026-06-05T18:00:00+02:00""}, {""begin"": ""2026-06-06T14:00:00+02:00"", ""end"": ""2026-06-06T18:00:00+02:00""}, {""begin"": ""2026-06-11T14:00:00+02:00"", ""end"": ""2026-06-11T18:00:00+02:00""}, {""begin"": ""2026-06-12T14:00:00+02:00"", ""end"": ""2026-06-12T18:00:00+02:00""}, {""begin"": ""2026-06-13T14:00:00+02:00"", ""end"": ""2026-06-13T18:00:00+02:00""}, {""begin"": ""2026-06-18T14:00:00+02:00"", ""end"": ""2026-06-18T18:00:00+02:00""}, {""begin"": ""2026-06-19T14:00:00+02:00"", ""end"": ""2026-06-19T18:00:00+02:00""}, {""begin"": ""2026-06-20T14:00:00+02:00"", ""end"": ""2026-06-20T18:00:00+02:00""}, {""begin"": ""2026-06-25T14:00:00+02:00"", ""end"": ""2026-06-25T18:00:00+02:00""}, {""begin"": ""2026-06-26T14:00:00+02:00"", ""end"": ""2026-06-26T18:00:00+02:00""}, {""begin"": ""2026-06-27T14:00:00+02:00"", ""end"": ""2026-06-27T18:00:00+02:00""}]",Galerie Modulab,28 rue Mazelle,57000,Metz,Moselle,Grand Est,,,,"{""id"": 1, ""label"": {""fr"": ""Sur place"", ""en"": ""In situ"", ""it"": ""In presenza"", ""es"": ""Desconnectad"", ""de"": ""Offline"", ""br"": ""War al lec\u2019h"", ""io"": ""crwdns14266:0crwdne14266:0"", ""oc"": ""Sus pla\u00e7a"", ""nl"": ""Ter plaatse""}}",,
76907952,https://openagenda.com/maiavelo/events/mai-a-velo-2026-1795550,Mai à Vélo 2026,Faites parcourir à votre communauté le plus de kilomètres au mois de mai ! Retrouvez tous les classements sur https://challenge-maiavelo.geovelo.fr/,,,['challenge-id=187732'],,1 - 31 mai,2026-04-30 22:00:00+00:00,2026-05-31 21:59:59+00:00,"[{""begin"": ""2026-05-01T00:00:00+02:00"", ""end"": ""2026-05-01T01:59:59+02:00""}, {""begin"": ""2026-05-01T02:00:00+02:00"", ""end"": ""2026-05-02T01:59:59+02:00""}, {""begin"": ""2026-05-02T02:00:00+02:00"", ""end"": ""2026-05-03T01:59:59+02:00""}, {""begin"": ""2026-05-03T02:00:00+02:00"", ""end"": ""2026-05-04T01:59:59+02:00""}, {""begin"": ""2026-05-04T02:00:00+02:00"", ""end"": ""2026-05-05T01:59:59+02:00""}, {""begin"": ""2026-05-05T02:00:00+02:00"", ""end"": ""2026-05-06T01:59:59+02:00""}, {""begin"": ""2026-05-06T02:00:00+02:00"", ""end"": ""2026-05-07T01:59:59+02:00""}, {""begin"": ""2026-05-07T02:00:00+02:00"", ""end"": ""2026-05-08T01:59:59+02:00""}, {""begin"": ""2026-05-08T02:00:00+02:00"", ""end"": ""2026-05-09T01:59:59+02:00""}, {""begin"": ""2026-05-09T02:00:00+02:00"", ""end"": ""2026-05-10T01:59:59+02:00""}, {""begin"": ""2026-05-10T02:00:00+02:00"", ""end"": ""2026-05-11T01:59:59+02:00""}, {""begin"": ""2026-05-11T02:00:00+02:00"", ""end"": ""2026-05-12T01:59:59+02:00""}, {""begin"": ""2026-05-12T02:00:00+02:00"", ""end"": ""2026-05-13T01:59:59+02:00""}, {""begin"": ""2026-05-13T02:00:00+02:00"", ""end"": ""2026-05-14T01:59:59+02:00""}, {""begin"": ""2026-05-14T02:00:00+02:00"", ""end"": ""2026-05-15T01:59:59+02:00""}, {""begin"": ""2026-05-15T02:00:00+02:00"", ""end"": ""2026-05-16T01:59:59+02:00""}, {""begin"": ""2026-05-16T02:00:00+02:00"", ""end"": ""2026-05-17T01:59:59+02:00""}, {""begin"": ""2026-05-17T02:00:00+02:00"", ""end"": ""2026-05-18T01:59:59+02:00""}, {""begin"": ""2026-05-18T02:00:00+02:00"", ""end"": ""2026-05-19T01:59:59+02:00""}, {""begin"": ""2026-05-19T02:00:00+02:00"", ""end"": ""2026-05-20T01:59:59+02:00""}, {""begin"": ""2026-05-20T02:00:00+02:00"", ""end"": ""2026-05-21T01:59:59+02:00""}, {""begin"": ""2026-05-21T02:00:00+02:00"", ""end"": ""2026-05-22T01:59:59+02:00""}, {""begin"": ""2026-05-22T02:00:00+02:00"", ""end"": ""2026-05-23T01:59:59+02:00""}, {""begin"": ""2026-05-23T02:00:00+02:00"", ""end"": ""2026-05-24T01:59:59+02:00""}, {""begin"": ""2026-05-24T02:00:00+02:00"", ""end"": ""2026-05-25T01:59:59+02:00""}, {""begin"": ""2026-05-25T02:00:00+02:00"", ""end"": ""2026-05-26T01:59:59+02:00""}, {""begin"": ""2026-05-26T02:00:00+02:00"", ""end"": ""2026-05-27T01:59:59+02:00""}, {""begin"": ""2026-05-27T02:00:00+02:00"", ""end"": ""2026-05-28T01:59:59+02:00""}, {""begin"": ""2026-05-28T02:00:00+02:00"", ""end"": ""2026-05-29T01:59:59+02:00""}, {""begin"": ""2026-05-29T02:00:00+02:00"", ""end"": ""2026-05-30T01:59:59+02:00""}, {""begin"": ""2026-05-30T02:00:00+02:00"", ""end"": ""2026-05-31T01:59:59+02:00""}, {""begin"": ""2026-05-31T02:00:00+02:00"", ""end"": ""2026-05-31T23:59:59+02:00""}]",Eurométropole de Metz,"Hôtel de ville de Metz, Place d'Armes - Jacques-François Blondel, 57000 Metz, France",57000,Metz,Moselle,Grand Est,,,,"{""id"": 1, ""label"": {""fr"": ""Sur place"", ""en"": ""In situ"", ""it"": ""In presenza"", ""es"": ""Desconnectad"", ""de"": ""Offline"", ""br"": ""War al lec\u2019h"", ""io"": ""crwdns14266:0crwdne14266:0"", ""oc"": ""Sus pla\u00e7a"", ""nl"": ""Ter plaatse""}}",,"[{""type"": ""link"", ""value"": ""https://challenge-maiavelo.geovelo.fr/""}]"
21484100,https://openagenda.com/maiavelo/events/atelier-mobile-8147683,Atelier mobile,Atelier de réparation vélo et gravage,Cette acion réalisée avec un partenaire associatif consiste en l'installation d'un atelier-mobile animé par deux techniciens qui réalisent des diagnostics vélos et de petites réparations.,,,,"Mardi 12 mai, 12h00",2026-05-12 10:00:00+00:00,2026-05-12 12:00:00+00:00,"[{""begin"": ""2026-05-12T12:00:00+02:00"", ""end"": ""2026-05-12T14:00:00+02:00""}]",Cité administrative Polygone,5 rue Hinzelin 57000 Metz,57000,Metz,Moselle,Grand Est,,,,"{""id"": 1, ""label"": {""fr"": ""Sur place"", ""en"": ""In situ"", ""it"": ""In presenza"", ""es"": ""Desconnectad"", ""de"": ""Offline"", ""br"": ""War al lec\u2019h"", ""io"": ""crwdns14266:0crwdne14266:0"", ""oc"": ""Sus pla\u00e7a"", ""nl"": ""Ter plaatse""}}",,
91028801,https://openagenda.com/semaine-des-metiers-du-tourisme-2026/events/semaine-des-metiers-du-tourisme-2026-7966969,Semaine des Métiers du Tourisme 2026,"Rencontres à l'agence Inspire Metz avec des professionnels du tourisme, de l'hôtellerie et de la restauration","L'agence Inspire Metz et l'UMIH 57 proposent aux classes de 4ème et 3ème de venir les rencontrer à l'agence Inspire Metz, place d'Armes J.F Blondel, pour échanger et découvrir les métiers et les formations attendues pour travailler dans ces domaines.",,"['tourisme', 'hôtel', 'restaurant', 'UMIH', 'office de tourisme', 'attractivité']",,"Jeudi 5 février, 10h00",2026-02-05 09:00:00+00:00,2026-02-05 11:00:00+00:00,"[{""begin"": ""2026-02-05T10:00:00+01:00"", ""end"": ""2026-02-05T12:00:00+01:00""}]",Agence Inspire Metz,"2, place d'Armes",57014,Metz,Moselle,Grand Est,"['handicap visuel', 'handicap auditif', 'handicap moteur']",,,"{""id"": 1, ""label"": {""fr"": ""Sur place"", ""en"": ""In situ"", ""it"": ""In presenza"", ""es"": ""Desconnectad"", ""de"": ""Offline"", ""br"": ""War al lec\u2019h"", ""io"": ""crwdns14266:0crwdne14266:0"", ""oc"": ""Sus pla\u00e7a"", ""nl"": ""Ter plaatse""}}",,"[{""type"": ""email"", ""value"": ""sdiaz@inspire-metz.com""}]"
66172087,https://openagenda.com/fetedelamusique2026/events/vnr-ambition-concert-place-de-la-republique-metz,VNR Ambition - Concert Metz,Le collectif VNR Ambition à 21h30 place de la République à Metz,Le collectif VNR Ambition à 21h30 place de la République à Metz,"Gratuit, en accès libre",,,"Dimanche 21 juin, 21h30",2026-06-21 19:30:00+00:00,2026-06-21 21:59:00+00:00,"[{""begin"": ""2026-06-21T21:30:00+02:00"", ""end"": ""2026-06-21T23:59:00+02:00""}]",Place de la République - Podium A,place de la république Metz,,Metz,Moselle,Grand Est,,,,"{""id"": 1, ""label"": {""fr"": ""Sur place""}}",,
13657595,https://openagenda.com/francetravail/events/culligan-recrute,CULLIGAN RECRUTE,"Dans le cadre de son développement commercial, CULLIGAN recherche un(e) Commercial(e) terrain orienté vers la conquête de nouveaux clients.","Dans le cadre de son développement commercial, CULLIGAN recherche un(e) Commercial(e) terrain orienté vers la conquête de nouveaux clients. Pourquoi rejoindre la Team Culligan ? -Poste en CDI, statut salarié -Package attractif et motivant : salaire fixe variable déplafonné primes mensuelles et trimestrielles participation / intéressement -Véhicule de service (dès la 1ère semaine) avec carte essence -Smartphone IPad -Tickets restaurant (12,20 euros) -Avantages CSE (chèques cadeaux / vacances, bil",,"['#TousMobilisés', 'Recrutement']",,"Jeudi 17 septembre, 09h00",2026-09-17 07:00:00+00:00,2026-09-17 10:00:00+00:00,"[{""begin"": ""2026-09-17T09:00:00+02:00"", ""end"": ""2026-09-17T12:00:00+02:00""}]",Agence METZ BLIDA,57000 Metz,57014,Metz,Moselle,Grand Est,,,,"{""id"": 1, ""label"": {""fr"": ""Sur place"", ""en"": ""In situ"", ""it"": ""In presenza"", ""es"": ""Desconnectad"", ""de"": ""Offline"", ""br"": ""War al lec\u2019h"", ""io"": ""crwdns14266:0crwdne14266:0"", ""oc"": ""Sus pla\u00e7a"", ""nl"": ""Ter plaatse""}}",,"[{""type"": ""link"", ""value"": ""https://mesevenementsemploi.francetravail.fr/mes-evenements-emploi/evenement/729110""}]"
38474122,https://openagenda.com/culture/events/apres-la-fin-cartes-pour-un-autre-avenir,Après la fin. Cartes pour un autre avenir,"Rassemblant les œuvres de 40 artistes internationaux, l’exposition cherche à remettre en question le récit occidental ancré dans un système colonial à travers des récits nouveaux.","Rassemblant les œuvres de 40 artistes internationaux, l’exposition Après la fin. Cartes pour un autre avenir cherche à remettre en question le récit occidental ancré dans un système colonial à travers des récits nouveaux et ancestraux, populaires et modernes. Soulignant l’importance des communautés, l’exposition s’organise autour de réflexions qui interrogent la diaspora et les limites de l’intelligibilité de la modernité afin d’imaginer d’autres mondes au-delà de la fin des temps, au-delà de notre propre temps.",10 ou 14€ selon le nombre d'expositions ouvertes le jour de la visite,"['exposition', 'art contemporain']",,25 janvier - 1 septembre 2025,2025-01-25 09:00:00+00:00,2025-09-01 16:00:00+00:00,"[{""begin"": ""2025-01-25T10:00:00+01:00"", ""end"": ""2025-01-25T18:00:00+01:00""}, {""begin"": ""2025-01-26T10:00:00+01:00"", ""end"": ""2025-01-26T18:00:00+01:00""}, {""begin"": ""2025-01-27T10:00:00+01:00"", ""end"": ""2025-01-27T18:00:00+01:00""}, {""begin"": ""2025-01-29T10:00:00+01:00"", ""end"": ""2025-01-29T18:00:00+01:00""}, {""begin"": ""2025-01-30T10:00:00+01:00"", ""end"": ""2025-01-30T18:00:00+01:00""}, {""begin"": ""2025-01-31T10:00:00+01:00"", ""end"": ""2025-01-31T18:00:00+01:00""}, {""begin"": ""2025-02-01T10:00:00+01:00"", ""end"": ""2025-02-01T18:00:00+01:00""}, {""begin"": ""2025-02-02T10:00:00+01:00"", ""end"": ""2025-02-02T18:00:00+01:00""}, {""begin"": ""2025-02-03T10:00:00+01:00"", ""end"": ""2025-02-03T18:00:00+01:00""}, {""begin"": ""2025-02-05T10:00:00+01:00"", ""end"": ""2025-02-05T18:00:00+01:00""}, {""begin"": ""2025-02-06T10:00:00+01:00"", ""end"": ""2025-02-06T18:00:00+01:00""}, {""begin"": ""2025-02-07T10:00:00+01:00"", ""end"": ""2025-02-07T18:00:00+01:00""}, {""begin"": ""2025-02-08T10:00:00+01:00"", ""end"": ""2025-02-08T18:00:00+01:00""}, {""begin"": ""2025-02-09T10:00:00+01:00"", ""end"": ""2025-02-09T18:00:00+01:00""}, {""begin"": ""2025-02-10T10:00:00+01:00"", ""end"": ""2025-02-10T18:00:00+01:00""}, {""begin"": ""2025-02-12T10:00:00+01:00"", ""end"": ""2025-02-12T18:00:00+01:00""}, {""begin"": ""2025-02-13T10:00:00+01:00"", ""end"": ""2025-02-13T18:00:00+01:00""}, {""begin"": ""2025-02-14T10:00:00+01:00"", ""end"": ""2025-02-14T18:00:00+01:00""}, {""begin"": ""2025-02-15T10:00:00+01:00"", ""end"": ""2025-02-15T18:00:00+01:00""}, {""begin"": ""2025-02-16T10:00:00+01:00"", ""end"": ""2025-02-16T18:00:00+01:00""}, {""begin"": ""2025-02-17T10:00:00+01:00"", ""end"": ""2025-02-17T18:00:00+01:00""}, {""begin"": ""2025-02-19T10:00:00+01:00"", ""end"": ""2025-02-19T18:00:00+01:00""}, {""begin"": ""2025-02-20T10:00:00+01:00"", ""end"": ""2025-02-20T18:00:00+01:00""}, {""begin"": ""2025-02-21T10:00:00+01:00"", ""end"": ""2025-02-21T18:00:00+01:00""}, {""begin"": ""2025-02-22T10:00:00+01:00"", ""end"": ""2025-02-22T18:00:00+01:00""}, {""begin"": ""2025-02-23T10:00:00+01:00"", ""end"": ""2025-02-23T18:00:00+01:00""}, {""begin"": ""2025-02-24T10:00:00+01:00"", ""end"": ""2025-02-24T18:00:00+01:00""}, {""begin"": ""2025-02-26T10:00:00+01:00"", ""end"": ""2025-02-26T18:00:00+01:00""}, {""begin"": ""2025-02-27T10:00:00+01:00"", ""end"": ""2025-02-27T18:00:00+01:00""}, {""begin"": ""2025-02-28T10:00:00+01:00"", ""end"": ""2025-02-28T18:00:00+01:00""}, {""begin"": ""2025-03-01T10:00:00+01:00"", ""end"": ""2025-03-01T18:00:00+01:00""}, {""begin"": ""2025-03-02T10:00:00+01:00"", ""end"": ""2025-03-02T18:00:00+01:00""}, {""begin"": ""2025-03-03T10:00:00+01:00"", ""end"": ""2025-03-03T18:00:00+01:00""}, {""begin"": ""2025-03-05T10:00:00+01:00"", ""end"": ""2025-03-05T18:00:00+01:00""}, {""begin"": ""2025-03-06T10:00:00+01:00"", ""end"": ""2025-03-06T18:00:00+01:00""}, {""begin"": ""2025-03-07T10:00:00+01:00"", ""end"": ""2025-03-07T18:00:00+01:00""}, {""begin"": ""2025-03-08T10:00:00+01:00"", ""end"": ""2025-03-08T18:00:00+01:00""}, {""begin"": ""2025-03-09T10:00:00+01:00"", ""end"": ""2025-03-09T18:00:00+01:00""}, {""begin"": ""2025-03-10T10:00:00+01:00"", ""end"": ""2025-03-10T18:00:00+01:00""}, {""begin"": ""2025-03-12T10:00:00+01:00"", ""end"": ""2025-03-12T18:00:00+01:00""}, {""begin"": ""2025-03-13T10:00:00+01:00"", ""end"": ""2025-03-13T18:00:00+01:00""}, {""begin"": ""2025-03-14T10:00:00+01:00"", ""end"": ""2025-03-14T18:00:00+01:00""}, {""begin"": ""2025-03-15T10:00:00+01:00"", ""end"": ""2025-03-15T18:00:00+01:00""}, {""begin"": ""2025-03-16T10:00:00+01:00"", ""end"": ""2025-03-16T18:00:00+01:00""}, {""begin"": ""2025-03-17T10:00:00+01:00"", ""end"": ""2025-03-17T18:00:00+01:00""}, {""begin"": ""2025-03-19T10:00:00+01:00"", ""end"": ""2025-03-19T18:00:00+01:00""}, {""begin"": ""2025-03-20T10:00:00+01:00"", ""end"": ""2025-03-20T18:00:00+01:00""}, {""begin"": ""2025-03-21T10:00:00+01:00"", ""end"": ""2025-03-21T18:00:00+01:00""}, {""begin"": ""2025-03-22T10:00:00+01:00"", ""end"": ""2025-03-22T18:00:00+01:00""}, {""begin"": ""2025-03-23T10:00:00+01:00"", ""end"": ""2025-03-23T18:00:00+01:00""}, {""begin"": ""2025-03-24T10:00:00+01:00"", ""end"": ""2025-03-24T18:00:00+01:00""}, {""begin"": ""2025-03-26T10:00:00+01:00"", ""end"": ""2025-03-26T18:00:00+01:00""}, {""begin"": ""2025-03-27T10:00:00+01:00"", ""end"": ""2025-03-27T18:00:00+01:00""}, {""begin"": ""2025-03-28T10:00:00+01:00"", ""end"": ""2025-03-28T18:00:00+01:00""}, {""begin"": ""2025-03-29T10:00:00+01:00"", ""end"": ""2025-03-29T18:00:00+01:00""}, {""begin"": ""2025-03-30T10:00:00+02:00"", ""end"": ""2025-03-30T18:00:00+02:00""}, {""begin"": ""2025-03-31T10:00:00+02:00"", ""end"": ""2025-03-31T18:00:00+02:00""}, {""begin"": ""2025-04-02T10:00:00+02:00"", ""end"": ""2025-04-02T18:00:00+02:00""}, {""begin"": ""2025-04-03T10:00:00+02:00"", ""end"": ""2025-04-03T18:00:00+02:00""}, {""begin"": ""2025-04-04T10:00:00+02:00"", ""end"": ""2025-04-04T19:00:00+02:00""}, {""begin"": ""2025-04-05T10:00:00+02:00"", ""end"": ""2025-04-05T19:00:00+02:00""}, {""begin"": ""2025-04-06T10:00:00+02:00"", ""end"": ""2025-04-06T19:00:00+02:00""}, {""begin"": ""2025-04-07T10:00:00+02:00"", ""end"": ""2025-04-07T18:00:00+02:00""}, {""begin"": ""2025-04-09T10:00:00+02:00"", ""end"": ""2025-04-09T18:00:00+02:00""}, {""begin"": ""2025-04-10T10:00:00+02:00"", ""end"": ""2025-04-10T18:00:00+02:00""}, {""begin"": ""2025-04-11T10:00:00+02:00"", ""end"": ""2025-04-11T19:00:00+02:00""}, {""begin"": ""2025-04-12T10:00:00+02:00"", ""end"": ""2025-04-12T19:00:00+02:00""}, {""begin"": ""2025-04-13T10:00:00+02:00"", ""end"": ""2025-04-13T19:00:00+02:00""}, {""begin"": ""2025-04-14T10:00:00+02:00"", ""end"": ""2025-04-14T18:00:00+02:00""}, {""begin"": ""2025-04-16T10:00:00+02:00"", ""end"": ""2025-04-16T18:00:00+02:00""}, {""begin"": ""2025-04-17T10:00:00+02:00"", ""end"": ""2025-04-17T18:00:00+02:00""}, {""begin"": ""2025-04-18T10:00:00+02:00"", ""end"": ""2025-04-18T19:00:00+02:00""}, {""begin"": ""2025-04-19T10:00:00+02:00"", ""end"": ""2025-04-19T19:00:00+02:00""}, {""begin"": ""2025-04-20T10:00:00+02:00"", ""end"": ""2025-04-20T19:00:00+02:00""}, {""begin"": ""2025-04-21T10:00:00+02:00"", ""end"": ""2025-04-21T18:00:00+02:00""}, {""begin"": ""2025-04-23T10:00:00+02:00"", ""end"": ""2025-04-23T18:00:00+02:00""}, {""begin"": ""2025-04-24T10:00:00+02:00"", ""end"": ""2025-04-24T18:00:00+02:00""}, {""begin"": ""2025-04-25T10:00:00+02:00"", ""end"": ""2025-04-25T19:00:00+02:00""}, {""begin"": ""2025-04-26T10:00:00+02:00"", ""end"": ""2025-04-26T19:00:00+02:00""}, {""begin"": ""2025-04-27T10:00:00+02:00"", ""end"": ""2025-04-27T19:00:00+02:00""}, {""begin"": ""2025-04-28T10:00:00+02:00"", ""end"": ""2025-04-28T18:00:00+02:00""}, {""begin"": ""2025-04-30T10:00:00+02:00"", ""end"": ""2025-04-30T18:00:00+02:00""}, {""begin"": ""2025-05-02T10:00:00+02:00"", ""end"": ""2025-05-02T19:00:00+02:00""}, {""begin"": ""2025-05-03T10:00:00+02:00"", ""end"": ""2025-05-03T19:00:00+02:00""}, {""begin"": ""2025-05-04T10:00:00+02:00"", ""end"": ""2025-05-04T19:00:00+02:00""}, {""begin"": ""2025-05-05T10:00:00+02:00"", ""end"": ""2025-05-05T18:00:00+02:00""}, {""begin"": ""2025-05-07T10:00:00+02:00"", ""end"": ""2025-05-07T18:00:00+02:00""}, {""begin"": ""2025-05-08T10:00:00+02:00"", ""end"": ""2025-05-08T18:00:00+02:00""}, {""begin"": ""2025-05-09T10:00:00+02:00"", ""end"": ""2025-05-09T19:00:00+02:00""}, {""begin"": ""2025-05-10T10:00:00+02:00"", ""end"": ""2025-05-10T19:00:00+02:00""}, {""begin"": ""2025-05-11T10:00:00+02:00"", ""end"": ""2025-05-11T19:00:00+02:00""}, {""begin"": ""2025-05-12T10:00:00+02:00"", ""end"": ""2025-05-12T18:00:00+02:00""}, {""begin"": ""2025-05-14T10:00:00+02:00"", ""end"": ""2025-05-14T18:00:00+02:00""}, {""begin"": ""2025-05-15T10:00:00+02:00"", ""end"": ""2025-05-15T18:00:00+02:00""}, {""begin"": ""2025-05-16T10:00:00+02:00"", ""end"": ""2025-05-16T19:00:00+02:00""}, {""begin"": ""2025-05-17T10:00:00+02:00"", ""end"": ""2025-05-17T19:00:00+02:00""}, {""begin"": ""2025-05-18T10:00:00+02:00"", ""end"": ""2025-05-18T19:00:00+02:00""}, {""begin"": ""2025-05-19T10:00:00+02:00"", ""end"": ""2025-05-19T18:00:00+02:00""}, {""begin"": ""2025-05-21T10:00:00+02:00"", ""end"": ""2025-05-21T18:00:00+02:00""}, {""begin"": ""2025-05-22T10:00:00+02:00"", ""end"": ""2025-05-22T18:00:00+02:00""}, {""begin"": ""2025-05-23T10:00:00+02:00"", ""end"": ""2025-05-23T19:00:00+02:00""}, {""begin"": ""2025-05-24T10:00:00+02:00"", ""end"": ""2025-05-24T19:00:00+02:00""}, {""begin"": ""2025-05-25T10:00:00+02:00"", ""end"": ""2025-05-25T19:00:00+02:00""}, {""begin"": ""2025-05-26T10:00:00+02:00"", ""end"": ""2025-05-26T18:00:00+02:00""}, {""begin"": ""2025-05-28T10:00:00+02:00"", ""end"": ""2025-05-28T18:00:00+02:00""}, {""begin"": ""2025-05-29T10:00:00+02:00"", ""end"": ""2025-05-29T18:00:00+02:00""}, {""begin"": ""2025-05-30T10:00:00+02:00"", ""end"": ""2025-05-30T19:00:00+02:00""}, {""begin"": ""2025-05-31T10:00:00+02:00"", ""end"": ""2025-05-31T19:00:00+02:00""}, {""begin"": ""2025-06-01T10:00:00+02:00"", ""end"": ""2025-06-01T19:00:00+02:00""}, {""begin"": ""2025-06-02T10:00:00+02:00"", ""end"": ""2025-06-02T18:00:00+02:00""}, {""begin"": ""2025-06-04T10:00:00+02:00"", ""end"": ""2025-06-04T18:00:00+02:00""}, {""begin"": ""2025-06-05T10:00:00+02:00"", ""end"": ""2025-06-05T18:00:00+02:00""}, {""begin"": ""2025-06-06T10:00:00+02:00"", ""end"": ""2025-06-06T19:00:00+02:00""}, {""begin"": ""2025-06-07T10:00:00+02:00"", ""end"": ""2025-06-07T19:00:00+02:00""}, {""begin"": ""2025-06-08T10:00:00+02:00"", ""end"": ""2025-06-08T19:00:00+02:00""}, {""begin"": ""2025-06-09T10:00:00+02:00"", ""end"": ""2025-06-09T18:00:00+02:00""}, {""begin"": ""2025-06-11T10:00:00+02:00"", ""end"": ""2025-06-11T18:00:00+02:00""}, {""begin"": ""2025-06-12T10:00:00+02:00"", ""end"": ""2025-06-12T18:00:00+02:00""}, {""begin"": ""2025-06-13T10:00:00+02:00"", ""end"": ""2025-06-13T19:00:00+02:00""}, {""begin"": ""2025-06-14T10:00:00+02:00"", ""end"": ""2025-06-14T19:00:00+02:00""}, {""begin"": ""2025-06-15T10:00:00+02:00"", ""end"": ""2025-06-15T19:00:00+02:00""}, {""begin"": ""2025-06-16T10:00:00+02:00"", ""end"": ""2025-06-16T18:00:00+02:00""}, {""begin"": ""2025-06-18T10:00:00+02:00"", ""end"": ""2025-06-18T18:00:00+02:00""}, {""begin"": ""2025-06-19T10:00:00+02:00"", ""end"": ""2025-06-19T18:00:00+02:00""}, {""begin"": ""2025-06-20T10:00:00+02:00"", ""end"": ""2025-06-20T19:00:00+02:00""}, {""begin"": ""2025-06-21T10:00:00+02:00"", ""end"": ""2025-06-21T19:00:00+02:00""}, {""begin"": ""2025-06-22T10:00:00+02:00"", ""end"": ""2025-06-22T19:00:00+02:00""}, {""begin"": ""2025-06-23T10:00:00+02:00"", ""end"": ""2025-06-23T18:00:00+02:00""}, {""begin"": ""2025-06-25T10:00:00+02:00"", ""end"": ""2025-06-25T18:00:00+02:00""}, {""begin"": ""2025-06-26T10:00:00+02:00"", ""end"": ""2025-06-26T18:00:00+02:00""}, {""begin"": ""2025-06-27T10:00:00+02:00"", ""end"": ""2025-06-27T19:00:00+02:00""}, {""begin"": ""2025-06-28T10:00:00+02:00"", ""end"": ""2025-06-28T19:00:00+02:00""}, {""begin"": ""2025-06-29T10:00:00+02:00"", ""end"": ""2025-06-29T19:00:00+02:00""}, {""begin"": ""2025-06-30T10:00:00+02:00"", ""end"": ""2025-06-30T18:00:00+02:00""}, {""begin"": ""2025-07-02T10:00:00+02:00"", ""end"": ""2025-07-02T18:00:00+02:00""}, {""begin"": ""2025-07-03T10:00:00+02:00"", ""end"": ""2025-07-03T18:00:00+02:00""}, {""begin"": ""2025-07-04T10:00:00+02:00"", ""end"": ""2025-07-04T19:00:00+02:00""}, {""begin"": ""2025-07-05T10:00:00+02:00"", ""end"": ""2025-07-05T19:00:00+02:00""}, {""begin"": ""2025-07-06T10:00:00+02:00"", ""end"": ""2025-07-06T19:00:00+02:00""}, {""begin"": ""2025-07-07T10:00:00+02:00"", ""end"": ""2025-07-07T18:00:00+02:00""}, {""begin"": ""2025-07-09T10:00:00+02:00"", ""end"": ""2025-07-09T18:00:00+02:00""}, {""begin"": ""2025-07-10T10:00:00+02:00"", ""end"": ""2025-07-10T18:00:00+02:00""}, {""begin"": ""2025-07-11T10:00:00+02:00"", ""end"": ""2025-07-11T19:00:00+02:00""}, {""begin"": ""2025-07-12T10:00:00+02:00"", ""end"": ""2025-07-12T19:00:00+02:00""}, {""begin"": ""2025-07-13T10:00:00+02:00"", ""end"": ""2025-07-13T19:00:00+02:00""}, {""begin"": ""2025-07-14T10:00:00+02:00"", ""end"": ""2025-07-14T18:00:00+02:00""}, {""begin"": ""2025-07-16T10:00:00+02:00"", ""end"": ""2025-07-16T18:00:00+02:00""}, {""begin"": ""2025-07-17T10:00:00+02:00"", ""end"": ""2025-07-17T18:00:00+02:00""}, {""begin"": ""2025-07-18T10:00:00+02:00"", ""end"": ""2025-07-18T19:00:00+02:00""}, {""begin"": ""2025-07-19T10:00:00+02:00"", ""end"": ""2025-07-19T19:00:00+02:00""}, {""begin"": ""2025-07-20T10:00:00+02:00"", ""end"": ""2025-07-20T19:00:00+02:00""}, {""begin"": ""2025-07-21T10:00:00+02:00"", ""end"": ""2025-07-21T18:00:00+02:00""}, {""begin"": ""2025-07-23T10:00:00+02:00"", ""end"": ""2025-07-23T18:00:00+02:00""}, {""begin"": ""2025-07-24T10:00:00+02:00"", ""end"": ""2025-07-24T18:00:00+02:00""}, {""begin"": ""2025-07-25T10:00:00+02:00"", ""end"": ""2025-07-25T19:00:00+02:00""}, {""begin"": ""2025-07-26T10:00:00+02:00"", ""end"": ""2025-07-26T19:00:00+02:00""}, {""begin"": ""2025-07-27T10:00:00+02:00"", ""end"": ""2025-07-27T19:00:00+02:00""}, {""begin"": ""2025-07-28T10:00:00+02:00"", ""end"": ""2025-07-28T18:00:00+02:00""}, {""begin"": ""2025-07-30T10:00:00+02:00"", ""end"": ""2025-07-30T18:00:00+02:00""}, {""begin"": ""2025-07-31T10:00:00+02:00"", ""end"": ""2025-07-31T18:00:00+02:00""}, {""begin"": ""2025-08-01T10:00:00+02:00"", ""end"": ""2025-08-01T19:00:00+02:00""}, {""begin"": ""2025-08-02T10:00:00+02:00"", ""end"": ""2025-08-02T19:00:00+02:00""}, {""begin"": ""2025-08-03T10:00:00+02:00"", ""end"": ""2025-08-03T19:00:00+02:00""}, {""begin"": ""2025-08-04T10:00:00+02:00"", ""end"": ""2025-08-04T18:00:00+02:00""}, {""begin"": ""2025-08-06T10:00:00+02:00"", ""end"": ""2025-08-06T18:00:00+02:00""}, {""begin"": ""2025-08-07T10:00:00+02:00"", ""end"": ""2025-08-07T18:00:00+02:00""}, {""begin"": ""2025-08-08T10:00:00+02:00"", ""end"": ""2025-08-08T19:00:00+02:00""}, {""begin"": ""2025-08-09T10:00:00+02:00"", ""end"": ""2025-08-09T19:00:00+02:00""}, {""begin"": ""2025-08-10T10:00:00+02:00"", ""end"": ""2025-08-10T19:00:00+02:00""}, {""begin"": ""2025-08-11T10:00:00+02:00"", ""end"": ""2025-08-11T18:00:00+02:00""}, {""begin"": ""2025-08-13T10:00:00+02:00"", ""end"": ""2025-08-13T18:00:00+02:00""}, {""begin"": ""2025-08-14T10:00:00+02:00"", ""end"": ""2025-08-14T18:00:00+02:00""}, {""begin"": ""2025-08-15T10:00:00+02:00"", ""end"": ""2025-08-15T19:00:00+02:00""}, {""begin"": ""2025-08-16T10:00:00+02:00"", ""end"": ""2025-08-16T19:00:00+02:00""}, {""begin"": ""2025-08-17T10:00:00+02:00"", ""end"": ""2025-08-17T19:00:00+02:00""}, {""begin"": ""2025-08-18T10:00:00+02:00"", ""end"": ""2025-08-18T18:00:00+02:00""}, {""begin"": ""2025-08-20T10:00:00+02:00"", ""end"": ""2025-08-20T18:00:00+02:00""}, {""begin"": ""2025-08-21T10:00:00+02:00"", ""end"": ""2025-08-21T18:00:00+02:00""}, {""begin"": ""2025-08-22T10:00:00+02:00"", ""end"": ""2025-08-22T19:00:00+02:00""}, {""begin"": ""2025-08-23T10:00:00+02:00"", ""end"": ""2025-08-23T19:00:00+02:00""}, {""begin"": ""2025-08-24T10:00:00+02:00"", ""end"": ""2025-08-24T19:00:00+02:00""}, {""begin"": ""2025-08-25T10:00:00+02:00"", ""end"": ""2025-08-25T18:00:00+02:00""}, {""begin"": ""2025-08-27T10:00:00+02:00"", ""end"": ""2025-08-27T18:00:00+02:00""}, {""begin"": ""2025-08-28T10:00:00+02:00"", ""end"": ""2025-08-28T18:00:00+02:00""}, {""begin"": ""2025-08-29T10:00:00+02:00"", ""end"": ""2025-08-29T19:00:00+02:00""}, {""begin"": ""2025-08-30T10:00:00+02:00"", ""end"": ""2025-08-30T19:00:00+02:00""}, {""begin"": ""2025-08-31T10:00:00+02:00"", ""end"": ""2025-08-31T19:00:00+02:00""}, {""begin"": ""2025-09-01T10:00:00+02:00"", ""end"": ""2025-09-01T18:00:00+02:00""}]",Centre Pompidou - Metz,"1 parvis des droits de l'Homme, Metz",57000,Metz,Moselle,Grand Est,,,,"{""id"": 1, ""label"": {""fr"": ""Sur place"", ""en"": ""In situ"", ""it"": ""In presenza"", ""es"": ""Desconnectad"", ""de"": ""Offline"", ""br"": ""War al lec\u2019h"", ""io"": ""crwdns14266:0crwdne14266:0"", ""oc"": ""Sus pla\u00e7a""}}",,"[{""type"": ""link"", ""value"": ""https://billetterie.centrepompidou-metz.fr/selection/timeslotpass?productId=10229309087096""}]"
18111008,https://openagenda.com/culture/events/visite-libre-de-leglise-sainte-therese-de-lenfant-jesus-3913704,Visite de l'église Sainte-Thérèse-de-l'enfant-Jésus,"Venez découvrir l'église Sainte-Thérèse, célèbre pour son architecture en béton et son imposante flèche.","Venez découvrir l'église Sainte-Thérèse, célèbre pour son architecture en béton et son imposante flèche.",,,,20 et 21 septembre 2025,2025-09-20 07:00:00+00:00,2025-09-21 15:00:00+00:00,"[{""begin"": ""2025-09-20T09:00:00+02:00"", ""end"": ""2025-09-20T17:00:00+02:00""}, {""begin"": ""2025-09-21T09:00:00+02:00"", ""end"": ""2025-09-21T17:00:00+02:00""}]",Église Sainte-Thérèse-de-l'Enfant-Jésus,"31 rue de Verdun, 57000 Metz",57000,Metz,Moselle,Grand Est,,,,"{""id"": 1, ""label"": {""fr"": ""Sur place"", ""en"": ""In situ"", ""it"": ""In presenza"", ""es"": ""Desconnectad"", ""de"": ""Offline"", ""br"": ""War al lec\u2019h"", ""io"": ""crwdns14266:0crwdne14266:0"", ""oc"": ""Sus pla\u00e7a""}}",,
8364771,https://openagenda.com/culture/events/visite-libre-place-darmes,"Découvrez une place emblématique, un chef-d'œuvre du XVIIIème siècle","Découvrez la majestueuse place d'armes, un chef-d'œuvre du XVIIIème siècle où l'architecture incarne les pouvoirs municipal, militaire et judiciaire, dans un cadre pavé de 125 mètres de long.","Découvrez la majestueuse place d'armes, un chef-d'œuvre du XVIIIème siècle où l'architecture incarne les pouvoirs municipal, militaire et judiciaire, dans un cadre pavé de 125 mètres de long.",,,,20 et 21 septembre 2025,2025-09-20 09:00:00+00:00,2025-09-21 16:00:00+00:00,"[{""begin"": ""2025-09-20T11:00:00+02:00"", ""end"": ""2025-09-20T18:00:00+02:00""}, {""begin"": ""2025-09-21T11:00:00+02:00"", ""end"": ""2025-09-21T18:00:00+02:00""}]",Place d'Armes,"Place d'Armes, 57000 Metz",57014,Metz,Moselle,Grand Est,,,,"{""id"": 1, ""label"": {""fr"": ""Sur place"", ""en"": ""In situ"", ""it"": ""In presenza"", ""es"": ""Desconnectad"", ""de"": ""Offline"", ""br"": ""War al lec\u2019h"", ""io"": ""crwdns14266:0crwdne14266:0"", ""oc"": ""Sus pla\u00e7a""}}",,
12719053,https://openagenda.com/culture/events/lartisanat-messin-au-moyen-age,L’artisanat messin au Moyen Âge,"Présentation immersive en costume, accompagnée de mobilier et d’outils reconstitués, illustrant la vie quotidienne et les savoir-faire artisanaux à Metz au Moyen Âge, par l’Atelier des Citains.","Présentation immersive en costume, accompagnée de mobilier et d’outils reconstitués, illustrant la vie quotidienne et les savoir-faire artisanaux à Metz au Moyen Âge, par l’Atelier des Citains.",,,,20 et 21 septembre 2025,2025-09-20 09:00:00+00:00,2025-09-21 16:00:00+00:00,"[{""begin"": ""2025-09-20T11:00:00+02:00"", ""end"": ""2025-09-20T18:00:00+02:00""}, {""begin"": ""2025-09-21T11:00:00+02:00"", ""end"": ""2025-09-21T18:00:00+02:00""}]",Porte des Allemands,"Boulevard André Maginot, 57000 Metz",57000,Metz,Moselle,Grand Est,,,,"{""id"": 1, ""label"": {""fr"": ""Sur place"", ""en"": ""In situ"", ""it"": ""In presenza"", ""es"": ""Desconnectad"", ""de"": ""Offline"", ""br"": ""War al lec\u2019h"", ""io"": ""crwdns14266:0crwdne14266:0"", ""oc"": ""Sus pla\u00e7a""}}",,
94805512,https://openagenda.com/culture/events/spectacles-par-la-compagnie-heraudie-messine,Le cœur de Saint-Etienne,"La lanterne du bon Dieu luit dans la nuit messine… Mais qui est donc Pierre Perrat, l’architecte de cette cathédrale à l’histoire riche et aux légendes mystérieuses ?","La lanterne du bon Dieu luit dans la nuit messine… Mais qui est donc Pierre Perrat, l’architecte de cette cathédrale à l’histoire riche et aux légendes mystérieuses ? Nous vous invitons à le découvrir… Une pièce de théâtre par la Compagnie Héraudie Messine",,,,20 et 21 septembre 2025,2025-09-20 11:00:00+00:00,2025-09-21 15:30:00+00:00,"[{""begin"": ""2025-09-20T13:00:00+02:00"", ""end"": ""2025-09-20T13:30:00+02:00""}, {""begin"": ""2025-09-20T17:00:00+02:00"", ""end"": ""2025-09-20T17:30:00+02:00""}, {""begin"": ""2025-09-21T13:00:00+02:00"", ""end"": ""2025-09-21T13:30:00+02:00""}, {""begin"": ""2025-09-21T17:00:00+02:00"", ""end"": ""2025-09-21T17:30:00+02:00""}]",Porte des Allemands,"Boulevard André Maginot, 57000 Metz",57000,Metz,Moselle,Grand Est,['handicap moteur'],,,"{""id"": 1, ""label"": {""fr"": ""Sur place"", ""en"": ""In situ"", ""it"": ""In presenza"", ""es"": ""Desconnectad"", ""de"": ""Offline"", ""br"": ""War al lec\u2019h"", ""io"": ""crwdns14266:0crwdne14266:0"", ""oc"": ""Sus pla\u00e7a""}}",,
41781805,https://openagenda.com/francetravail/events/du-terrain-de-rugby-a-celui-de-lemploi-une-rencontre-gagnante-au-stade-2719646,Du terrain de rugby à celui de l'emploi : Une rencontre gagnante au stade !,Venez rencontrer les employeurs autrement autour d'une journée sportive !Nous vous invitons à participer à l’évènement « Du Stade vers l’emploi spécial Rugby » qui aura lieu le 09 Octobre 2025.« Du St,"Venez rencontrer les employeurs autrement autour d'une journée sportive !Nous vous invitons à participer à l’évènement « Du Stade vers l’emploi spécial Rugby » qui aura lieu le 09 Octobre 2025.« Du Stade Vers l’Emploi », une journée avec des activités sportives mais surtout ludiques associant employeurs et demandeurs d’emploi de manière anonyme durant la matinée. Vous partagerez ensuite un moment convivial autour d'un déjeuner qui vous est offert.  Enfin, participez au job dating avec les mêmes",,"['1 jeune  1 solution', ""Du Stade vers l'Emploi"", 'Recrutement', 'Sport et insertion', 'Recrutement sans CV', 'Insertion']",,"Mardi 9 septembre 2025, 10h30",2025-09-09 08:30:00+00:00,2025-09-09 09:30:00+00:00,"[{""begin"": ""2025-09-09T10:30:00+02:00"", ""end"": ""2025-09-09T11:30:00+02:00""}]",Agence METZ BLIDA,57000 Metz,57014,Metz,Moselle,Grand Est,,,,"{""id"": 1, ""label"": {""fr"": ""Sur place"", ""en"": ""In situ"", ""it"": ""In presenza"", ""es"": ""Desconnectad"", ""de"": ""Offline"", ""br"": ""War al lec\u2019h"", ""io"": ""crwdns14266:0crwdne14266:0"", ""oc"": ""Sus pla\u00e7a"", ""nl"": ""Ter plaatse""}}",,"[{""type"": ""link"", ""value"": ""https://mesevenementsemploi.francetravail.fr/mes-evenements-emploi/evenement/471816""}]"
68018489,https://openagenda.com/francetravail/events/recrutement-conseiller-clientele-banque-populaire-alsace-lorraine-champagne-9769096,Recrutement conseiller clientèle BANQUE POPULAIRE ALSACE LORRAINE CHAMPAGNE,Venez découvrir le poste de conseiller clientèle (H/F) au sein de la BANQUE POPULAIRE ALSACE LORRAINE CHAMPAGNE accessible en amont par une préparation opérationnelle individuelle à l'emploi.Après une,"Venez découvrir le poste de conseiller clientèle (H/F) au sein de la BANQUE POPULAIRE ALSACE LORRAINE CHAMPAGNE accessible en amont par une préparation opérationnelle individuelle à l'emploi.Après une présentation de l'entreprise et du poste, un rappel de l'action de formation sera également présentée par l'organisme de formation BK CONCEPT FRANCE.Pour plus d'informations consultez l'offre rattachée à l'évènement n 195ZJFC Presentation de l'entreprise et du poste de conseiller clientèle- Prés",,"['1 jeune  1 solution', 'Recrutement', 'Découverte secteur / métier', 'Insertion']",,"Mercredi 24 septembre 2025, 09h00",2025-09-24 07:00:00+00:00,2025-09-24 10:00:00+00:00,"[{""begin"": ""2025-09-24T09:00:00+02:00"", ""end"": ""2025-09-24T12:00:00+02:00""}]",Agence METZ GARE,57000 Metz,57000,Metz,Moselle,Grand Est,,,,"{""id"": 1, ""label"": {""fr"": ""Sur place"", ""en"": ""In situ"", ""it"": ""In presenza"", ""es"": ""Desconnectad"", ""de"": ""Offline"", ""br"": ""War al lec\u2019h"", ""io"": ""crwdns14266:0crwdne14266:0"", ""oc"": ""Sus pla\u00e7a"", ""nl"": ""Ter plaatse""}}",,"[{""type"": ""link"", ""value"": ""https://mesevenementsemploi.francetravail.fr/mes-evenements-emploi/evenement/475379""}]"
98289202,https://openagenda.com/francetravail/events/reunion-dinformation-sur-le-dispositif-contrat-de-securisation-professionnelle-csp,Réunion d'information sur le dispositif contrat de Sécurisation Professionnelle - CSP,Réunion d'information sur le dispositif contrat de sécurisation professionnelle*.,"Réunion d'information sur le dispositif contrat de sécurisation professionnelle*. Vous êtes concerné(e) par un licenciement économique et votre employeur vous propose d'adhérer au contrat de sécurisation professionnelle (CSP) ? Pour connaître les avantages du dispositif, les détails en matière d'indemnisation et exercer votre choix de manière éclairée, participez à cette réunion d'information. *Réservée exclusivement aux salariés en procédure de licenciement économique. Durée 1h30",,['Information sur licenciement économique'],,"Jeudi 18 décembre 2025, 09h00",2025-12-18 08:00:00+00:00,2025-12-18 10:00:00+00:00,"[{""begin"": ""2025-12-18T09:00:00+01:00"", ""end"": ""2025-12-18T11:00:00+01:00""}]",Agence METZ BLIDA,57000 Metz,57014,Metz,Moselle,Grand Est,,,,"{""id"": 1, ""label"": {""fr"": ""Sur place"", ""en"": ""In situ"", ""it"": ""In presenza"", ""es"": ""Desconnectad"", ""de"": ""Offline"", ""br"": ""War al lec\u2019h"", ""io"": ""crwdns14266:0crwdne14266:0"", ""oc"": ""Sus pla\u00e7a"", ""nl"": ""Ter plaatse""}}",,"[{""type"": ""link"", ""value"": ""https://mesevenementsemploi.francetravail.fr/mes-evenements-emploi/evenement/545209""}]"
23044030,https://openagenda.com/francetravail/events/devenez-agente-de-quai-chez-gls-des-postes-en-cdi-a-pourvoir,Devenez Agent(e) de Quai chez GLS : Des Postes en CDI à Pourvoir !,"GLS France, prestataire de transport de colis express en Europe recherche des agents de quai H/F en CDI sur son site de Flévy.","GLS France, prestataire de transport de colis express en Europe recherche des agents de quai H/F en CDI sur son site de Flévy. Au programme de cette matinée : - Présentation de la société GLS et des postes à pourvoir - Pour les personnes intéressées, possibilité d'avoir un échange avec l'employeur Jours travaillés du lundi au vendredi, rémunération de 1833.69 euros sur 13 mois (peu importe l'âge), tickets restaurants, CSE, intéressement. Un moyen de locomotion est souhaité pour se rendre sur le",,"['1 jeune  1 solution', 'Marché du travail', 'Recrutement']",,"Lundi 12 janvier, 13h30",2026-01-12 12:30:00+00:00,2026-01-12 15:30:00+00:00,"[{""begin"": ""2026-01-12T13:30:00+01:00"", ""end"": ""2026-01-12T16:30:00+01:00""}]",Agence METZ SEBASTOPOL,57070 Metz,57070,Metz,Moselle,Grand Est,,,,"{""id"": 1, ""label"": {""fr"": ""Sur place"", ""en"": ""In situ"", ""it"": ""In presenza"", ""es"": ""Desconnectad"", ""de"": ""Offline"", ""br"": ""War al lec\u2019h"", ""io"": ""crwdns14266:0crwdne14266:0"", ""oc"": ""Sus pla\u00e7a"", ""nl"": ""Ter plaatse""}}",,"[{""type"": ""link"", ""value"": ""https://mesevenementsemploi.francetravail.fr/mes-evenements-emploi/evenement/552702""}]"
72308511,https://openagenda.com/francetravail/events/information-collective-dispositif-prepapp-preparation-a-lapprentissage-8895766,information collective dispositif PREPAPP: Préparation à l'apprentissage,"Les objectifs de cette prépa-apprentissage d'une durée de 3 mois : • Promouvoir le métier d'aide-soignant, métier en tension à forte utilité sociale ; • Remobiliser : construction d'un projet professi","Les objectifs de cette prépa-apprentissage d'une durée de 3 mois : • Promouvoir le métier d'aide-soignant, métier en tension à forte utilité sociale ; • Remobiliser : construction d'un projet professionnel, de reprise de confiance en soi ; • Mieux préparer :Connaitre le niveau d'exigence d'un parcours de formation en apprentissage ; • Lever les freins périphériques à l'insertion durable : accompagner les problématiques sociales (mobilité, logement, administratif, garde d'enfant, santé, etc) afin",,"['#TousMobilisés', '1 jeune  1 solution', ""S'informer"", 'Découverte secteur / métier', 'Recrutement', 'Découverte formation']",,"Jeudi 8 janvier, 09h00",2026-01-08 08:00:00+00:00,2026-01-08 09:30:00+00:00,"[{""begin"": ""2026-01-08T09:00:00+01:00"", ""end"": ""2026-01-08T10:30:00+01:00""}]",Agence METZ GARE,57000 Metz,57000,Metz,Moselle,Grand Est,,,,"{""id"": 1, ""label"": {""fr"": ""Sur place"", ""en"": ""In situ"", ""it"": ""In presenza"", ""es"": ""Desconnectad"", ""de"": ""Offline"", ""br"": ""War al lec\u2019h"", ""io"": ""crwdns14266:0crwdne14266:0"", ""oc"": ""Sus pla\u00e7a"", ""nl"": ""Ter plaatse""}}",,"[{""type"": ""link"", ""value"": ""https://mesevenementsemploi.francetravail.fr/mes-evenements-emploi/evenement/556847""}]"
43576087,https://openagenda.com/francetravail/events/la-poste-recrute-et-forme-ses-futures-facteurs-et-factrices-1947296,La Poste recrute et forme ses futur(e)s Facteurs et Factrices,recrutement postes facteurs secteur Metz via la méthode de recrutement pas simulation MRS Contrat de professionnalisation de 7 mois,recrutement postes facteurs secteur Metz via la méthode de recrutement pas simulation MRS Contrat de professionnalisation de 7 mois,,"['#TousMobilisés', 'Recrutement sans CV', 'Découverte secteur / métier']",,"Lundi 18 mai, 09h30",2026-05-18 07:30:00+00:00,2026-05-18 09:00:00+00:00,"[{""begin"": ""2026-05-18T09:30:00+02:00"", ""end"": ""2026-05-18T11:00:00+02:00""}]",Agence METZ SEBASTOPOL,57070 Metz,57070,Metz,Moselle,Grand Est,,,,"{""id"": 1, ""label"": {""fr"": ""Sur place"", ""en"": ""In situ"", ""it"": ""In presenza"", ""es"": ""Desconnectad"", ""de"": ""Offline"", ""br"": ""War al lec\u2019h"", ""io"": ""crwdns14266:0crwdne14266:0"", ""oc"": ""Sus pla\u00e7a"", ""nl"": ""Ter plaatse""}}",,"[{""type"": ""link"", ""value"": ""https://mesevenementsemploi.francetravail.fr/mes-evenements-emploi/evenement/643641""}]"
39334796,https://openagenda.com/francetravail/events/vous-etes-debutante-en-langue-francaise-et-vous-souhaitez-acceder-a-un-emploi-avec-une-formation-devenez-macon-coffreur-hf,Vous êtes débutant/e en langue française et vous souhaitez accéder à un emploi avec une formation ? Devenez Maçon Coffreur (H/F) !,Information collective organisée pour présenter le dispositif NEW HOPE.,"Information collective organisée pour présenter le dispositif NEW HOPE. Opportunité de formation en alternance maçon coffreur pour les personnes débutantes en langue française et inscrites à France Travail. Salaire et formation garantis. Présentation dispositif NEW HOPE, du déroulé de la formation et des dispositifs d'aides à la formation. Ensuite, les représentants(es) du GEIQ BTP, de l'AFPA et de FRANCE TRAVAIL seront présents (es) pour répondre à toutes vos questions. Munissez-vous d'un CV à",,"['Métiers du BTP', 'Marché du travail', ""S'informer"", 'Insertion', 'Découverte secteur / métier', 'Recrutement', 'Découverte formation']",,"Mardi 19 mai, 13h30",2026-05-19 11:30:00+00:00,2026-05-19 13:00:00+00:00,"[{""begin"": ""2026-05-19T13:30:00+02:00"", ""end"": ""2026-05-19T15:00:00+02:00""}]",Agence METZ SEBASTOPOL,57050 Metz,57045,Metz,Moselle,Grand Est,,,,"{""id"": 1, ""label"": {""fr"": ""Sur place"", ""en"": ""In situ"", ""it"": ""In presenza"", ""es"": ""Desconnectad"", ""de"": ""Offline"", ""br"": ""War al lec\u2019h"", ""io"": ""crwdns14266:0crwdne14266:0"", ""oc"": ""Sus pla\u00e7a"", ""nl"": ""Ter plaatse""}}",,"[{""type"": ""link"", ""value"": ""https://mesevenementsemploi.francetravail.fr/mes-evenements-emploi/evenement/650992""}]"
37933268,https://openagenda.com/francetravail/events/bofrost-recrute-conseiller-vendeur-un-metier-qui-a-du-sens,"Bofrost Recrute : Conseiller Vendeur, un Métier qui a du Sens","Prenez la route du bonheur avec bofrost, venez assister à la présentation du métier de vendeur conseil, et participer à un entretien de recrutement.","Prenez la route du bonheur avec bofrost, venez assister à la présentation du métier de vendeur conseil, et participer à un entretien de recrutement. Si vous êtes à la recherche d'un métier qui a du sens et qui vous permet de vous épanouir, ce poste est fait pour vous ! Au sein d'une équipe dynamique et stimulante, votre goût pour la vente fera la différence. Venez échanger avec Damien. Pour ce poste, vous devez être titulaire du permis B (en boite manuelle) depuis plus de 2 ans, être à l'aise po",,"['#TousMobilisés', 'Recrutement']",,"Mardi 26 mai, 09h00",2026-05-26 07:00:00+00:00,2026-05-26 10:00:00+00:00,"[{""begin"": ""2026-05-26T09:00:00+02:00"", ""end"": ""2026-05-26T12:00:00+02:00""}]",Agence METZ BLIDA,57000 Metz,57014,Metz,Moselle,Grand Est,,,,"{""id"": 1, ""label"": {""fr"": ""Sur place"", ""en"": ""In situ"", ""it"": ""In presenza"", ""es"": ""Desconnectad"", ""de"": ""Offline"", ""br"": ""War al lec\u2019h"", ""io"": ""crwdns14266:0crwdne14266:0"", ""oc"": ""Sus pla\u00e7a"", ""nl"": ""Ter plaatse""}}",,"[{""type"": ""link"", ""value"": ""https://mesevenementsemploi.francetravail.fr/mes-evenements-emploi/evenement/641791""}]"
3554440,https://openagenda.com/francetravail/events/tessi-recrute-ses-futures-teleconseilleres-sans-cv-536486,TESSI recrute ses futur(e)s Téléconseiller(e)s SANS CV,"Vous découvrirez le métier de Chargé de Clientèle à distance  (appels entrants) chez Tessi implanté sur le technopôle de Metz (aucune prospection commerciale)Après une présentation du poste, vous pour","Vous découvrirez le métier de Chargé de Clientèle à distance  (appels entrants) chez Tessi implanté sur le technopôle de Metz (aucune prospection commerciale)Après une présentation du poste, vous pourrez vous inscrire aux sessions de recrutement via la Méthode de Recrutement par Simulation MRS qui vous sera également présentée. Des postes de téléconseillers seront proposés en CDD de 6 mois. Télétravail possible après formation et sous condition de maîtrise du poste.",,"['#TousMobilisés', '1 jeune  1 solution', 'Recrutement', 'Découverte secteur / métier']",,"Jeudi 28 août, 09h00",2025-08-28 07:00:00+00:00,2025-08-28 09:30:00+00:00,"[{""begin"": ""2025-08-28T09:00:00+02:00"", ""end"": ""2025-08-28T11:30:00+02:00""}]",Agence METZ SEBASTOPOL,57070 Metz,57070,Metz,Moselle,Grand Est,,,,"{""id"": 1, ""label"": {""fr"": ""Sur place"", ""en"": ""In situ"", ""it"": ""In presenza"", ""es"": ""Desconnectad"", ""de"": ""Offline"", ""br"": ""War al lec\u2019h"", ""io"": ""crwdns14266:0crwdne14266:0"", ""oc"": ""Sus pla\u00e7a""}}",,"[{""type"": ""link"", ""value"": ""https://mesevenementsemploi.francetravail.fr/mes-evenements-emploi/evenement/477551""}]"
47135260,https://openagenda.com/saison-mediterranee-2026/events/cairo-reassembled,Cairo Reassembled,"Entremêlant les figures iconiques, images d’archives et photographies in situ, les collages des trois jeunes artistes originaires du Caire investissent le centre ville de Metz !","Entremêlant les figures iconiques, images d’archives et photographies in situ, les collages des trois jeunes artistes originaires du Caire investissent le centre ville de Metz ! Pour Passages Transfestival elles ont créé de nouveaux collages où les références culturelles croisent le geste manuel, entre collage numérique et peinture. Un dialogue inédit entre deux villes, deux cultures. Entre images d’archives, photographies et interventions manuelles, le collage devient un outil de dialogue avec le territoire, une expérience visuelle vivante, ancrée dans le réel, où l’art accompagne le festival. Vous pourrez découvrir les collages dans la rue Seprenoise, au village du Transfestival sur l'Esplanade ou encore sur la vitrine de Octave Cowbell, place st-Louis. Dans le cadre de Passages Transfestival - édition 26 Nouveaux Rivages du 14 au 28 mai à Metz","Collages dans l'espace public, accès libre à toutes heures",,,15 - 28 mai,2026-05-15 08:00:00+00:00,2026-05-28 20:00:00+00:00,"[{""begin"": ""2026-05-15T10:00:00+02:00"", ""end"": ""2026-05-15T22:00:00+02:00""}, {""begin"": ""2026-05-16T10:00:00+02:00"", ""end"": ""2026-05-16T22:00:00+02:00""}, {""begin"": ""2026-05-17T10:00:00+02:00"", ""end"": ""2026-05-17T22:00:00+02:00""}, {""begin"": ""2026-05-18T10:00:00+02:00"", ""end"": ""2026-05-18T22:00:00+02:00""}, {""begin"": ""2026-05-19T10:00:00+02:00"", ""end"": ""2026-05-19T22:00:00+02:00""}, {""begin"": ""2026-05-20T10:00:00+02:00"", ""end"": ""2026-05-20T22:00:00+02:00""}, {""begin"": ""2026-05-21T10:00:00+02:00"", ""end"": ""2026-05-21T22:00:00+02:00""}, {""begin"": ""2026-05-22T10:00:00+02:00"", ""end"": ""2026-05-22T22:00:00+02:00""}, {""begin"": ""2026-05-23T10:00:00+02:00"", ""end"": ""2026-05-23T22:00:00+02:00""}, {""begin"": ""2026-05-24T10:00:00+02:00"", ""end"": ""2026-05-24T22:00:00+02:00""}, {""begin"": ""2026-05-25T10:00:00+02:00"", ""end"": ""2026-05-25T22:00:00+02:00""}, {""begin"": ""2026-05-26T10:00:00+02:00"", ""end"": ""2026-05-26T22:00:00+02:00""}, {""begin"": ""2026-05-27T10:00:00+02:00"", ""end"": ""2026-05-27T22:00:00+02:00""}, {""begin"": ""2026-05-28T10:00:00+02:00"", ""end"": ""2026-05-28T22:00:00+02:00""}]",Esplanade Metz,Promenade de l'esplanade Metz,57000,Metz,Moselle,Grand Est,,,,"{""id"": 1, ""label"": {""fr"": ""Sur place""}}",,
64061785,https://openagenda.com/semaine-des-metiers-du-tourisme-2026/events/semaine-des-metiers-du-tourisme-2026-3138659,Semaine des Métiers du Tourisme 2026,"Rencontres à l'agence Inspire Metz avec des professionnels du tourisme, de l'hôtellerie et de la restauration","L'agence Inspire Metz et l'UMIH 57 proposent aux classes de 4ème et 3ème de venir les rencontrer à l'agence Inspire Metz, place d'Armes J.F Blondel, pour échanger et découvrir les métiers et les formations attendues pour travailler dans ces domaines.",,"['tourisme', 'hôtel', 'restaurant', 'UMIH', 'office de tourisme', 'attractivité']",,"Jeudi 5 février, 14h00",2026-02-05 13:00:00+00:00,2026-02-05 16:00:00+00:00,"[{""begin"": ""2026-02-05T14:00:00+01:00"", ""end"": ""2026-02-05T17:00:00+01:00""}]",Agence Inspire Metz,"2, place d'Armes",57014,Metz,Moselle,Grand Est,"['handicap visuel', 'handicap auditif', 'handicap moteur']",,,"{""id"": 1, ""label"": {""fr"": ""Sur place"", ""en"": ""In situ"", ""it"": ""In presenza"", ""es"": ""Desconnectad"", ""de"": ""Offline"", ""br"": ""War al lec\u2019h"", ""io"": ""crwdns14266:0crwdne14266:0"", ""oc"": ""Sus pla\u00e7a"", ""nl"": ""Ter plaatse""}}",,"[{""type"": ""email"", ""value"": ""sdiaz@inspire-metz.com""}]"
23316954,https://openagenda.com/toutes-les-chambres-agriculture-agregees/events/les-chambres-dagriculture-aux-terres-de-jim-2026,Les Chambres d'agriculture aux Terres de Jim 2026,"Retrouvez les Chambres d'agriculture Grand Est aux Terres de Jim 2026, du 11 au 13 septembre à Metz-Magny, avec un stand premium et de nombreuses animations.","Du 11 au 13 septembre 2026, les Chambres d'agriculture Grand Est participeront aux Terres de Jim , la plus grande fête agricole en plein air d'Europe, organisée cette année à Metz-Magny. Plus de 100 000 visiteurs sont attendus pour trois jours de découvertes, d'animations et de rencontres autour de l'agriculture. Les visiteurs pourront retrouver les Chambres d'agriculture sur un stand premium de 200 m², conçu pour faire découvrir la diversité des agricultures et des métiers du vivant. Plusieurs espaces thématiques seront proposés autour de la réduction des intrants , de la robotique , de l' agriculture biologique , de l' attractivité des métiers agricoles , de l' innovation et de la qualité de l'air. Les Chambres d'agriculture seront également présentes au sein du pôle végétal , aux côtés des autres acteurs de la filière. Bienvenue à la Ferme participera à cette édition, avec notamment la remise des diplômes aux lauréats 2026 du Concours Général Agricole . Venez échanger, découvrir les animations et en apprendre davantage sur les transitions agricoles et les métiers qui façonnent l'agriculture de demain !",Entrée selon les conditions d'accès aux Terres de Jim,"['Terres de Jim', 'Agriculture', 'Grand Est', 'Moselle', ""Chambres d'agriculture""]",,11 - 13 septembre,2026-09-11 08:00:00+00:00,2026-09-13 16:00:00+00:00,"[{""begin"": ""2026-09-11T10:00:00+02:00"", ""end"": ""2026-09-11T18:00:00+02:00""}, {""begin"": ""2026-09-12T10:00:00+02:00"", ""end"": ""2026-09-12T18:00:00+02:00""}, {""begin"": ""2026-09-13T10:00:00+02:00"", ""end"": ""2026-09-13T18:00:00+02:00""}]","Magny, Metz (57)",57000 Metz,57000,Metz,Moselle,Grand Est,,,,"{""id"": 1, ""label"": {""fr"": ""Sur place"", ""en"": ""In situ"", ""it"": ""In presenza"", ""es"": ""Desconnectad"", ""de"": ""Offline"", ""br"": ""War al lec\u2019h"", ""io"": ""crwdns14266:0crwdne14266:0"", ""oc"": ""Sus pla\u00e7a"", ""nl"": ""Ter plaatse""}}",,
1173322,https://openagenda.com/francetravail/events/devenez-mediateur-social-acces-aux-droits-et-services-hf-en-alternance,Devenez Médiateur Social Accès aux Droits et Services H/F en alternance,"Vous souhaitez exercer un métier utile, engagé et au coeur de l'accompagnement des personnes ? Vous aimez le contact humain et souhaitez contribuer à l'accès aux droits et à l'inclusion sociale ?","Vous souhaitez exercer un métier utile, engagé et au coeur de l'accompagnement des personnes ? Vous aimez le contact humain et souhaitez contribuer à l'accès aux droits et à l'inclusion sociale ? Rejoignez notre formation en alternance au Titre Professionnel Médiateur Social Accès aux Droits et Services H/F (niveau 4 - Bac). Un parcours professionnalisant, accompagné et rémunéré : - Un contrat d'apprentissage ou de professionnalisation rémunéré pendant toute la durée de la formation. - Une forma",,"['Découverte secteur / métier', ""S'informer"", 'Découverte formation', 'Recrutement']",,"Lundi 21 septembre, 14h30",2026-09-21 12:30:00+00:00,2026-09-21 13:30:00+00:00,"[{""begin"": ""2026-09-21T14:30:00+02:00"", ""end"": ""2026-09-21T15:30:00+02:00""}]",Agence METZ GARE,57000 Metz,57000,Metz,Moselle,Grand Est,,,,"{""id"": 1, ""label"": {""fr"": ""Sur place"", ""en"": ""In situ"", ""it"": ""In presenza"", ""es"": ""Desconnectad"", ""de"": ""Offline"", ""br"": ""War al lec\u2019h"", ""io"": ""crwdns14266:0crwdne14266:0"", ""oc"": ""Sus pla\u00e7a"", ""nl"": ""Ter plaatse""}}",,"[{""type"": ""link"", ""value"": ""https://mesevenementsemploi.francetravail.fr/mes-evenements-emploi/evenement/728843""}]"
1414456,https://openagenda.com/solutionscse/events/seance-de-lumino-relaxotherapie,Séance de Lumino-relaxothérapie,Séance découverte de Lumino-relaxothérapie,"Venez tester la lumino-relaxothérapie : Fruit de 30 années de recherche médicale, elle combine plusieurs techniques de relaxation avec de la luminothérapie. Une séance vous amène à un état inédit de relaxation profonde sans effort. Ses bénéfices sont nombreux et notamment : Diminuer le stress Réduire la fatigue et récupérer facilement Lutter contre la déprime Lutter contre le surmenage intellectuel Stopper les pensées ruminantes Retrouver bonne humeur et énergie Gagner en performance Favoriser un meilleur sommeil Pour sa séance, chacun sera confortablement installé sur un fauteuil « zéro gravité » pour plonger dans un contexte totalement cocooning ;-)",,,,5 et 6 mars,2026-03-05 08:00:00+00:00,2026-03-06 15:30:00+00:00,"[{""begin"": ""2026-03-05T09:00:00+01:00"", ""end"": ""2026-03-05T16:30:00+01:00""}, {""begin"": ""2026-03-06T09:00:00+01:00"", ""end"": ""2026-03-06T16:30:00+01:00""}]",Metz - Centre de convention du technopôle,Rue de la grange aux Bois 57072 Metz,57072,Metz,Moselle,Grand Est,,,,"{""id"": 1, ""label"": {""fr"": ""Sur place"", ""en"": ""In situ"", ""it"": ""In presenza"", ""es"": ""Desconnectad"", ""de"": ""Offline"", ""br"": ""War al lec\u2019h"", ""io"": ""crwdns14266:0crwdne14266:0"", ""oc"": ""Sus pla\u00e7a"", ""nl"": ""Ter plaatse""}}",,
3625160,https://openagenda.com/solutionscse/events/offres-speciales-hexa-gourmet-8759415,Offres spéciales - Hexa Gourmet,OFFRES SPÉCIALES SALONS,Valable pour toute commande confirmée avant le 31 juillet 2026,,,,5 et 6 mars,2026-03-05 08:00:00+00:00,2026-03-06 16:00:00+00:00,"[{""begin"": ""2026-03-05T09:00:00+01:00"", ""end"": ""2026-03-05T17:00:00+01:00""}, {""begin"": ""2026-03-06T09:00:00+01:00"", ""end"": ""2026-03-06T17:00:00+01:00""}]",Metz - Centre de convention du technopôle,Rue de la grange aux Bois 57072 Metz,57072,Metz,Moselle,Grand Est,,,,"{""id"": 1, ""label"": {""fr"": ""Sur place"", ""en"": ""In situ"", ""it"": ""In presenza"", ""es"": ""Desconnectad"", ""de"": ""Offline"", ""br"": ""War al lec\u2019h"", ""io"": ""crwdns14266:0crwdne14266:0"", ""oc"": ""Sus pla\u00e7a"", ""nl"": ""Ter plaatse""}}",,
98458180,https://openagenda.com/francetravail/events/boostez-votre-projet-de-creation-dentreprise-grace-au-numerique,Boostez votre projet de création d'entreprise grâce au numérique,"Vous avez un projet de création d'entreprise ? Vous voulez connaître les outils numériques accessibles ( réseaux sociaux, référencement google...) ? Venez participer à notre évènement en présence ...","Vous avez un projet de création d'entreprise ? Vous voulez connaître les outils numériques accessibles ( réseaux sociaux, référencement google...) ? Venez participer à notre évènement en présence de l'ADIE et trouver réponses à toutes vos questions. Présentation de l'ADIE. - Présentation des outils numériques. - Présentation d'ateliers accessibles gratuitement. - Echanges, questions/réponses.",,"[""Réunion d'information"", ""La semaine de la création et reprise d'entreprise - ReStart"", '1 jeune  1 solution', ""Création d'entreprise"", 'Jeunes', 'Résidents en quartier prioritaire de la ville', 'Tout public', ""Opportunité d'emploi"", 'en physique']",,"Mercredi 17 septembre 2025, 14h00",2025-09-17 12:00:00+00:00,2025-09-17 14:30:00+00:00,"[{""begin"": ""2025-09-17T14:00:00+02:00"", ""end"": ""2025-09-17T16:30:00+02:00""}]",Agence METZ GARE,57000 Metz,57000,Metz,Moselle,Grand Est,,,,"{""id"": 1, ""label"": {""fr"": ""Sur place"", ""en"": ""In situ"", ""it"": ""In presenza"", ""es"": ""Desconnectad"", ""de"": ""Offline"", ""br"": ""War al lec\u2019h"", ""io"": ""crwdns14266:0crwdne14266:0"", ""oc"": ""Sus pla\u00e7a"", ""nl"": ""Ter plaatse""}}",,"[{""type"": ""link"", ""value"": ""https://mesevenementsemploi.francetravail.fr/mes-evenements-emploi/evenement/489184""}]"
36651250,https://openagenda.com/semaine-industrie-2025/events/travaillez-pour-le-groupe-edf-au-sein-de-lunite-logistique-et-maintenance-ulm,Travaillez pour le Groupe EDF au sein de l'Unité Logistique et Maintenance (ULM),L'Unité Logistique et Maintenance (ULM) spécialisée dans la maintenance et la logistique des centrales nucléaires et thermiques.,"L'Unité Logistique et Maintenance (ULM) spécialisée dans la maintenance et la logistique des centrales nucléaires et thermiques. Créée en 2009, elle compte environ 170 salariés et fait partie des sept agences de l'ULM réparties sur le territoire national qui intervient sur différents sites de production pour réaliser des interventions de maintenances. Rencontrer l'entreprise l'Unité Logistique et Maintenance (ULM), du groupe EDF, et, découvrir (recrutement) les postes à pouvoir notamment dans la",,"['1 jeune  1 solution', ""La semaine de l'industrie"", 'Découverte secteur / métier', 'Recrutement']",,"Mardi 2 décembre 2025, 08h45",2025-12-02 07:45:00+00:00,2025-12-02 11:00:00+00:00,"[{""begin"": ""2025-12-02T08:45:00+01:00"", ""end"": ""2025-12-02T12:00:00+01:00""}]",Agence METZ BLIDA,57000 Metz,57014,Metz,Moselle,Grand Est,,,,"{""id"": 1, ""label"": {""fr"": ""Sur place"", ""en"": ""In situ"", ""it"": ""In presenza"", ""es"": ""Desconnectad"", ""de"": ""Offline"", ""br"": ""War al lec\u2019h"", ""io"": ""crwdns14266:0crwdne14266:0"", ""oc"": ""Sus pla\u00e7a""}}",,"[{""type"": ""link"", ""value"": ""https://mesevenementsemploi.francetravail.fr/mes-evenements-emploi/evenement/520824""}]"
30088417,https://openagenda.com/culture/events/visite-libre-eglise-sainte-segolene,Visite de l’église Sainte-Ségolène,"Visite libre de l’église Sainte-Ségolène de Metz. Située en haut de la colline Sainte-Croix, berceau de la cité, cette église est reconstruite au XIIIe siècle sur un édifice plus ancien, dont il des …","Visite libre de l’église Sainte-Ségolène de Metz. Située en haut de la colline Sainte-Croix, berceau de la cité, cette église est reconstruite au XIIIe siècle sur un édifice plus ancien, dont il reste des vestiges dans la crypte. Durant la période de la Première Annexion allemande, la façade et le clocher sont modifiés par l’architecte Conrad Wahn. À l’intérieur, se trouve un vitrail du XIIe siècle, le plus ancien de Lorraine, représentant une scène de crucifixion.",,,,20 et 21 septembre 2025,2025-09-20 12:00:00+00:00,2025-09-21 16:00:00+00:00,"[{""begin"": ""2025-09-20T14:00:00+02:00"", ""end"": ""2025-09-20T18:00:00+02:00""}, {""begin"": ""2025-09-21T14:00:00+02:00"", ""end"": ""2025-09-21T18:00:00+02:00""}]",Église Sainte-Ségolène,"14 Rue des Capucins, 57000 Metz, France",57000,Metz,Moselle,Grand Est,['handicap moteur'],,,"{""id"": 1, ""label"": {""fr"": ""Sur place"", ""en"": ""In situ"", ""it"": ""In presenza"", ""es"": ""Desconnectad"", ""de"": ""Offline"", ""br"": ""War al lec\u2019h"", ""io"": ""crwdns14266:0crwdne14266:0"", ""oc"": ""Sus pla\u00e7a""}}",,
13114506,https://openagenda.com/culture/events/chemins-de-lumiere-ode-de-pierre-de-verre-et-deau,"Chemins de lumière, ode de pierre, de verre et d'eau","Découvrez une exposition conjointe de deux artistes, Wayne Sleeth et Paul Nadé, qui présenteront, ensemble, une cinquantaine d’œuvres. Il sera possible de découvrir des toiles, peintures et gravures…","Découvrez une exposition conjointe de deux artistes, Wayne Sleeth et Paul Nadé, qui présenteront, ensemble, une cinquantaine d’œuvres. Il sera possible de découvrir des toiles, peintures et gravures de Wayne Sleeth représentant la cathédrale de Metz, l’église Saint-Clément et la Moselle dans son passage à travers la ville de Metz. Des toiles et résines de Paul Nadé, figurant des vitraux, y feront écho.",,,,20 et 21 septembre 2025,2025-09-20 08:00:00+00:00,2025-09-21 16:00:00+00:00,"[{""begin"": ""2025-09-20T10:00:00+02:00"", ""end"": ""2025-09-20T18:00:00+02:00""}, {""begin"": ""2025-09-21T11:30:00+02:00"", ""end"": ""2025-09-21T18:00:00+02:00""}]",Église Saint-Clément,"1 place Gabriel Hocquard, 57000 Metz",57014,Metz,Moselle,Grand Est,['handicap moteur'],,,"{""id"": 1, ""label"": {""fr"": ""Sur place"", ""en"": ""In situ"", ""it"": ""In presenza"", ""es"": ""Desconnectad"", ""de"": ""Offline"", ""br"": ""War al lec\u2019h"", ""io"": ""crwdns14266:0crwdne14266:0"", ""oc"": ""Sus pla\u00e7a""}}",,
3059653,https://openagenda.com/culture/events/decouvrez-les-jardins-suspendus,Découvrez les jardins suspendus,"Venez découvrir ce jardin, inauguré le 5 juillet, qui offre une vue magnifique sur la ville de Metz. Il a été conçu comme un laboratoire de l’écologie urbaine. Plus de 2 500 plantes vivaces et au et…","Venez découvrir ce jardin, inauguré le 5 juillet, qui offre une vue magnifique sur la ville de Metz. Il a été conçu comme un laboratoire de l’écologie urbaine. Plus de 2 500 plantes vivaces et aromatiques, adaptées au climat local et aux enjeux du changement climatique, sont à découvrir.",,,,20 et 21 septembre 2025,2025-09-20 08:00:00+00:00,2025-09-21 16:00:00+00:00,"[{""begin"": ""2025-09-20T10:00:00+02:00"", ""end"": ""2025-09-20T18:00:00+02:00""}, {""begin"": ""2025-09-21T10:00:00+02:00"", ""end"": ""2025-09-21T18:00:00+02:00""}]",Cloître des Récollets,"1-3 rue des Récollets, 57000 Metz",57000,Metz,Moselle,Grand Est,,,,"{""id"": 1, ""label"": {""fr"": ""Sur place"", ""en"": ""In situ"", ""it"": ""In presenza"", ""es"": ""Desconnectad"", ""de"": ""Offline"", ""br"": ""War al lec\u2019h"", ""io"": ""crwdns14266:0crwdne14266:0"", ""oc"": ""Sus pla\u00e7a""}}",,
21934980,https://openagenda.com/francetravail/events/job-dating-les-metiers-du-commerce-coiffure-esthetique-au-centre-commercial-muse-metz,"Job Dating : Les métiers du commerce , coiffure, esthétique au centre commercial Muse Metz","Vous êtes à la recherche d'une opportunité professionnelle dans les secteurs du commerce et de la restauration ? Ne manquez pas notre événement spécial de job dating au centre commercial Muse, à M...","Vous êtes à la recherche d'une opportunité professionnelle dans les secteurs du commerce et de la restauration ? Ne manquez pas notre événement spécial de job dating au centre commercial Muse, à Metz ! Venez nous rencontrer et découvrir les nombreuses offres d'emploi proposées par les entreprises locales. Ce rendez-vous est l'occasion idéale pour : - Rencontrer des recruteurs prêts à vous accueillir et échanger directement avec eux. - Découvrir des opportunités variées dans les domaines du commerce et de la restauration, adaptés à votre profil et à vos aspirations. - Profiter d'un cadre convivial et dynamique au sein du centre commercial Muse, où vous pourrez explorer les nombreuses possibilités de carrière. Comment se préparer ? - Mettez à jour votre CV et apportez plusieurs copies. - Préparez votre discours de présentation et soyez prêt à parler de vos expériences et de vos compétences. - Soyez motivé et ouvert à la rencontre des différentes entreprises présentes. Ne manquez pas cette chance unique de rencontrer votre futur employeur ! Rendez-vous au centre commercial Muse à Metz pour transformer votre recherche d'emploi en succès. Nous vous attendons nombreux dès 10h au stand France Travail.",,"['Job dating', 'La semaine du commerce', 'Commerce', 'Vente et Grande distribution', 'Hôtellerie-Restauration', 'Tourisme', 'Loisirs et Animation', 'Recrutement sans CV', 'Marché du travail', 'Recrutement', 'Découverte secteur / métier', 'Tout public', ""Opportunité d'emploi"", 'CDI', 'Temps partiel', 'Contrat saisonnier', 'Temps complet', 'Rencontre recruteur', 'CDD', 'Contrat en alternance', 'en physique']",,"Mercredi 15 octobre 2025, 10h00",2025-10-15 08:00:00+00:00,2025-10-15 11:00:00+00:00,"[{""begin"": ""2025-10-15T10:00:00+02:00"", ""end"": ""2025-10-15T13:00:00+02:00""}]",Agence METZ GARE,57000 Metz,57000,Metz,Moselle,Grand Est,,,,"{""id"": 1, ""label"": {""fr"": ""Sur place"", ""en"": ""In situ"", ""it"": ""In presenza"", ""es"": ""Desconnectad"", ""de"": ""Offline"", ""br"": ""War al lec\u2019h"", ""io"": ""crwdns14266:0crwdne14266:0"", ""oc"": ""Sus pla\u00e7a"", ""nl"": ""Ter plaatse""}}",,"[{""type"": ""link"", ""value"": ""https://mesevenementsemploi.francetravail.fr/mes-evenements-emploi/evenement/488583""}]"
49155088,https://openagenda.com/francetravail/events/concentrix-recrute-ses-chargees-de-clientele-a-distance-energie-1209483,CONCENTRIX recrute ses Chargé(es) de clientèle à distance Energie,"Concentrix recrute en nombre ses futurs collaborateurs H/F qui seront chargés de la relation clients dans le secteur de l'énergie, du logement etc ...Si vous aimez la relation clients et que vous mait","Concentrix recrute en nombre ses futurs collaborateurs H/F qui seront chargés de la relation clients dans le secteur de l'énergie, du logement etc ...Si vous aimez la relation clients et que vous maitrisez le numérique alors ce poste est peut-être fait pour vous. Venez découvrir ce que Concentrix peut vous proposer ... L'entreprise présentera sa structure implantée sur le Technopole de Metz ainsi que les postes à pourvoir.Un premier entretien sera mené à l'issue de la présentation pour les cand",,"['1 jeune  1 solution', '#TousMobilisés', 'Recrutement', 'Découverte secteur / métier']",,"Jeudi 4 septembre 2025, 09h30",2025-09-04 07:30:00+00:00,2025-09-04 10:00:00+00:00,"[{""begin"": ""2025-09-04T09:30:00+02:00"", ""end"": ""2025-09-04T12:00:00+02:00""}]",Agence METZ SEBASTOPOL,57070 Metz,57070,Metz,Moselle,Grand Est,,,,"{""id"": 1, ""label"": {""fr"": ""Sur place"", ""en"": ""In situ"", ""it"": ""In presenza"", ""es"": ""Desconnectad"", ""de"": ""Offline"", ""br"": ""War al lec\u2019h"", ""io"": ""crwdns14266:0crwdne14266:0"", ""oc"": ""Sus pla\u00e7a"", ""nl"": ""Ter plaatse""}}",,"[{""type"": ""link"", ""value"": ""https://mesevenementsemploi.francetravail.fr/mes-evenements-emploi/evenement/474347""}]"
92559086,https://openagenda.com/francetravail/events/du-terrain-de-rugby-a-celui-de-lemploi-une-rencontre-gagnante-au-stade-8040769,Du terrain de rugby à celui de l'emploi : Une rencontre gagnante au stade !,Venez rencontrer les employeurs autrement autour d'une journée sportive !Nous vous invitons à participer à l’évènement « Du Stade vers l’emploi spécial Rugby » qui aura lieu le 09 Octobre 2025.« Du St,"Venez rencontrer les employeurs autrement autour d'une journée sportive !Nous vous invitons à participer à l’évènement « Du Stade vers l’emploi spécial Rugby » qui aura lieu le 09 Octobre 2025.« Du Stade Vers l’Emploi », une journée avec des activités sportives mais surtout ludiques associant employeurs et demandeurs d’emploi de manière anonyme durant la matinée. Vous partagerez ensuite un moment convivial autour d'un déjeuner qui vous est offert.  Enfin, participez au job dating avec les mêmes",,"[""Du Stade vers l'Emploi"", '1 jeune  1 solution', 'Insertion', 'Sport et insertion', 'Recrutement sans CV', 'Recrutement']",,"Mardi 16 septembre 2025, 10h30",2025-09-16 08:30:00+00:00,2025-09-16 09:30:00+00:00,"[{""begin"": ""2025-09-16T10:30:00+02:00"", ""end"": ""2025-09-16T11:30:00+02:00""}]",Agence METZ BLIDA,57000 Metz,57014,Metz,Moselle,Grand Est,,,,"{""id"": 1, ""label"": {""fr"": ""Sur place"", ""en"": ""In situ"", ""it"": ""In presenza"", ""es"": ""Desconnectad"", ""de"": ""Offline"", ""br"": ""War al lec\u2019h"", ""io"": ""crwdns14266:0crwdne14266:0"", ""oc"": ""Sus pla\u00e7a"", ""nl"": ""Ter plaatse""}}",,"[{""type"": ""link"", ""value"": ""https://mesevenementsemploi.francetravail.fr/mes-evenements-emploi/evenement/471824""}]"
44988729,https://openagenda.com/francetravail/events/feuillette-sinstalle-a-metzanine-des-offres-qui-ont-du-croustillant,FEUILLETTE S'INSTALLE A METZANINE : Des offres qui ont du croustillant !,"Feuillette s'installe à Metz Mezzanine et recrute ses talents ! Découvrez l'univers gourmand et chaleureux de Feuillette, une enseigne réputée qui ouvre prochainement ses portes à Metz Mezzanine.","Feuillette s'installe à Metz Mezzanine et recrute ses talents ! Découvrez l'univers gourmand et chaleureux de Feuillette, une enseigne réputée qui ouvre prochainement ses portes à Metz Mezzanine. Nous recherchons des collaborateurs passionnés pour rejoindre notre aventure. Pourquoi rejoindre Feuillette ? Chez Feuillette, vous intégrerez une entreprise familiale, chaleureuse et ambitieuse, guidée par des valeurs fortes : passion, excellence et entraide. Avec plus de 10 ans d'expérience et un rése",,['Recrutement'],,"Mercredi 29 avril, 09h00",2026-04-29 07:00:00+00:00,2026-04-29 08:30:00+00:00,"[{""begin"": ""2026-04-29T09:00:00+02:00"", ""end"": ""2026-04-29T10:30:00+02:00""}]",Agence METZ SEBASTOPOL,57070 Metz,57070,Metz,Moselle,Grand Est,,,,"{""id"": 1, ""label"": {""fr"": ""Sur place"", ""en"": ""In situ"", ""it"": ""In presenza"", ""es"": ""Desconnectad"", ""de"": ""Offline"", ""br"": ""War al lec\u2019h"", ""io"": ""crwdns14266:0crwdne14266:0"", ""oc"": ""Sus pla\u00e7a"", ""nl"": ""Ter plaatse""}}",,"[{""type"": ""link"", ""value"": ""https://mesevenementsemploi.francetravail.fr/mes-evenements-emploi/evenement/632688""}]"
77068738,https://openagenda.com/francetravail/events/envie-de-changement-essayez-le-metier-de-conseiller-clientele-5338273,Envie de Changement ? Essayez le Métier de Conseiller Clientèle ! Poste sur METZ (MOSELLE),"À la suite d'une réunion d'information collective en VISIO prévue le 12 mai 2026, vous pourrez rencontrer l'employeur et candidater à l'offre.","À la suite d'une réunion d'information collective en VISIO prévue le 12 mai 2026, vous pourrez rencontrer l'employeur et candidater à l'offre. Attention l'entreprise et le lieu du poste de travail est sur METZ en Moselle. Les missions d'un(e) conseiller(e) clientèle dans un centre de contact incluent l'intégration dans une équipe solidaire, le traitement des demandes clients par téléphone, tchat, mail ou courrier, l'analyse des besoins des clients pour proposer des solutions adaptées et des serv",,['Recrutement'],,"Mardi 12 mai, 18h00",2026-05-12 16:00:00+00:00,2026-05-12 17:00:00+00:00,"[{""begin"": ""2026-05-12T18:00:00+02:00"", ""end"": ""2026-05-12T19:00:00+02:00""}]",Agence METZ BLIDA,57000 Metz,57014,Metz,Moselle,Grand Est,,,,"{""id"": 1, ""label"": {""fr"": ""Sur place"", ""en"": ""In situ"", ""it"": ""In presenza"", ""es"": ""Desconnectad"", ""de"": ""Offline"", ""br"": ""War al lec\u2019h"", ""io"": ""crwdns14266:0crwdne14266:0"", ""oc"": ""Sus pla\u00e7a"", ""nl"": ""Ter plaatse""}}",,"[{""type"": ""link"", ""value"": ""https://mesevenementsemploi.francetravail.fr/mes-evenements-emploi/evenement/660498""}]"
40314894,https://openagenda.com/francetravail/events/forum-emploi-eurometropole-ville-de-metz-ccas-4987095,Forum emploi Eurométropole - Ville de Metz - CCAS,"L'Eurométropole de Metz, la Ville de Metz et le Centre Communal d'Action Sociale (CCAS), en partenariat avec France Travail, vous invitent à participer à un Forum Emploi le mardi 23 juin 2026, de 9h00","L'Eurométropole de Metz, la Ville de Metz et le Centre Communal d'Action Sociale (CCAS), en partenariat avec France Travail, vous invitent à participer à un Forum Emploi le mardi 23 juin 2026, de 9h00 à 16h30. Lieu de l'événement : Maison de la Métropole 1, place du Parlement de Metz (à proximité de la gare). Des postes à pourvoir dans des domaines variés : Policiers municipaux Professionnels de la petite enfance et de l'éducation Espaces verts Espaces publics Bâtiments Mobilité Travailleurs soc",,"['#TousMobilisés', 'Recrutement', ""S'informer""]",,"Mardi 23 juin, 09h00",2026-06-23 07:00:00+00:00,2026-06-23 10:30:00+00:00,"[{""begin"": ""2026-06-23T09:00:00+02:00"", ""end"": ""2026-06-23T12:30:00+02:00""}]",Agence METZ GARE,57000 Metz,57000,Metz,Moselle,Grand Est,,,,"{""id"": 1, ""label"": {""fr"": ""Sur place"", ""en"": ""In situ"", ""it"": ""In presenza"", ""es"": ""Desconnectad"", ""de"": ""Offline"", ""br"": ""War al lec\u2019h"", ""io"": ""crwdns14266:0crwdne14266:0"", ""oc"": ""Sus pla\u00e7a"", ""nl"": ""Ter plaatse""}}",,"[{""type"": ""link"", ""value"": ""https://mesevenementsemploi.francetravail.fr/mes-evenements-emploi/evenement/666501""}]"
38460255,https://openagenda.com/culture/events/devoilement-dune-robe-en-lien-avec-lexposition-dimanche-sans-fin,"Une robe, un dimanche",Les élèves en Bac pro métiers de la mode du Lycée Professionnel Alain Fournier de Metz ont choisi de passer leur examen de fin d’année en créant une robe en lien avec une œuvre de Dimanche sans fin.…,"Les élèves en Bac pro métiers de la mode du Lycée Professionnel Alain Fournier de Metz ont choisi de passer leur examen de fin d’année en créant une robe en lien avec une œuvre de Dimanche sans fin. Cette robe doit être contemporaine, stylisée et artistique s’attachant à la plasticité d’une œuvre choisie ou à sa signification.",,,,"Samedi 23 mai, 19h00",2026-05-23 17:00:00+00:00,2026-05-23 18:00:00+00:00,"[{""begin"": ""2026-05-23T19:00:00+02:00"", ""end"": ""2026-05-23T20:00:00+02:00""}]",Centre Pompidou - Metz,"1 parvis des droits de l'homme, 57000 Metz, France",57000,Metz,Moselle,Grand Est,,,,"{""id"": 1, ""label"": {""fr"": ""Sur place"", ""en"": ""In situ"", ""it"": ""In presenza"", ""es"": ""Desconnectad"", ""de"": ""Offline"", ""br"": ""War al lec\u2019h"", ""io"": ""crwdns14266:0crwdne14266:0"", ""oc"": ""Sus pla\u00e7a"", ""nl"": ""Ter plaatse""}}",,
57701749,https://openagenda.com/ensemble-dialoguons-banque-de-france/events/visite-de-la-banque-de-france-de-metz,Visite de la Banque de France de Metz,"La Banque de France ouvre exceptionnellement sa succursale de Metz au public et proposera des visites de ses locaux historiques : le hall d’accueil, le bureau du directeur et la salle du Conseil. Ce…","La Banque de France ouvre exceptionnellement sa succursale de Metz au public et proposera des visites de ses locaux historiques : le hall d’accueil, le bureau du directeur et la salle du Conseil. Ce sera également l’occasion d’en apprendre davantage sur l’histoire et les missions de cette institution bicentenaire, et de découvrir les objets anciennement utilisés pour mener les activités de la Banque de France. Cette visite offre la possibilité de visiter un lieu patrimonial habituellement fermé au public, tout en participant à un véritable moment de dialogue citoyen. Cet événement s’inscrit dans une démarche nationale de dialogue et de transparence, « Ensemble, dialoguons ! », lancée cette année, portée par l’institution, avec un objectif clair : répondre aux questions que chacun peut se poser sur les grands enjeux économiques et financiers, afin de mieux faire connaître ses missions. Des stands thématiques et des ateliers vous seront proposés tout au long de la visite. Ils seront installés dans l’enceinte de la succursale, animés par des agents et des experts.","Présentation d'une pièce d'identité valide obligatoire et inspection des sacs . Merci de vous présenter 15 min avant l’horaire indiqué sur votre billet, tout retard entrainera la perte de votre créneau sans garantie de report.",,,"Samedi 20 septembre 2025, 11h00",2025-09-20 09:00:00+00:00,2025-09-20 15:00:00+00:00,"[{""begin"": ""2025-09-20T11:00:00+02:00"", ""end"": ""2025-09-20T17:00:00+02:00""}]",Banque de France de Metz,12 avenue Robert Schuman 57000 Metz,57000,Metz,Moselle,Grand Est,,,,"{""id"": 1, ""label"": {""fr"": ""Sur place"", ""en"": ""In situ"", ""it"": ""In presenza"", ""es"": ""Desconnectad"", ""de"": ""Offline"", ""br"": ""War al lec\u2019h"", ""io"": ""crwdns14266:0crwdne14266:0"", ""oc"": ""Sus pla\u00e7a"", ""nl"": ""Ter plaatse""}}",,"[{""type"": ""link"", ""value"": ""https://my.weezevent.com/journees-europeennes-du-patrimoine-2025-banque-de-france-metz""}]"
32864104,https://openagenda.com/francetravail/events/action-recrute-sans-cv-pour-son-magasin-de-metz-borny-des-employes-polyvalents-1244199,ACTION RECRUTE SANS CV! Pour son magasin de METZ BORNY des employés polyvalents.,Les magasins ACTION de Borny recrutent. De nombreux postes sont à pourvoir en cdi 24h/semaine.,"Les magasins ACTION de Borny recrutent. De nombreux postes sont à pourvoir en cdi 24h/semaine. Présentation de l'entreprise par l'employeur lors d'une information collective. Ensuite positionnement sur session de MRS Méthode de Recrutement par simulation, sans CV",,"['#TousMobilisés', 'Recrutement']",,"Vendredi 14 août, 10h30",2026-08-14 08:30:00+00:00,2026-08-14 10:00:00+00:00,"[{""begin"": ""2026-08-14T10:30:00+02:00"", ""end"": ""2026-08-14T12:00:00+02:00""}]",Agence METZ SEBASTOPOL,57070 Metz,57070,Metz,Moselle,Grand Est,,,,"{""id"": 1, ""label"": {""fr"": ""Sur place"", ""en"": ""In situ"", ""it"": ""In presenza"", ""es"": ""Desconnectad"", ""de"": ""Offline"", ""br"": ""War al lec\u2019h"", ""io"": ""crwdns14266:0crwdne14266:0"", ""oc"": ""Sus pla\u00e7a"", ""nl"": ""Ter plaatse""}}",,"[{""type"": ""link"", ""value"": ""https://mesevenementsemploi.francetravail.fr/mes-evenements-emploi/evenement/724769""}]"
99831890,https://openagenda.com/francetravail/events/le-sport-comme-levier-vers-lemploi-rejoignez-le-stade-vers-lemploi-metz-rugby,Le sport comme levier vers l'emploi : Rejoignez le Stade vers l'emploi ! ! Metz - Rugby,Venez rencontrer les employeurs autrement autour d'un après-midi sportif ! Nous vous invitons à participer à l'évènement Du Stade vers l'emploi spécial Rugby qui aura lieu le jeudi 24 septembre 2026.,"Venez rencontrer les employeurs autrement autour d'un après-midi sportif ! Nous vous invitons à participer à l'évènement Du Stade vers l'emploi spécial Rugby qui aura lieu le jeudi 24 septembre 2026. Du Stade Vers l'Emploi , une journée avec des activités sportives mais surtout ludiques associant employeurs et demandeurs d'emploi de manière anonyme. Vous partagerez un moment convivial autour d'une collation. Enfin, participez au job dating avec les mêmes employeurs. Préparez-vous à vivre une ex",,"[""Du Stade vers l'Emploi"", 'Recrutement par le sport']",,"Vendredi 28 août, 09h00",2026-08-28 07:00:00+00:00,2026-08-28 08:30:00+00:00,"[{""begin"": ""2026-08-28T09:00:00+02:00"", ""end"": ""2026-08-28T10:30:00+02:00""}]",Agence METZ BLIDA,57000 Metz,57014,Metz,Moselle,Grand Est,,,,"{""id"": 1, ""label"": {""fr"": ""Sur place"", ""en"": ""In situ"", ""it"": ""In presenza"", ""es"": ""Desconnectad"", ""de"": ""Offline"", ""br"": ""War al lec\u2019h"", ""io"": ""crwdns14266:0crwdne14266:0"", ""oc"": ""Sus pla\u00e7a"", ""nl"": ""Ter plaatse""}}",,"[{""type"": ""link"", ""value"": ""https://mesevenementsemploi.francetravail.fr/mes-evenements-emploi/evenement/699780""}]"
92700070,https://openagenda.com/francetravail/events/formez-vous-au-metier-de-cordiste-avec-un-contrat-a-la-cle,"Formez vous au métier de cordiste, avec un contrat à la clé",Vous êtes demandeur d'emploi et vous souhaitez vous former au métier de CORDISTE. Découvrez notre Préparation Opérationnelle à l'Emploi Individuelle (POEI) sur le métier de cordiste.,"Vous êtes demandeur d'emploi et vous souhaitez vous former au métier de CORDISTE. Découvrez notre Préparation Opérationnelle à l'Emploi Individuelle (POEI) sur le métier de cordiste. Cette formation complète de 450 heures vous permettra d'acquérir toutes les compétences nécessaires pour travailler en hauteur en toute sécurité. À l'issue de la formation, vous bénéficierez d'un contrat de travail d'au moins 6 mois, vous offrant ainsi une sécurité d'emploi et une opportunité de mettre immédiatement",,"['#TousMobilisés', 'Découverte formation']",,"Vendredi 4 septembre, 07h50",2026-09-04 05:50:00+00:00,2026-09-04 11:00:00+00:00,"[{""begin"": ""2026-09-04T07:50:00+02:00"", ""end"": ""2026-09-04T13:00:00+02:00""}]",Agence MONTIGNY LES METZ,57000 Metz,57045,Metz,Moselle,Grand Est,,,,"{""id"": 1, ""label"": {""fr"": ""Sur place"", ""en"": ""In situ"", ""it"": ""In presenza"", ""es"": ""Desconnectad"", ""de"": ""Offline"", ""br"": ""War al lec\u2019h"", ""io"": ""crwdns14266:0crwdne14266:0"", ""oc"": ""Sus pla\u00e7a"", ""nl"": ""Ter plaatse""}}",,"[{""type"": ""link"", ""value"": ""https://mesevenementsemploi.francetravail.fr/mes-evenements-emploi/evenement/732230""}]"
99961162,https://openagenda.com/francetravail/events/boostez-votre-carriere-dans-le-soin-et-laccompagnement-aux-personnes-rencontres-exclusives-avec-des-recruteurs,Boostez Votre Carrière dans le Soin et l'Accompagnement aux personnes : Rencontres Exclusives avec des Recruteurs !,Cette matinée sera dédiée à la découverte des métiers et aux rencontres avec des professionnels du secteur.,"Cette matinée sera dédiée à la découverte des métiers et aux rencontres avec des professionnels du secteur. Plusieurs entreprises seront présentes afin de présenter leurs structures, les postes à pourvoir ainsi que leurs attentes en matière de recrutement. Cet événement poursuit un double objectif : - Permettre aux personnes en découverte de mieux comprendre les réalités du métier, les aptitudes nécessaires ainsi que les conditions d'exercice. - Offrir aux candidats expérimentés l'occasion de re",,"['Métiers de l humain', 'Métiers du Prendre soin', 'Découverte secteur / métier', 'Recrutement']",,"Jeudi 9 avril, 09h00",2026-04-09 07:00:00+00:00,2026-04-09 09:30:00+00:00,"[{""begin"": ""2026-04-09T09:00:00+02:00"", ""end"": ""2026-04-09T11:30:00+02:00""}]",Agence METZ GARE,57070 Metz,57070,Metz,Moselle,Grand Est,,,,"{""id"": 1, ""label"": {""fr"": ""Sur place"", ""en"": ""In situ"", ""it"": ""In presenza"", ""es"": ""Desconnectad"", ""de"": ""Offline"", ""br"": ""War al lec\u2019h"", ""io"": ""crwdns14266:0crwdne14266:0"", ""oc"": ""Sus pla\u00e7a"", ""nl"": ""Ter plaatse""}}",,"[{""type"": ""link"", ""value"": ""https://mesevenementsemploi.francetravail.fr/mes-evenements-emploi/evenement/623465""}]"
62424555,https://openagenda.com/francetravail/events/logistique-une-matinee-pour-tout-savoir-sur-les-metiers-qui-recrutent,Logistique : une matinée pour tout savoir sur les métiers qui recrutent,Rejoignez-nous pour une matinée découverte des métiers de la logistique !,"Rejoignez-nous pour une matinée découverte des métiers de la logistique ! Cet événement est ouvert à tous et se compose de différents ateliers ludiques pour vous permettre de découvrir les métiers de la logistique de manière interactive et pratique. Vous aurez l'occasion de participer à des ateliers sur les gestes et postures, la conduite de chariots élévateurs, la présentation des postes du secteur de la logistique, ... Des experts seront présents pour vous guider et vous conseiller tout au lon",,"['Métiers du transport et de la logistique', '#TousMobilisés', 'Découverte secteur / métier']",,"Jeudi 25 juin, 09h00",2026-06-25 07:00:00+00:00,2026-06-25 09:30:00+00:00,"[{""begin"": ""2026-06-25T09:00:00+02:00"", ""end"": ""2026-06-25T11:30:00+02:00""}]",Agence METZ BLIDA,57050 Metz,57004,Metz,Moselle,Grand Est,,,,"{""id"": 1, ""label"": {""fr"": ""Sur place"", ""en"": ""In situ"", ""it"": ""In presenza"", ""es"": ""Desconnectad"", ""de"": ""Offline"", ""br"": ""War al lec\u2019h"", ""io"": ""crwdns14266:0crwdne14266:0"", ""oc"": ""Sus pla\u00e7a"", ""nl"": ""Ter plaatse""}}",,"[{""type"": ""link"", ""value"": ""https://mesevenementsemploi.francetravail.fr/mes-evenements-emploi/evenement/664849""}]"
67864342,https://openagenda.com/francetravail/events/contrat-en-alternance-dans-le-secteur-du-commerce-automobile,Contrat en alternance dans le secteur du commerce automobile,"Si vous recherchez un contrat en alternance dans un garage ou une concession automobile, venez assister à une réunion de présentation des différents métiers et prendre connaissance des futurs recrutem","Si vous recherchez un contrat en alternance dans un garage ou une concession automobile, venez assister à une réunion de présentation des différents métiers et prendre connaissance des futurs recrutements. Présentation des différents métiers de l'automobile par un chargé de recrutement et de formation de la société Car Avenue avec également diffusion des postes en alternance (apprentissage) disponibles dans les différentes enseignes du groupe.",,"['TaskForceEntreprise', '#TousMobilisés', ""S'informer"", 'Recrutement']",,"Lundi 16 février, 10h00",2026-02-16 09:00:00+00:00,2026-02-16 11:00:00+00:00,"[{""begin"": ""2026-02-16T10:00:00+01:00"", ""end"": ""2026-02-16T12:00:00+01:00""}]",Agence METZ BLIDA,57000 Metz,57014,Metz,Moselle,Grand Est,,,,"{""id"": 1, ""label"": {""fr"": ""Sur place"", ""en"": ""In situ"", ""it"": ""In presenza"", ""es"": ""Desconnectad"", ""de"": ""Offline"", ""br"": ""War al lec\u2019h"", ""io"": ""crwdns14266:0crwdne14266:0"", ""oc"": ""Sus pla\u00e7a"", ""nl"": ""Ter plaatse""}}",,"[{""type"": ""link"", ""value"": ""https://mesevenementsemploi.francetravail.fr/mes-evenements-emploi/evenement/572651""}]"
29886484,https://openagenda.com/culture/events/les-batisseurs-de-cathedrales-architecture-spirituelle,Parcourez les chemins des bâtisseurs de foi,"Explorez en famille l’univers des chantiers médiévaux et partez sur les traces de ceux qui ont érigé les cathédrales. Entre jeux, énigmes et récits captivants, découvrez l’ingéniosité des bâtisseurs…","Explorez en famille l’univers des chantiers médiévaux et partez sur les traces de ceux qui ont érigé les cathédrales. Entre jeux, énigmes et récits captivants, découvrez l’ingéniosité des bâtisseurs et la dimension spirituelle de ces géants de pierre. Une aventure à hauteur d’enfant.",Visite famille avec enfants à partir de 6 ans; Chaque enfant est accompagné d'un adulte; Maximum 15 enfants; Rdv Office de Tourisme place d'Armes,,,"Dimanche 21 septembre 2025, 14h00",2025-09-21 12:00:00+00:00,2025-09-21 13:00:00+00:00,"[{""begin"": ""2025-09-21T14:00:00+02:00"", ""end"": ""2025-09-21T15:00:00+02:00""}]","Corps de garde - Agence ""Inspire Metz""","2 place d'armes, 57000 Metz",57014,Metz,Moselle,Grand Est,,,,"{""id"": 1, ""label"": {""fr"": ""Sur place"", ""en"": ""In situ"", ""it"": ""In presenza"", ""es"": ""Desconnectad"", ""de"": ""Offline"", ""br"": ""War al lec\u2019h"", ""io"": ""crwdns14266:0crwdne14266:0"", ""oc"": ""Sus pla\u00e7a""}}",,"[{""type"": ""phone"", ""value"": ""03 87 39 00 00""}, {""type"": ""email"", ""value"": ""tourisme@inspire-metz.com""}]"
86713862,https://openagenda.com/culture/events/metz-imperiale-visite-guidee-en-allemand,Metz impériale : promenade à travers l’architecture monumentale,"Une promenade à travers l’architecture monumentale de l’époque impériale allemande : de la gare à l’avenue Foch, en passant par la poste, la porte Serpenoise, le palais du gouverneur, le Temple Neuf …","Une promenade à travers l’architecture monumentale de l’époque impériale allemande : de la gare à l’avenue Foch, en passant par la poste, la porte Serpenoise, le palais du gouverneur, le Temple Neuf et le portail principal de la cathédrale. Rendez-vous devant la tour de l’horloge de la gare de Metz.",Rendez-vous devant la tour de l’horloge de la gare de Metz.,,,"Samedi 20 septembre 2025, 10h00",2025-09-20 08:00:00+00:00,2025-09-20 12:00:00+00:00,"[{""begin"": ""2025-09-20T10:00:00+02:00"", ""end"": ""2025-09-20T14:00:00+02:00""}]",Gare,"Place du Général de Gaulle, 57000 Metz",57000,Metz,Moselle,Grand Est,,,,"{""id"": 1, ""label"": {""fr"": ""Sur place"", ""en"": ""In situ"", ""it"": ""In presenza"", ""es"": ""Desconnectad"", ""de"": ""Offline"", ""br"": ""War al lec\u2019h"", ""io"": ""crwdns14266:0crwdne14266:0"", ""oc"": ""Sus pla\u00e7a""}}",,
10721465,https://openagenda.com/biblis-en-folie-2025/events/lectures-de-lapres-midi,Lectures de l'après-midi,Un après-midi à la médiathèque pour découvrir et profiter des histoires lues par les bibliothécaires !,Un après-midi à la médiathèque pour découvrir et profiter des histoires lues par les bibliothécaires !,,,,"Samedi 4 octobre 2025, 14h00",2025-10-04 12:00:00+00:00,2025-10-04 14:00:00+00:00,"[{""begin"": ""2025-10-04T14:00:00+02:00"", ""end"": ""2025-10-04T16:00:00+02:00""}]",Médiathèque Verlaine,1 cour Elie-Fleur 57000 Metz,57000,Metz,Moselle,Grand Est,['handicap moteur'],,,"{""id"": 1, ""label"": {""fr"": ""Sur place"", ""en"": ""In situ"", ""it"": ""In presenza"", ""es"": ""Desconnectad"", ""de"": ""Offline"", ""br"": ""War al lec\u2019h"", ""io"": ""crwdns14266:0crwdne14266:0"", ""oc"": ""Sus pla\u00e7a"", ""nl"": ""Ter plaatse""}}",,
40849491,https://openagenda.com/francetravail/events/du-terrain-de-rugby-a-celui-de-lemploi-une-rencontre-gagnante-au-stade-9683119,Du terrain de rugby à celui de l'emploi : Une rencontre gagnante au stade !,Venez rencontrer les employeurs autrement autour d'une journée sportive !Nous vous invitons à participer à l’évènement « Du Stade vers l’emploi spécial Rugby » qui aura lieu le 09 Octobre 2025.« Du St,"Venez rencontrer les employeurs autrement autour d'une journée sportive !Nous vous invitons à participer à l’évènement « Du Stade vers l’emploi spécial Rugby » qui aura lieu le 09 Octobre 2025.« Du Stade Vers l’Emploi », une journée avec des activités sportives mais surtout ludiques associant employeurs et demandeurs d’emploi de manière anonyme durant la matinée. Vous partagerez ensuite un moment convivial autour d'un déjeuner qui vous est offert.  Enfin, participez au job dating avec les mêmes",,"['1 jeune  1 solution', ""Du Stade vers l'Emploi"", 'Insertion', 'Recrutement', 'Recrutement sans CV', 'Sport et insertion']",,"Mercredi 10 septembre 2025, 10h30",2025-09-10 08:30:00+00:00,2025-09-10 09:30:00+00:00,"[{""begin"": ""2025-09-10T10:30:00+02:00"", ""end"": ""2025-09-10T11:30:00+02:00""}]",Agence METZ GARE,57000 Metz,57000,Metz,Moselle,Grand Est,,,,"{""id"": 1, ""label"": {""fr"": ""Sur place"", ""en"": ""In situ"", ""it"": ""In presenza"", ""es"": ""Desconnectad"", ""de"": ""Offline"", ""br"": ""War al lec\u2019h"", ""io"": ""crwdns14266:0crwdne14266:0"", ""oc"": ""Sus pla\u00e7a"", ""nl"": ""Ter plaatse""}}",,"[{""type"": ""link"", ""value"": ""https://mesevenementsemploi.francetravail.fr/mes-evenements-emploi/evenement/473354""}]"
12831444,https://openagenda.com/francetravail/events/reunion-de-recrutement-volontaire-service-civique-pour-france-travail-1894356,REUNION DE RECRUTEMENT VOLONTAIRE SERVICE CIVIQUE POUR FRANCE TRAVAIL,"Vous êtes jeunes, vous appréciez le contact, vous maitrisez les outils numériques et souhaitez participer à une mission utile et qui a du sens.Votre mission consistera à :Accueillir les demandeurs...","Vous êtes jeunes, vous appréciez le contact, vous maitrisez les outils numériques et souhaitez participer à une mission utile et qui a du sens.Votre mission consistera à :Accueillir les demandeurs d’emploi et les diriger vers le bon interlocuteur Accompagner les usagers dans l’utilisation des outils numériques de France Travail et des services digitauxÊtre en appui des demandeurs d’emploi inscription, actualisation, promotion des outils numérique de France TravailPour réaliser au mieux votre activité :Nous vous formerons aux différentes tâches en interne et vous serez accompagnés par un tuteur et travaillerez en équipe avec les conseillers qui assurent l’accueil, l’information et délivrent des conseils. Vous bénéficierez aussi de formation externe  en centre qui est situé à Metz.Le contrat :La durée du contrat est de 8 mois à partir du 01/10, il s’agit d’un contrat de 24h semaine. Ce contrat peut-être rompu avant son terme en cas de reprise d’emploi, de formation. Les avantages :Vous bénéficiez d’une rémunération en lien avec votre situation, vous pouvez continuer votre recherche d’emploi ou travailler à temps partiel, vous pouvez bénéficier des services de France Travail et des opportunités pour favoriser votre recherche d’emploi.Cet événement se déroulera le 27 août  de 14H00 à 15H00 France Travail 3 avenue de Blida 57000 MetzN'oubliez pas de venir avec votre CV à jour.",,"[""Réunion d'information"", '#TousMobilisés', '1 jeune  1 solution', 'Insertion', 'Recrutement', 'Débutant(e) accepté(e)', 'Jeunes', 'Personnes en situation de handicap', 'Résidents en quartier prioritaire de la ville', 'Bénéficiaires RSA', ""Opportunité d'emploi"", 'en physique']",,"Mercredi 27 août 2025, 14h00",2025-08-27 12:00:00+00:00,2025-08-27 13:00:00+00:00,"[{""begin"": ""2025-08-27T14:00:00+02:00"", ""end"": ""2025-08-27T15:00:00+02:00""}]",Agence METZ BLIDA,57000 Metz,57014,Metz,Moselle,Grand Est,,,,"{""id"": 1, ""label"": {""fr"": ""Sur place"", ""en"": ""In situ"", ""it"": ""In presenza"", ""es"": ""Desconnectad"", ""de"": ""Offline"", ""br"": ""War al lec\u2019h"", ""io"": ""crwdns14266:0crwdne14266:0"", ""oc"": ""Sus pla\u00e7a"", ""nl"": ""Ter plaatse""}}",,"[{""type"": ""link"", ""value"": ""https://mesevenementsemploi.francetravail.fr/mes-evenements-emploi/evenement/483286""}]"
41862482,https://openagenda.com/jep-2025-grand-est/events/visite-libre-chambre-regionale-des-comptes-grand-est,Visitez l'ancien logis du gouverneur de la citadelle,Découvrez ce bâtiment abritant la salle d'audience de la CRC Grand Est.,Découvrez un bâtiment abritant la salle d'audience de la CRC Grand Est.,,,,20 et 21 septembre,2025-09-20 08:00:00+00:00,2025-09-21 16:00:00+00:00,"[{""begin"": ""2025-09-20T10:00:00+02:00"", ""end"": ""2025-09-20T18:00:00+02:00""}, {""begin"": ""2025-09-21T10:00:00+02:00"", ""end"": ""2025-09-21T18:00:00+02:00""}]",Chambre régionale des Comptes Grand Est,"3-5 rue de la Citadelle, 57000 Metz",57045,Metz,Moselle,Grand Est,,,,"{""id"": 1, ""label"": {""fr"": ""Sur place"", ""en"": ""In situ"", ""it"": ""In presenza"", ""es"": ""Desconnectad"", ""de"": ""Offline"", ""br"": ""War al lec\u2019h"", ""io"": ""crwdns14266:0crwdne14266:0"", ""oc"": ""Sus pla\u00e7a""}}",,
54330488,https://openagenda.com/saison-mediterranee-2026/events/la-perle-8943045,La Perle,Saison Méditerranée 2026,"Quand la blessure devient lumière. Un voyage visuel et musical entre marionnette contemporaine et poésie persane, où l’âme se fissure… et révèle sa perle. Inspirée par la pensée du poète et théologien persan Djalâl ad-Dîn Rûmî, La Perle de la jeune artiste iranienne Sayeh Sirvani est une traversée sensorielle où la douleur se métamorphose en éclat. Sur scène, trois interprètes font naître des figures hybrides, entre corps et matière, masques et costumes marionnettiques. Tissus vivants, miroirs fragmentés, tapis rouge vibrant : tout respire, tout se transforme. Porté par la musique live iranienne — târ, kamancheh, daf — et des chants en persan et en arabe, le spectacle tisse un dialogue incandescent entre tradition et création contemporaine. Un théâtre d’images puissant, minimaliste et organique, qui parle à tous les publics, au-delà des langues. Un voyage sensoriel poétique et universel. Dans le cadre de Passages Transfestival - édition 26 Nouveaux Rivages du 14 au 28 mai à Metz","5 à 22€, dès 10 ans",,,"Mardi 26 mai, 20h00",2026-05-26 18:00:00+00:00,2026-05-26 19:00:00+00:00,"[{""begin"": ""2026-05-26T20:00:00+02:00"", ""end"": ""2026-05-26T21:00:00+02:00""}]",Espace Bernard-Marie Koltès - Metz,ile du Saulcy Metz,57000,Metz,Moselle,Grand Est,,,,"{""id"": 1, ""label"": {""fr"": ""Sur place""}}",,"[{""type"": ""link"", ""value"": ""https://passages-transfestival.mapado.com/event/686094-la-perle""}]"
20302640,https://openagenda.com/francetravail/events/vous-aussi-ca-vous-branche-dagir-pour-la-transition-energetique-spie-thepault-recrute-des-chefs-de-chantier-et-conducteurs-hf-sur-le-grand-est,Vous aussi ça vous branche d'agir pour la transition énergétique ? SPIE THEPAULT recrute des chefs de chantier et conducteurs (H/F) sur le Grand Est,"Dans le cadre de nouveaux chantiers dans le Grand Est, SPIE THEPAULT recrute plusieurs chefs de chantier et conducteurs (H/F) en CDI. Prérequis d'accès à l'emploi : - Apprécier le travail en extér...","Dans le cadre de nouveaux chantiers dans le Grand Est, SPIE THEPAULT recrute plusieurs chefs de chantier et conducteurs (H/F) en CDI. Prérequis d'accès à l'emploi : - Apprécier le travail en extérieur - Etre apte au travail en hauteur - Etre en mesure de distinguer les couleurs Webinaire durant lequel l'employeur présentera le groupe SPIE, l'entreprise SPIE THEPAULT et les postes à pourvoir.",,"[""Réunion d'information"", 'La semaine du BTP', '1 jeune  1 solution', 'Recrutement', 'Tout public', 'CDI', 'à distance']",,"Jeudi 9 octobre 2025, 10h30",2025-10-09 08:30:00+00:00,2025-10-09 09:45:00+00:00,"[{""begin"": ""2025-10-09T10:30:00+02:00"", ""end"": ""2025-10-09T11:45:00+02:00""}]",Agence METZ SEBASTOPOL,57070 Metz,57070,Metz,Moselle,Grand Est,,,,"{""id"": 2, ""label"": {""fr"": ""En ligne"", ""en"": ""Online"", ""it"": ""Online"", ""es"": ""En linea"", ""de"": ""Online"", ""br"": ""Enlinenn"", ""io"": ""crwdns14268:0crwdne14268:0"", ""oc"": ""En linha"", ""nl"": ""Online""}}",https://mesevenementsemploi.francetravail.fr/mes-evenements-emploi/evenement/493810,"[{""type"": ""link"", ""value"": ""https://mesevenementsemploi.francetravail.fr/mes-evenements-emploi/evenement/493810""}]"
15939660,https://openagenda.com/saison-mediterranee-2026/events/histoires-decoloniales-dalila-8947908,Histoire(s) décoloniale(s) #Dalila,"**Comment aborder l’histoire coloniale et son héritage ? Betty Tchomanga, par le prisme du corps et d’une histoire singulière, nous livre avec #Dalila un récit puissant interprété par la chanteuse et…","Comment aborder l’histoire coloniale et son héritage ? Betty Tchomanga, par le prisme du corps et d’une histoire singulière, nous livre avec #Dalila un récit puissant interprété par la chanteuse et comédienne franco-algérienne Dalila Khatir. Avec cette série chorégraphique, dont le solo #Mulunesh a été présenté au festival l’an dernier, Betty Tchomanga poursuit un travail autour des récits et des histoires qui relient l’Occident et l’Afrique. De l’enfant à la grand-mère, de la chanteuse de raï Cheikha Rimitti à la Vénus hottentote jusqu’aux femmes révolutionnaires iraniennes, ce solo convoque par le corps et la voix des figures de femmes « hors cadre ». Le corps et le visage se voilent et se dévoilent laissant ainsi surgir un défilé de masques. Dans une sorte de théâtre de marionnettes constitué seulement d’une table, d’une chaise, d’une lampe et d’un vidéo-projecteur Histoire(s) Décoloniale(s)#Dalila oscille entre l’interrogatoire, la confession intime et le récit de vie. Dans le cadre de Passages Transfestival - édition 2026 Nouveaux Rivages du 14 au 28 mai à Metz","5 à 12€, dès 12 ans",,,"Samedi 23 mai, 17h00",2026-05-23 15:00:00+00:00,2026-05-23 15:45:00+00:00,"[{""begin"": ""2026-05-23T17:00:00+02:00"", ""end"": ""2026-05-23T17:45:00+02:00""}]",Arsenal Jean-Marie Rausch Metz,avenue Ney Metz,57000,Metz,Moselle,Grand Est,,,,"{""id"": 1, ""label"": {""fr"": ""Sur place""}}",,
72487853,https://openagenda.com/saison-mediterranee-2026/events/ex-otic-9991619,EX-otic,"**Hadir Nached explore, avec sa nouvelle création** _**EX-otic,**_ **la décolonisation du regard et la reconquête du corps. Une traversée sensible où danse, résistance et intimité ouvrent un espace …","Hadir Nached explore, avec sa nouvelle création EX-otic, la décolonisation du regard et la reconquête du corps. Une traversée sensible où danse, résistance et intimité ouvrent un espace d’émancipation. Artiste multidisciplinaire formée aux beaux-arts, la jeune artiste égyptienne crée des formes à la croisée des arts visuels et de la danse. Avec EX-otic, elle propose un solo immersif qui interroge les constructions sociales et les héritages coloniaux inscrits dans les regards. En déconstruisant le terme « exotique », longtemps utilisé pour assigner et fétichiser les corps non occidentaux, l’artiste le détourne pour en faire un espace de réappropriation et de libération. Son écriture corporelle, précise et habitée, oscille entre tension, lenteur et silences chargés, révélant un processus sensible de transformation. Pensée comme une expérience in situ, la performance brouille les distances et invite chacun·e à choisir sa place face à un corps en résistance, en mutation et en quête de liberté. Dans le cadre de Passages Transfestival - édition 2026 Nouveaux Rivages du 14 au 28 mai à Metz","Accès libre, dès 12 ans",,,"Samedi 23 mai, 22h00",2026-05-23 20:00:00+00:00,2026-05-23 20:30:00+00:00,"[{""begin"": ""2026-05-23T22:00:00+02:00"", ""end"": ""2026-05-23T22:30:00+02:00""}]",Esplanade Metz,Promenade de l'esplanade Metz,57000,Metz,Moselle,Grand Est,,,,"{""id"": 1, ""label"": {""fr"": ""Sur place""}}",,
327889,https://openagenda.com/francetravail/events/atelier-cv-abonnement-aux-offres-carte-de-visite-3964736,ATELIER CV / ABONNEMENT AUX OFFRES/ CARTE DE VISITE .........,ATELIER CV / ABONNEMENT AUX OFFRES/ CARTE DE VISITE .........,ATELIER CV / ABONNEMENT AUX OFFRES/ CARTE DE VISITE ......... Il s'agit d'un accompagnement personnalisé d'une heure avec un agent volontaire service civique permettant de créer mettre à jour votre CV de rendre votre profil visible pour les employeurs et de découvrir les potentialités de votre espace personnel,,['Les outils du numérique'],,"Mardi 25 août, 15h00",2026-08-25 13:00:00+00:00,2026-08-25 14:00:00+00:00,"[{""begin"": ""2026-08-25T15:00:00+02:00"", ""end"": ""2026-08-25T16:00:00+02:00""}]",Agence METZ BLIDA,57000 Metz,57014,Metz,Moselle,Grand Est,,,,"{""id"": 1, ""label"": {""fr"": ""Sur place"", ""en"": ""In situ"", ""it"": ""In presenza"", ""es"": ""Desconnectad"", ""de"": ""Offline"", ""br"": ""War al lec\u2019h"", ""io"": ""crwdns14266:0crwdne14266:0"", ""oc"": ""Sus pla\u00e7a"", ""nl"": ""Ter plaatse""}}",,"[{""type"": ""link"", ""value"": ""https://mesevenementsemploi.francetravail.fr/mes-evenements-emploi/evenement/726645""}]"
44545809,https://openagenda.com/culture/events/plongez-dans-les-entrailles-dune-tour-fortifiee,Plongez dans les entrailles d’une tour fortifiée,"Explorez un vestige impressionnant du rempart historique de Metz à travers une visite guidée inédite de la Tour d’Enfer, nichée dans les jardins du palais du Gouverneur. En petit groupe, vous 52 pour…","Explorez un vestige impressionnant du rempart historique de Metz à travers une visite guidée inédite de la Tour d’Enfer, nichée dans les jardins du palais du Gouverneur. En petit groupe, vous descendrez 52 marches pour atteindre les profondeurs de cette fortification emblématique. Construite en 1515, cette tour d’artillerie de 22 mètres de diamètre fut un élément stratégique durant le siège de 1552 par les troupes de Charles Quint. Une plongée rare dans un passé militaire dense, au cœur d’un site chargé d’histoire.",à partir de 10 ans,,,19 et 20 septembre,2026-09-19 08:00:00+00:00,2026-09-20 15:30:00+00:00,"[{""begin"": ""2026-09-19T10:00:00+02:00"", ""end"": ""2026-09-19T13:00:00+02:00""}, {""begin"": ""2026-09-19T13:30:00+02:00"", ""end"": ""2026-09-19T17:30:00+02:00""}, {""begin"": ""2026-09-20T10:00:00+02:00"", ""end"": ""2026-09-20T13:00:00+02:00""}, {""begin"": ""2026-09-20T13:30:00+02:00"", ""end"": ""2026-09-20T17:30:00+02:00""}]",Palais du Gouverneur,"9 rue de la Citadelle, 57000 Metz",57045,Metz,Moselle,Grand Est,,,,"{""id"": 1, ""label"": {""fr"": ""Sur place"", ""en"": ""In situ"", ""it"": ""In presenza"", ""es"": ""Desconnectad"", ""de"": ""Offline"", ""br"": ""War al lec\u2019h"", ""io"": ""crwdns14266:0crwdne14266:0"", ""oc"": ""Sus pla\u00e7a"", ""nl"": ""Ter plaatse""}}",,
87389284,https://openagenda.com/culture/events/aubade-de-la-musique-de-larme-blindee-cavalerie-7121464,Aubade de la musique de l'Arme Blindée Cavalerie,"Profitez d’un concert en plein air mêlant musique militaire, jazz, classique, variété et cinéma, dans les jardins du palais du Gouverneur de Metz. La Musique de l’Arme Blindée Cavalerie vous invite à…","Profitez d’un concert en plein air mêlant musique militaire, jazz, classique, variété et cinéma, dans les jardins du palais du Gouverneur de Metz. La Musique de l’Arme Blindée Cavalerie vous invite à découvrir un répertoire éclectique et entraînant, pour une parenthèse musicale au cœur d’un lieu emblématique.",,,,19 et 20 septembre,2026-09-19 13:00:00+00:00,2026-09-20 14:00:00+00:00,"[{""begin"": ""2026-09-19T15:00:00+02:00"", ""end"": ""2026-09-19T16:00:00+02:00""}, {""begin"": ""2026-09-20T15:00:00+02:00"", ""end"": ""2026-09-20T16:00:00+02:00""}]",Palais du Gouverneur,"9 rue de la Citadelle, 57000 Metz",57045,Metz,Moselle,Grand Est,,,,"{""id"": 1, ""label"": {""fr"": ""Sur place"", ""en"": ""In situ"", ""it"": ""In presenza"", ""es"": ""Desconnectad"", ""de"": ""Offline"", ""br"": ""War al lec\u2019h"", ""io"": ""crwdns14266:0crwdne14266:0"", ""oc"": ""Sus pla\u00e7a"", ""nl"": ""Ter plaatse""}}",,
19044522,https://openagenda.com/culture/events/visite-guidee-de-lecluse-de-metz,Visite de l'écluse,"Les éclusiers de l'écluse de Metz vous feront découvrir l'itinéraire, ses enjeux et le fonctionnement d'une écluse.","Les éclusiers de l'écluse de Metz vous feront découvrir l'itinéraire, ses enjeux et le fonctionnement d'une écluse.",10 personnes par visite. Ouverture des réservations le 1er septembre.,,,20 et 21 septembre 2025,2025-09-20 12:00:00+00:00,2025-09-21 16:00:00+00:00,"[{""begin"": ""2025-09-20T14:00:00+02:00"", ""end"": ""2025-09-20T15:00:00+02:00""}, {""begin"": ""2025-09-20T15:00:00+02:00"", ""end"": ""2025-09-20T16:00:00+02:00""}, {""begin"": ""2025-09-20T16:00:00+02:00"", ""end"": ""2025-09-20T17:00:00+02:00""}, {""begin"": ""2025-09-20T17:00:00+02:00"", ""end"": ""2025-09-20T18:00:00+02:00""}, {""begin"": ""2025-09-21T10:00:00+02:00"", ""end"": ""2025-09-21T11:00:00+02:00""}, {""begin"": ""2025-09-21T11:00:00+02:00"", ""end"": ""2025-09-21T12:00:00+02:00""}, {""begin"": ""2025-09-21T14:00:00+02:00"", ""end"": ""2025-09-21T15:00:00+02:00""}, {""begin"": ""2025-09-21T15:00:00+02:00"", ""end"": ""2025-09-21T16:00:00+02:00""}, {""begin"": ""2025-09-21T16:00:00+02:00"", ""end"": ""2025-09-21T17:00:00+02:00""}, {""begin"": ""2025-09-21T17:00:00+02:00"", ""end"": ""2025-09-21T18:00:00+02:00""}]",Voies navigables de France,"Rue des alliés, 57000 Metz",57004,Metz,Moselle,Grand Est,,,,"{""id"": 1, ""label"": {""fr"": ""Sur place"", ""en"": ""In situ"", ""it"": ""In presenza"", ""es"": ""Desconnectad"", ""de"": ""Offline"", ""br"": ""War al lec\u2019h"", ""io"": ""crwdns14266:0crwdne14266:0"", ""oc"": ""Sus pla\u00e7a"", ""nl"": ""Ter plaatse""}}",,"[{""type"": ""link"", ""value"": ""http://metz.fr/m0473""}]"
97786295,https://openagenda.com/culture/events/visite-guidee-dune-gare-historique,Explorez les secrets d’une gare au riche passé (45min),Découvrez les spécificités de la gare de Metz lors de visites.,"Découvrez les spécificités de la gare de Metz lors de visites guidées, centrées sur la signification des sculptures ornementales, l’accès au pavillon de l’Empereur, la découverte extérieure du bâtiment des services. Le contexte historique ainsi que les éléments techniques ne sont pas approfondis lors de cette visite.",Merci de se présenter 10 minutes avant l'heure réservée. 15 personnes par groupe. Visites en Français.,,,20 et 21 septembre 2025,2025-09-20 07:30:00+00:00,2025-09-21 15:00:00+00:00,"[{""begin"": ""2025-09-20T09:30:00+02:00"", ""end"": ""2025-09-20T12:00:00+02:00""}, {""begin"": ""2025-09-20T13:45:00+02:00"", ""end"": ""2025-09-20T17:00:00+02:00""}, {""begin"": ""2025-09-21T09:30:00+02:00"", ""end"": ""2025-09-21T12:00:00+02:00""}, {""begin"": ""2025-09-21T13:45:00+02:00"", ""end"": ""2025-09-21T17:00:00+02:00""}]",Gare,"Place du Général de Gaulle, 57000 Metz",57000,Metz,Moselle,Grand Est,,,,"{""id"": 1, ""label"": {""fr"": ""Sur place"", ""en"": ""In situ"", ""it"": ""In presenza"", ""es"": ""Desconnectad"", ""de"": ""Offline"", ""br"": ""War al lec\u2019h"", ""io"": ""crwdns14266:0crwdne14266:0"", ""oc"": ""Sus pla\u00e7a"", ""nl"": ""Ter plaatse""}}",,"[{""type"": ""link"", ""value"": ""https://affluences.com/fr/""}]"
59452998,https://openagenda.com/culture/events/elegant-livre-dor-recherche-delicate-enluminure-pour-raviver-lhistoire,"Elégant livre d'or, recherche délicate enluminure pour raviver l'Histoire !","Voyagez au cœur du Moyen Âge : une enluminure a disparu d’une page du ""Livre d'heures"". Laissez parler votre imagination et redonnez vie à cette œuvre oubliée.","Voyagez au cœur du Moyen Âge : une enluminure a disparu d’une page du ""Livre d'heures"". Laissez parler votre imagination et redonnez vie à cette œuvre oubliée.",Pour les familles,,,"Samedi 19 septembre, 14h00, 15h00, 16h00",2026-09-19 12:00:00+00:00,2026-09-19 15:00:00+00:00,"[{""begin"": ""2026-09-19T14:00:00+02:00"", ""end"": ""2026-09-19T15:00:00+02:00""}, {""begin"": ""2026-09-19T15:00:00+02:00"", ""end"": ""2026-09-19T16:00:00+02:00""}, {""begin"": ""2026-09-19T16:00:00+02:00"", ""end"": ""2026-09-19T17:00:00+02:00""}]",Médiathèque de l'Agora,"4 rue Théodore de Gargan, 57050 Metz",57004,Metz,Moselle,Grand Est,,,,"{""id"": 1, ""label"": {""fr"": ""Sur place"", ""en"": ""In situ"", ""it"": ""In presenza"", ""es"": ""Desconnectad"", ""de"": ""Offline"", ""br"": ""War al lec\u2019h"", ""io"": ""crwdns14266:0crwdne14266:0"", ""oc"": ""Sus pla\u00e7a"", ""nl"": ""Ter plaatse""}}",,"[{""type"": ""email"", ""value"": ""servicesauxpublics@mairie-metz.fr""}]"
79245022,https://openagenda.com/francetravail/events/atelier-cv-abonnement-aux-offres-carte-de-visite-30022,ATELIER CV / ABONNEMENT AUX OFFRES/ CARTE DE VISITE .........,ATELIER CV / ABONNEMENT AUX OFFRES/ CARTE DE VISITE .........,ATELIER CV / ABONNEMENT AUX OFFRES/ CARTE DE VISITE ......... Il s'agit d'un accompagnement personnalisé d'une heure avec un agent volontaire service civique permettant de créer mettre à jour votre CV de rendre votre profil visible pour les employeurs et de découvrir les potentialités de votre espace personnel,,['Les outils du numérique'],,"Mercredi 26 août, 09h00",2026-08-26 07:00:00+00:00,2026-08-26 08:00:00+00:00,"[{""begin"": ""2026-08-26T09:00:00+02:00"", ""end"": ""2026-08-26T10:00:00+02:00""}]",Agence METZ BLIDA,57000 Metz,57014,Metz,Moselle,Grand Est,,,,"{""id"": 1, ""label"": {""fr"": ""Sur place"", ""en"": ""In situ"", ""it"": ""In presenza"", ""es"": ""Desconnectad"", ""de"": ""Offline"", ""br"": ""War al lec\u2019h"", ""io"": ""crwdns14266:0crwdne14266:0"", ""oc"": ""Sus pla\u00e7a"", ""nl"": ""Ter plaatse""}}",,"[{""type"": ""link"", ""value"": ""https://mesevenementsemploi.francetravail.fr/mes-evenements-emploi/evenement/726649""}]"
14160717,https://openagenda.com/planlibre/events/exposition-impermanences-beverly-buchanan-avec-helene-yamba-guimbi,"Exposition ""Impermanences"" - Beverly Buchanan, avec Hélène Yamba-Guimbi",Le Frac ouvre ses portes pour une exploration nocture des expositions.,"Le Frac ouvre ses portes pour une exploration nocture des expositions. Celle de l'artiste américiane Beverly Buchanan (1940-2015)présentée pour la première fois en France. Sculptures en pierre, shacks en bois (cabanon) et fanzines, ces divers supports viennent donner une voix à des personnes ou des communautés marginalisées tout en mettant en lumière la singularité des territoires ruraux du sud des États-Unis. Des interventions de la jeune artiste française Hélène Yamba-Guimbi (1995) ponctuent de façon structurelle l’exposition, mettant en perspective la pratique de Buchanan par un prisme contemporain et ancré dans le contexte français.",,,,"Samedi 23 mai, 11h00",2026-05-23 09:00:00+00:00,2026-05-23 21:00:00+00:00,"[{""begin"": ""2026-05-23T11:00:00+02:00"", ""end"": ""2026-05-23T23:00:00+02:00""}]",Frac Lorraine,"1 bis rue des Trinitaires, 57000 Metz",57000,Metz,Moselle,Grand Est,"['handicap intellectuel', 'handicap visuel', 'handicap moteur', 'handicap auditif', 'handicap psychique']",,,"{""id"": 1, ""label"": {""fr"": ""Sur place"", ""en"": ""In situ"", ""it"": ""In presenza"", ""es"": ""Desconnectad"", ""de"": ""Offline"", ""br"": ""War al lec\u2019h"", ""io"": ""crwdns14266:0crwdne14266:0"", ""oc"": ""Sus pla\u00e7a"", ""nl"": ""Ter plaatse""}}",,
10527258,https://openagenda.com/francetravail/events/recrutement-conseiller-clientele-banque-populaire-alsace-lorraine-champagne-2767857,Recrutement conseiller clientèle BANQUE POPULAIRE ALSACE LORRAINE CHAMPAGNE,Venez découvrir le poste de conseiller clientèle (H/F) au sein de la BANQUE POPULAIRE ALSACE LORRAINE CHAMPAGNE accessible en amont par une préparation opérationnelle individuelle à l'emploi.Après une,"Venez découvrir le poste de conseiller clientèle (H/F) au sein de la BANQUE POPULAIRE ALSACE LORRAINE CHAMPAGNE accessible en amont par une préparation opérationnelle individuelle à l'emploi.Après une présentation de l'entreprise et du poste, un rappel de l'action de formation sera également présentée par l'organisme de formation BK CONCEPT FRANCE.Pour plus d'informations consultez l'offre rattachée à l'évènement n Presentation de l'entreprise et du poste de conseiller clientèle- Présentation",,"['1 jeune  1 solution', 'Recrutement', 'Découverte secteur / métier', 'Insertion']",,"Mercredi 3 septembre, 09h00",2025-09-03 07:00:00+00:00,2025-09-03 10:00:00+00:00,"[{""begin"": ""2025-09-03T09:00:00+02:00"", ""end"": ""2025-09-03T12:00:00+02:00""}]",Agence METZ GARE,57000 Metz,57000,Metz,Moselle,Grand Est,,,,"{""id"": 1, ""label"": {""fr"": ""Sur place"", ""en"": ""In situ"", ""it"": ""In presenza"", ""es"": ""Desconnectad"", ""de"": ""Offline"", ""br"": ""War al lec\u2019h"", ""io"": ""crwdns14266:0crwdne14266:0"", ""oc"": ""Sus pla\u00e7a""}}",,"[{""type"": ""link"", ""value"": ""https://mesevenementsemploi.francetravail.fr/mes-evenements-emploi/evenement/475370""}]"
76926475,https://openagenda.com/culture/events/visite-libre-chapelle-saint-genest,Visite de la chapelle Saint-Genest,"Venez découvrir la chapelle Saint-Genest de Metz. À l’origine, à cet emplacement, on trouvait un bâtiment civil, un hôtel particulier gothique, construit au XIIème siècle, doté d’une tour à donjon se…","Venez découvrir la chapelle Saint-Genest de Metz. À l’origine, à cet emplacement, on trouvait un bâtiment civil, un hôtel particulier gothique, construit au XIIème siècle, doté d’une tour à donjon carré. Les visites libres se font en dehors des horaires de représentation du spectacle: « Esprit rabelaisien : des mots et des mets à la maison de Rabelais ».",,,,20 et 21 septembre 2025,2025-09-20 09:00:00+00:00,2025-09-21 16:00:00+00:00,"[{""begin"": ""2025-09-20T11:00:00+02:00"", ""end"": ""2025-09-20T18:00:00+02:00""}, {""begin"": ""2025-09-21T11:00:00+02:00"", ""end"": ""2025-09-21T18:00:00+02:00""}]",Chapelle Saint-Genest,"2 rue d'enfer, 57000 Metz",57014,Metz,Moselle,Grand Est,['handicap moteur'],,,"{""id"": 1, ""label"": {""fr"": ""Sur place"", ""en"": ""In situ"", ""it"": ""In presenza"", ""es"": ""Desconnectad"", ""de"": ""Offline"", ""br"": ""War al lec\u2019h"", ""io"": ""crwdns14266:0crwdne14266:0"", ""oc"": ""Sus pla\u00e7a""}}",,
39120963,https://openagenda.com/culture/events/visite-libre-eglise-saint-eucaire,Visite de l'église Saint-Eucaire,"L’église Saint-Eucaire ouvre ses portes aux visiteurs en accès libre. Ce joyau du patrimoine messin, construit entre le XIIᵉ et le XIVᵉ siècle, vous invite à une immersion dans l’histoire religieuse…","L’église Saint-Eucaire ouvre ses portes aux visiteurs en accès libre. Ce joyau du patrimoine messin, construit entre le XIIᵉ et le XIVᵉ siècle, vous invite à une immersion dans l’histoire religieuse et artistique de la ville.",,,,20 et 21 septembre 2025,2025-09-20 09:00:00+00:00,2025-09-21 16:00:00+00:00,"[{""begin"": ""2025-09-20T11:00:00+02:00"", ""end"": ""2025-09-20T18:00:00+02:00""}, {""begin"": ""2025-09-21T11:00:00+02:00"", ""end"": ""2025-09-21T18:00:00+02:00""}]",Église Saint-Eucaire,"18 Rue Saint-Eucaire, 57000 Metz, France",57000,Metz,Moselle,Grand Est,['handicap moteur'],,,"{""id"": 1, ""label"": {""fr"": ""Sur place"", ""en"": ""In situ"", ""it"": ""In presenza"", ""es"": ""Desconnectad"", ""de"": ""Offline"", ""br"": ""War al lec\u2019h"", ""io"": ""crwdns14266:0crwdne14266:0"", ""oc"": ""Sus pla\u00e7a""}}",,
54010078,https://openagenda.com/culture/events/un-dimanche-une-oeuvre-bracha-l-ettinger,"Un dimanche, une œuvre – Bracha L. Ettinger","Un dimanche par mois, un artiste de l’exposition Copistes est invité à présenter son œuvre et sa démarche plastique au public.","Un dimanche par mois, un artiste de l’exposition Copistes est invité à présenter son œuvre et sa démarche plastique au public. Bracha L. Ettinger présente Angel of Carriance – Homage to Leonardo, d’après La Vierge, l’Enfant Jésus, saint Jean Baptiste et un ange, dite La Vierge aux rochers, de Léonard de Vinci (vers 1483–1494). Dans le regard d’Uriel, l’ange de Léonard, Bracha L. Ettinger perçoit un écho à sa propre « ange-elle de carriance » : une figure matrixielle, porteuse de soin et de compassion. À rebours de l’ange de l’Histoire de Walter Benjamin, tourné vers les ruines du passé, elle invoque un autre visage : celui d’un avenir possible, éclairé par les liens invisibles du don, de la mémoire partagée et de la vulnérabilité féconde. L’ange de La Vierge aux rochers, sans ailes, à figure et corps humains, permet une relecture où le tableau devient un espace de résonance, de guérison et de coémergence, où art et maternité s’enlacent dans une vision réparatrice.",,,,"Dimanche 21 septembre 2025, 10h30, 11h45",2025-09-21 08:30:00+00:00,2025-09-21 10:30:00+00:00,"[{""begin"": ""2025-09-21T10:30:00+02:00"", ""end"": ""2025-09-21T11:15:00+02:00""}, {""begin"": ""2025-09-21T11:45:00+02:00"", ""end"": ""2025-09-21T12:30:00+02:00""}]",Centre Pompidou - Metz,"1 parvis des droits de l'homme, 57000 Metz, France",57000,Metz,Moselle,Grand Est,,,,"{""id"": 1, ""label"": {""fr"": ""Sur place"", ""en"": ""In situ"", ""it"": ""In presenza"", ""es"": ""Desconnectad"", ""de"": ""Offline"", ""br"": ""War al lec\u2019h"", ""io"": ""crwdns14266:0crwdne14266:0"", ""oc"": ""Sus pla\u00e7a""}}",,
60999573,https://openagenda.com/culture/events/costumes-messins-du-xixe-siecle,Costumes messins du XIXe siècle,"Venez découvrir, à l’Hôtel de Ville de Metz, une exposition de costumes authentiques ou de reproductions représentant le costume dans le Pays messin au XIXe siècle.","Venez découvrir, à l’Hôtel de Ville de Metz, une exposition de costumes authentiques ou de reproductions représentant le costume dans le Pays messin au XIXe siècle. Différentes classes sociales sont illustrées à travers une quinzaine de mannequins. Les vêtements seront rehaussés de divers accessoires. Des châles brodés et des coiffes viendront embellir ce voyage dans le temps.",,,,20 et 21 septembre 2025,2025-09-20 09:00:00+00:00,2025-09-21 16:00:00+00:00,"[{""begin"": ""2025-09-20T11:00:00+02:00"", ""end"": ""2025-09-20T18:00:00+02:00""}, {""begin"": ""2025-09-21T11:00:00+02:00"", ""end"": ""2025-09-21T18:00:00+02:00""}]",Hôtel de Ville,"Place d'Armes, 57000 Metz",57014,Metz,Moselle,Grand Est,,,,"{""id"": 1, ""label"": {""fr"": ""Sur place"", ""en"": ""In situ"", ""it"": ""In presenza"", ""es"": ""Desconnectad"", ""de"": ""Offline"", ""br"": ""War al lec\u2019h"", ""io"": ""crwdns14266:0crwdne14266:0"", ""oc"": ""Sus pla\u00e7a""}}",,
64088400,https://openagenda.com/culture/events/loeil-shaman,Découvrez l’exposition : « L’Œil Shaman »,"Mina Mond, artiste peintre renommée, expose ses œuvres audacieuses au sein de la chapelle Sainte-Blandine. À de nombreux moments de la journée, elle peindra en direct un retable, les samedi 20 et 21…","Mina Mond, artiste peintre renommée, expose ses œuvres audacieuses au sein de la chapelle Sainte-Blandine. À de nombreux moments de la journée, elle peindra en direct un retable, les samedi 20 et dimanche 21 septembre, à la chapelle Sainte-Blandine, pour montrer l'étendue de son talent.",,,,20 et 21 septembre 2025,2025-09-20 08:00:00+00:00,2025-09-21 17:00:00+00:00,"[{""begin"": ""2025-09-20T10:00:00+02:00"", ""end"": ""2025-09-20T19:00:00+02:00""}, {""begin"": ""2025-09-21T10:00:00+02:00"", ""end"": ""2025-09-21T19:00:00+02:00""}]",Chapelle Sainte-Blandine,"6 rue de la Gendarmerie, 57000 Metz",57000,Metz,Moselle,Grand Est,['handicap moteur'],,,"{""id"": 1, ""label"": {""fr"": ""Sur place"", ""en"": ""In situ"", ""it"": ""In presenza"", ""es"": ""Desconnectad"", ""de"": ""Offline"", ""br"": ""War al lec\u2019h"", ""io"": ""crwdns14266:0crwdne14266:0"", ""oc"": ""Sus pla\u00e7a""}}",,
33323180,https://openagenda.com/culture/events/visite-libre-agence-inspire-metz-office-de-tourisme,"Visite libre de l'agence ""Inspire Metz - office de tourisme""","Ancien corps de garde et actuelle agence ""Inspire Metz – office de tourisme"".","Ancien corps de garde et actuelle agence ""Inspire Metz – office de tourisme"". Symbole du pouvoir militaire, le bâtiment classique, occupé par l’agence ""Inspire Metz – office de tourisme"", est en harmonie avec l’hôtel de ville et l’ancien parlement. L’agence ""Inspire Metz"" a pour mission de faire valoir l’attractivité territoriale de l’eurométropole de Metz, de son patrimoine, de ses activités et de ses lieux incontournables.",,,,20 et 21 septembre 2025,2025-09-20 07:30:00+00:00,2025-09-21 14:00:00+00:00,"[{""begin"": ""2025-09-20T09:30:00+02:00"", ""end"": ""2025-09-20T18:30:00+02:00""}, {""begin"": ""2025-09-21T10:00:00+02:00"", ""end"": ""2025-09-21T16:00:00+02:00""}]","Corps de garde - Agence ""Inspire Metz""","2 place d'armes, 57000 Metz",57014,Metz,Moselle,Grand Est,"['handicap visuel', 'handicap intellectuel', 'handicap psychique', 'handicap auditif', 'handicap moteur']",,,"{""id"": 1, ""label"": {""fr"": ""Sur place"", ""en"": ""In situ"", ""it"": ""In presenza"", ""es"": ""Desconnectad"", ""de"": ""Offline"", ""br"": ""War al lec\u2019h"", ""io"": ""crwdns14266:0crwdne14266:0"", ""oc"": ""Sus pla\u00e7a""}}",,
35274927,https://openagenda.com/culture/events/pierre-de-jaumont-le-soleil-de-metz,Pierre de Jaumont : le soleil de Metz,"L’exposition présente les caractéristiques, les usages et les techniques de mise en œuvre de ce matériau emblématique de notre territoire.","L’exposition présente les caractéristiques, les usages et les techniques de mise en œuvre de ce matériau emblématique de notre territoire.",,,,20 et 21 septembre 2025,2025-09-20 08:00:00+00:00,2025-09-21 16:00:00+00:00,"[{""begin"": ""2025-09-20T10:00:00+02:00"", ""end"": ""2025-09-20T18:00:00+02:00""}, {""begin"": ""2025-09-21T10:00:00+02:00"", ""end"": ""2025-09-21T18:00:00+02:00""}]",Porte des Allemands,"Boulevard André Maginot, 57000 Metz",57000,Metz,Moselle,Grand Est,,,,"{""id"": 1, ""label"": {""fr"": ""Sur place"", ""en"": ""In situ"", ""it"": ""In presenza"", ""es"": ""Desconnectad"", ""de"": ""Offline"", ""br"": ""War al lec\u2019h"", ""io"": ""crwdns14266:0crwdne14266:0"", ""oc"": ""Sus pla\u00e7a""}}",,
63081042,https://openagenda.com/culture/events/atelier-prenez-en-de-la-graine-4013309,"Atelier ados-adultes ""Prenez-en de la graine !""","Explorez la nature à travers les œuvres, et confectionnez des bombes de graines à semer au gré de vos envies !","Explorez la nature à travers les œuvres, et confectionnez des bombes de graines à semer au gré de vos envies !",À partir de 13 ans. Ouverture des réservations le 20 août 2025.,,,"Dimanche 21 septembre 2025, 14h30",2025-09-21 12:30:00+00:00,2025-09-21 14:00:00+00:00,"[{""begin"": ""2025-09-21T14:30:00+02:00"", ""end"": ""2025-09-21T16:00:00+02:00""}]",Musée de La Cour d'Or - Eurométropole,"2 rue du haut-poirier, 57000 Metz",57000,Metz,Moselle,Grand Est,,,,"{""id"": 1, ""label"": {""fr"": ""Sur place"", ""en"": ""In situ"", ""it"": ""In presenza"", ""es"": ""Desconnectad"", ""de"": ""Offline"", ""br"": ""War al lec\u2019h"", ""io"": ""crwdns14266:0crwdne14266:0"", ""oc"": ""Sus pla\u00e7a""}}",,"[{""type"": ""link"", ""value"": ""https://demarches.services.eurometropolemetz.eu/musee-de-la-cour-d-or/s-inscrire-a-un-atelier-adultes-et-ado-du-musee-de-la-cour""}]"
55612336,https://openagenda.com/francetravail/events/vendeurse-aide-patissier-aux-merveilleux-de-fred,VENDEUR(SE) /AIDE PATISSIER AUX MERVEILLEUX DE FRED,"Pour nos boutiques à Metz (MUSE et centre ville) nous recherchons plusieurs nouveaux vendeurs(ses) pour étoffer nos équipes. Pour cela, l'employeur présentera l'entreprise et ses besoins en recrut...","Pour nos boutiques à Metz (MUSE et centre ville) nous recherchons plusieurs nouveaux vendeurs(ses) pour étoffer nos équipes. Pour cela, l'employeur présentera l'entreprise et ses besoins en recrutement. Présentation de l'entreprise - Présentation des besoins en recrutement - Entretien individuel possible pour les personnes intéressées.",,"['Job dating', '1 jeune  1 solution', 'Recrutement', 'Tout public', 'CDI', 'Temps complet', 'en physique']",,"Mercredi 10 septembre 2025, 13h30",2025-09-10 11:30:00+00:00,2025-09-10 13:30:00+00:00,"[{""begin"": ""2025-09-10T13:30:00+02:00"", ""end"": ""2025-09-10T15:30:00+02:00""}]",Agence METZ GARE,57000 Metz,57000,Metz,Moselle,Grand Est,,,,"{""id"": 1, ""label"": {""fr"": ""Sur place"", ""en"": ""In situ"", ""it"": ""In presenza"", ""es"": ""Desconnectad"", ""de"": ""Offline"", ""br"": ""War al lec\u2019h"", ""io"": ""crwdns14266:0crwdne14266:0"", ""oc"": ""Sus pla\u00e7a"", ""nl"": ""Ter plaatse""}}",,"[{""type"": ""link"", ""value"": ""https://mesevenementsemploi.francetravail.fr/mes-evenements-emploi/evenement/485836""}]"
59891803,https://openagenda.com/francetravail/events/employe-logistique-tu-es-rigoureuxse-polyvalente-et-tu-aimes-le-contact-client-ce-job-est-fait-pour-toi-6352622,"Employé logistique : Tu es rigoureux(se), polyvalent(e) et tu aimes le contact client ? Ce job est fait pour toi !",Participez à notre réunion d'information collective dédiée au recrutement d'un(e) Employé / Employée logistique avec un intérêt pour la vente pour notre succursale à Ste Marie Aux Chênes.,"Participez à notre réunion d'information collective dédiée au recrutement d'un(e) Employé / Employée logistique avec un intérêt pour la vente pour notre succursale à Ste Marie Aux Chênes. Cet événement est ouvert à tous les publics et vise à vous présenter les opportunités de carrière au sein de notre entreprise de distribution d'équipements industriels. Rencontrez nos responsables des ventes et découvrez les missions passionnantes qui vous attendent : gestion de portefeuille client, développeme",,"['#TousMobilisés', 'Recrutement']",,"Mardi 9 juin, 10h30",2026-06-09 08:30:00+00:00,2026-06-09 10:00:00+00:00,"[{""begin"": ""2026-06-09T10:30:00+02:00"", ""end"": ""2026-06-09T12:00:00+02:00""}]",Agence METZ BLIDA,57000 Metz,57014,Metz,Moselle,Grand Est,,,,"{""id"": 1, ""label"": {""fr"": ""Sur place"", ""en"": ""In situ"", ""it"": ""In presenza"", ""es"": ""Desconnectad"", ""de"": ""Offline"", ""br"": ""War al lec\u2019h"", ""io"": ""crwdns14266:0crwdne14266:0"", ""oc"": ""Sus pla\u00e7a"", ""nl"": ""Ter plaatse""}}",,"[{""type"": ""link"", ""value"": ""https://mesevenementsemploi.francetravail.fr/mes-evenements-emploi/evenement/679430""}]"
3118884,https://openagenda.com/francetravail/events/job-dating-proprete-4970161,Job Dating Propreté,Lundi 15 juin De 13h30 à 17h00 Maison des Associations Marie Judlin - Metz Envie de travailler rapidement ? Venez rencontrer des recruteurs !,"Lundi 15 juin De 13h30 à 17h00 Maison des Associations Marie Judlin - Metz Envie de travailler rapidement ? Venez rencontrer des recruteurs ! Une dizaine d'entreprises du secteur de la propreté seront présentes, avec de nombreux postes à pourvoir immédiatement : Postes proposés : Agents d'entretien (H/F) Chef d'équipe (H/F) Agents de service hospitalier (ASH) (H/F) CDI, CDD - temps complet ou temps partiel Rencontrez directement les employeurs et multipliez vos chances d'être recruté(e) ! Événem",,"['#TousMobilisés', 'Métiers de la propreté', 'Recrutement', 'Découverte secteur / métier']",,"Lundi 15 juin, 15h00",2026-06-15 13:00:00+00:00,2026-06-15 15:00:00+00:00,"[{""begin"": ""2026-06-15T15:00:00+02:00"", ""end"": ""2026-06-15T17:00:00+02:00""}]",Agence METZ SEBASTOPOL,57070 Metz,57070,Metz,Moselle,Grand Est,,,,"{""id"": 1, ""label"": {""fr"": ""Sur place"", ""en"": ""In situ"", ""it"": ""In presenza"", ""es"": ""Desconnectad"", ""de"": ""Offline"", ""br"": ""War al lec\u2019h"", ""io"": ""crwdns14266:0crwdne14266:0"", ""oc"": ""Sus pla\u00e7a"", ""nl"": ""Ter plaatse""}}",,"[{""type"": ""link"", ""value"": ""https://mesevenementsemploi.francetravail.fr/mes-evenements-emploi/evenement/656380""}]"
59037793,https://openagenda.com/francetravail/events/information-collective-dispositif-prepapp-preparation-a-lapprentissage-8562887,information collective dispositif PREPAPP: Préparation à l'apprentissage,"Les objectifs de cette prépa-apprentissage d'une durée de 3 mois : Promouvoir le métier d'aide-soignant, métier en tension à forte utilité sociale ; Remobiliser : construction d'un projet professionne","Les objectifs de cette prépa-apprentissage d'une durée de 3 mois : Promouvoir le métier d'aide-soignant, métier en tension à forte utilité sociale ; Remobiliser : construction d'un projet professionnel, de reprise de confiance en soi ; Mieux préparer :Connaitre le niveau d'exigence d'un parcours de formation en apprentissage ; Lever les freins périphériques à l'insertion durable : accompagner les problématiques sociales (mobilité, logement, administratif, garde d'enfant, santé, etc) afin de sécu",,"['#TousMobilisés', 'Recrutement', ""S'informer"", 'Découverte secteur / métier', 'Découverte formation']",,"Vendredi 26 juin, 09h00",2026-06-26 07:00:00+00:00,2026-06-26 09:00:00+00:00,"[{""begin"": ""2026-06-26T09:00:00+02:00"", ""end"": ""2026-06-26T11:00:00+02:00""}]",Agence METZ GARE,57000 Metz,57000,Metz,Moselle,Grand Est,,,,"{""id"": 1, ""label"": {""fr"": ""Sur place"", ""en"": ""In situ"", ""it"": ""In presenza"", ""es"": ""Desconnectad"", ""de"": ""Offline"", ""br"": ""War al lec\u2019h"", ""io"": ""crwdns14266:0crwdne14266:0"", ""oc"": ""Sus pla\u00e7a"", ""nl"": ""Ter plaatse""}}",,"[{""type"": ""link"", ""value"": ""https://mesevenementsemploi.francetravail.fr/mes-evenements-emploi/evenement/687541""}]"
71624438,https://openagenda.com/francetravail/events/atelier-semaine-de-lia-pour-tous-decouvrez-et-maitrisez-lintelligence-artificielle-8489659,"Atelier ""Semaine de l'IA pour tous"" : Découvrez et Maîtrisez l'Intelligence Artificielle !","Participez à notre atelier ""Semaine de l'IA pour tous"" et plongez dans l'univers de l'Intelligence Artificielle !","Participez à notre atelier ""Semaine de l'IA pour tous"" et plongez dans l'univers de l'Intelligence Artificielle ! Cet événement est spécialement conçu pour les débutants souhaitant découvrir et apprendre à utiliser l'IA. Accompagnés par des conseillers experts, vous pourrez échanger sur vos ressentis, tester des outils et découvrir comment l'IA peut servir votre projet professionnel. Accueil des participants et présentation de la demi-journée L'IA & Moi : Échangez autour de votre ressenti à pro",,"['IA pour Tous', 'Les outils du numérique']",,"Mercredi 20 mai, 14h00",2026-05-20 12:00:00+00:00,2026-05-20 14:00:00+00:00,"[{""begin"": ""2026-05-20T14:00:00+02:00"", ""end"": ""2026-05-20T16:00:00+02:00""}]",Agence METZ BLIDA,57000 Metz,57014,Metz,Moselle,Grand Est,,,,"{""id"": 1, ""label"": {""fr"": ""Sur place"", ""en"": ""In situ"", ""it"": ""In presenza"", ""es"": ""Desconnectad"", ""de"": ""Offline"", ""br"": ""War al lec\u2019h"", ""io"": ""crwdns14266:0crwdne14266:0"", ""oc"": ""Sus pla\u00e7a"", ""nl"": ""Ter plaatse""}}",,"[{""type"": ""link"", ""value"": ""https://mesevenementsemploi.francetravail.fr/mes-evenements-emploi/evenement/662303""}]"
70145408,https://openagenda.com/francetravail/events/session-de-recrutement-monteur-vendeur-en-piece-detachees-automobiles-hf,Session de recrutement Monteur Vendeur en pièce détachées automobiles (H/F),CARTER CASH recrute un(e)Monteur-vendeur en pièce détachées automobiles pour son magasin de WOIPPY.,"CARTER CASH recrute un(e)Monteur-vendeur en pièce détachées automobiles pour son magasin de WOIPPY. Commerçant avant tout, vous conseillez nos clients sur les produits essentiels pour l'automobile et réalisez les services de base proposés par CARTERCASH. Vous contribuez à la bonne marche de l'entreprise en adoptant la CARTERCASH attitude . Vous avez le sens du commerce et aimez le contact client. Vous êtes débrouillard, dynamique et rigoureux. Vous n'avez pas peur de vous retrousser les manches.",,"['Métiers du commerce', '#TousMobilisés', 'Recrutement']",,"Mercredi 1 juillet, 08h30",2026-07-01 06:30:00+00:00,2026-07-01 10:00:00+00:00,"[{""begin"": ""2026-07-01T08:30:00+02:00"", ""end"": ""2026-07-01T12:00:00+02:00""}]",Agence METZ BLIDA,57000 Metz,57014,Metz,Moselle,Grand Est,,,,"{""id"": 1, ""label"": {""fr"": ""Sur place"", ""en"": ""In situ"", ""it"": ""In presenza"", ""es"": ""Desconnectad"", ""de"": ""Offline"", ""br"": ""War al lec\u2019h"", ""io"": ""crwdns14266:0crwdne14266:0"", ""oc"": ""Sus pla\u00e7a"", ""nl"": ""Ter plaatse""}}",,"[{""type"": ""link"", ""value"": ""https://mesevenementsemploi.francetravail.fr/mes-evenements-emploi/evenement/683114""}]"
88784124,https://openagenda.com/culture/events/visite-maison-heler,Visite de la maison Heler,"Découvrez la Maison Heler, “une œuvre d’art habitable, surréaliste et poétique”, écrin suspendu dans le ciel messin, entièrement imaginée par Philippe Starck. Un hôtel singulier, membre du groupe by …","Découvrez la Maison Heler, “une œuvre d’art habitable, surréaliste et poétique”, écrin suspendu dans le ciel messin, entièrement imaginée par Philippe Starck. Un hôtel singulier, membre du groupe Curio Collection by Hilton, qui mêle rêve et architecture. Laissez-vous guider à travers ce bloc de béton brut, sculpté de modernité, au sommet duquel une vieille maison lorraine traditionnelle du XVIIIᵉ siècle est perchée au neuvième étage — demeure insolite de Manfred Heler.",10 personnes maximum par visite. Ouverture des réservations le 1er septembre.,,,20 et 21 septembre 2025,2025-09-20 13:00:00+00:00,2025-09-21 14:30:00+00:00,"[{""begin"": ""2025-09-20T15:00:00+02:00"", ""end"": ""2025-09-20T15:30:00+02:00""}, {""begin"": ""2025-09-20T16:00:00+02:00"", ""end"": ""2025-09-20T16:30:00+02:00""}, {""begin"": ""2025-09-21T15:00:00+02:00"", ""end"": ""2025-09-21T15:30:00+02:00""}, {""begin"": ""2025-09-21T16:00:00+02:00"", ""end"": ""2025-09-21T16:30:00+02:00""}]",Maison Heler,"31 rue Jacques Chirac, 57000 Metz",57000,Metz,Moselle,Grand Est,"['handicap moteur', 'handicap intellectuel']",,,"{""id"": 1, ""label"": {""fr"": ""Sur place"", ""en"": ""In situ"", ""it"": ""In presenza"", ""es"": ""Desconnectad"", ""de"": ""Offline"", ""br"": ""War al lec\u2019h"", ""io"": ""crwdns14266:0crwdne14266:0"", ""oc"": ""Sus pla\u00e7a"", ""nl"": ""Ter plaatse""}}",,"[{""type"": ""link"", ""value"": ""http://metz.fr/m0473""}]"
15422100,https://openagenda.com/culture/events/projection-graver-contre-la-guerre,"Projection ""Graver contre la guerre""",Diaporamas,Rétrospective des 20 ans de la Bottega.,,,,18 - 20 septembre,2026-09-18 13:00:00+00:00,2026-09-20 17:00:00+00:00,"[{""begin"": ""2026-09-18T15:00:00+02:00"", ""end"": ""2026-09-18T19:00:00+02:00""}, {""begin"": ""2026-09-19T15:00:00+02:00"", ""end"": ""2026-09-19T19:00:00+02:00""}, {""begin"": ""2026-09-20T15:00:00+02:00"", ""end"": ""2026-09-20T19:00:00+02:00""}]",Association Carrefour,"3 Rue des Trinitaires, 57000 Metz",57014,Metz,Moselle,Grand Est,,,,"{""id"": 1, ""label"": {""fr"": ""Sur place"", ""en"": ""In situ"", ""it"": ""In presenza"", ""es"": ""Desconnectad"", ""de"": ""Offline"", ""br"": ""War al lec\u2019h"", ""io"": ""crwdns14266:0crwdne14266:0"", ""oc"": ""Sus pla\u00e7a"", ""nl"": ""Ter plaatse""}}",,
66220748,https://openagenda.com/francetravail/events/chargee-de-clientele-a-distance-concentrix-recrute-6919995,Chargé(e) de clientèle à distance ... CONCENTRIX recrute !,Concentrix recrute ses futurs collaborateurs H/F qui seront chargé(e)s de la relation clients dans le secteur de l'énergie ...,Concentrix recrute ses futurs collaborateurs H/F qui seront chargé(e)s de la relation clients dans le secteur de l'énergie ... Pas de prospection ! Si vous aimez la relation clients et que vous maitrisez le numérique alors rejoignez-nous ! Prise de poste le 17/09 Venez découvrir ce que Concentrix peut vous proposer ... L'entreprise présentera sa structure implantée sur le Technopole de Metz ainsi que les postes à pourvoir. Un premier entretien sera mené à l'issue de la présentation pour les can,,"['#TousMobilisés', 'Recrutement', 'Découverte secteur / métier']",,"Jeudi 3 septembre, 09h00",2026-09-03 07:00:00+00:00,2026-09-03 10:00:00+00:00,"[{""begin"": ""2026-09-03T09:00:00+02:00"", ""end"": ""2026-09-03T12:00:00+02:00""}]",Agence METZ SEBASTOPOL,57070 Metz,57070,Metz,Moselle,Grand Est,,,,"{""id"": 1, ""label"": {""fr"": ""Sur place"", ""en"": ""In situ"", ""it"": ""In presenza"", ""es"": ""Desconnectad"", ""de"": ""Offline"", ""br"": ""War al lec\u2019h"", ""io"": ""crwdns14266:0crwdne14266:0"", ""oc"": ""Sus pla\u00e7a"", ""nl"": ""Ter plaatse""}}",,"[{""type"": ""link"", ""value"": ""https://mesevenementsemploi.francetravail.fr/mes-evenements-emploi/evenement/666803""}]"
94524775,https://openagenda.com/culture/events/decouvrez-les-salons-et-les-jardins-dun-edifice-etonnant-2972089,Découvrez les salons et les jardins d'un édifice étonnant,"Partez à la découverte du palais du Gouverneur, un édifice emblématique hérité de l’annexion, rarement accessible au public. Un parcours ponctué d’informations vous guide à travers ses salons décorés…","Partez à la découverte du palais du Gouverneur, un édifice emblématique hérité de l’annexion, rarement accessible au public. Un parcours ponctué d’informations vous guide à travers ses salons richement décorés et son parc verdoyant. Une immersion dans un décor prestigieux, révélant l’histoire et les usages de ce lieu singulier à Metz.",,,,19 et 20 septembre,2026-09-19 08:00:00+00:00,2026-09-20 16:00:00+00:00,"[{""begin"": ""2026-09-19T10:00:00+02:00"", ""end"": ""2026-09-19T18:00:00+02:00""}, {""begin"": ""2026-09-20T10:00:00+02:00"", ""end"": ""2026-09-20T18:00:00+02:00""}]",Palais du Gouverneur,"9 rue de la Citadelle, 57000 Metz",57045,Metz,Moselle,Grand Est,,,,"{""id"": 1, ""label"": {""fr"": ""Sur place"", ""en"": ""In situ"", ""it"": ""In presenza"", ""es"": ""Desconnectad"", ""de"": ""Offline"", ""br"": ""War al lec\u2019h"", ""io"": ""crwdns14266:0crwdne14266:0"", ""oc"": ""Sus pla\u00e7a"", ""nl"": ""Ter plaatse""}}",,
11854098,https://openagenda.com/culture/events/jep-palais-de-justice-de-metz-19-septembre-2026-presentation-de-la-cour-dassises,Présentation d'une Cour d'assises,"Le Palais de Justice est un bâtiment public qui abrite le tribunal judiciaire et la cour d'appel de Metz. Lieu emblématique chargé d'histoire, il est situé au coeur de la ville de Metz.","Le Palais de Justice est un bâtiment public qui abrite le tribunal judiciaire et la cour d'appel de Metz. Lieu emblématique chargé d'histoire, il est situé au coeur de la ville de Metz. A l'occasion des Journées européennes du patrimoine, nous vous invitons à découvrir ce monument majestueux, qui témoigne de l'évolution de la Justice à travers les siècles. Plusieurs animations vous seront proposées, dont une présentation des assises et des audiences correctionnelles en salle des Assises par groupe de 50 personnes maximum. Inscription sur internet.",Limité à 50 personnes,,,"Samedi 19 septembre, 10h00, 14h00",2026-09-19 08:00:00+00:00,2026-09-19 15:00:00+00:00,"[{""begin"": ""2026-09-19T10:00:00+02:00"", ""end"": ""2026-09-19T12:00:00+02:00""}, {""begin"": ""2026-09-19T14:00:00+02:00"", ""end"": ""2026-09-19T17:00:00+02:00""}]",Palais de Justice,"3 rue haute Pierre, 57000 Metz",57045,Metz,Moselle,Grand Est,,,,"{""id"": 1, ""label"": {""fr"": ""Sur place"", ""en"": ""In situ"", ""it"": ""In presenza"", ""es"": ""Desconnectad"", ""de"": ""Offline"", ""br"": ""War al lec\u2019h"", ""io"": ""crwdns14266:0crwdne14266:0"", ""oc"": ""Sus pla\u00e7a"", ""nl"": ""Ter plaatse""}}",,"[{""type"": ""link"", ""value"": ""https://my.weezevent.com/jep-palais-de-justice-de-metz-19092026-presentation-de-la-cour-dassises""}]"
63666830,https://openagenda.com/francetravail/events/atelier-cv-abonnement-aux-offres-carte-de-visite-1131351,ATELIER CV / ABONNEMENT AUX OFFRES/ CARTE DE VISITE .........,ATELIER CV / ABONNEMENT AUX OFFRES/ CARTE DE VISITE .........,ATELIER CV / ABONNEMENT AUX OFFRES/ CARTE DE VISITE ......... Il s'agit d'un accompagnement personnalisé d'une heure avec un agent volontaire service civique permettant de créer mettre à jour votre CV de rendre votre profil visible pour les employeurs et de découvrir les potentialités de votre espace personnel,,['Les outils du numérique'],,"Mardi 18 août, 14h00",2026-08-18 12:00:00+00:00,2026-08-18 13:00:00+00:00,"[{""begin"": ""2026-08-18T14:00:00+02:00"", ""end"": ""2026-08-18T15:00:00+02:00""}]",Agence METZ BLIDA,57000 Metz,57014,Metz,Moselle,Grand Est,,,,"{""id"": 1, ""label"": {""fr"": ""Sur place"", ""en"": ""In situ"", ""it"": ""In presenza"", ""es"": ""Desconnectad"", ""de"": ""Offline"", ""br"": ""War al lec\u2019h"", ""io"": ""crwdns14266:0crwdne14266:0"", ""oc"": ""Sus pla\u00e7a"", ""nl"": ""Ter plaatse""}}",,"[{""type"": ""link"", ""value"": ""https://mesevenementsemploi.francetravail.fr/mes-evenements-emploi/evenement/726584""}]"
81320872,https://openagenda.com/toutes-les-chambres-agriculture-agregees/events/marches-fermiers-des-producteurs,Marchés fermiers des producteurs,Edition Noël,"Noël approche à grands pas ! Le marché fermier des producteurs vous donne rendez-vous le samedi 20 décembre 2025, de 10h à 16h, place des Charrons, pour une édition dédiée à Noël. L’occasion rêvée de plonger dans l’ambiance chaleureuse des fêtes, tout en soutenant les producteurs locaux.",Entrée libre,['Marché fermier producteurs Noël'],,"Samedi 20 décembre 2025, 10h00",2025-12-20 09:00:00+00:00,2025-12-20 15:00:00+00:00,"[{""begin"": ""2025-12-20T10:00:00+01:00"", ""end"": ""2025-12-20T16:00:00+01:00""}]","Place des Charrons, Metz (57)",Place des Charrons,57000,Metz,Moselle,Grand Est,,,,"{""id"": 1, ""label"": {""fr"": ""Sur place"", ""en"": ""In situ"", ""it"": ""In presenza"", ""es"": ""Desconnectad"", ""de"": ""Offline"", ""br"": ""War al lec\u2019h"", ""io"": ""crwdns14266:0crwdne14266:0"", ""oc"": ""Sus pla\u00e7a"", ""nl"": ""Ter plaatse""}}",,
23196839,https://openagenda.com/solutionscse/events/miroir-photo-special-ia,Miroir Photo Special IA,🏆⚽ Miroir IA – Spécial Coupe du Monde 2026,"🏆⚽ Miroir IA – Spécial Coupe du Monde 2026 À l’occasion du thème de la Coupe du Monde 2026, notre miroir photo intelligent vous plonge dans l’univers du football grâce à l’intelligence artificielle. En quelques secondes, notre technologie IA vous transforme en véritable footballeur professionnel : tenue officielle, ambiance stade, posture dynamique… le résultat est bluffant et ultra réaliste !",,,,5 et 6 mars,2026-03-05 08:00:00+00:00,2026-03-06 16:00:00+00:00,"[{""begin"": ""2026-03-05T09:00:00+01:00"", ""end"": ""2026-03-05T17:00:00+01:00""}, {""begin"": ""2026-03-06T09:00:00+01:00"", ""end"": ""2026-03-06T17:00:00+01:00""}]",Metz - Centre de convention du technopôle,Rue de la grange aux Bois 57072 Metz,57072,Metz,Moselle,Grand Est,,,,"{""id"": 1, ""label"": {""fr"": ""Sur place"", ""en"": ""In situ"", ""it"": ""In presenza"", ""es"": ""Desconnectad"", ""de"": ""Offline"", ""br"": ""War al lec\u2019h"", ""io"": ""crwdns14266:0crwdne14266:0"", ""oc"": ""Sus pla\u00e7a"", ""nl"": ""Ter plaatse""}}",,
10268403,https://openagenda.com/maiavelo/events/mai-a-velo-2026-8121487,Mai à Vélo 2026,Faites parcourir à votre communauté le plus de kilomètres au mois de mai !,,,['challenge-id=219217'],,1 - 31 mai,2026-04-30 22:00:00+00:00,2026-05-31 21:59:59+00:00,"[{""begin"": ""2026-05-01T00:00:00+02:00"", ""end"": ""2026-05-01T01:59:59+02:00""}, {""begin"": ""2026-05-01T02:00:00+02:00"", ""end"": ""2026-05-02T01:59:59+02:00""}, {""begin"": ""2026-05-02T02:00:00+02:00"", ""end"": ""2026-05-03T01:59:59+02:00""}, {""begin"": ""2026-05-03T02:00:00+02:00"", ""end"": ""2026-05-04T01:59:59+02:00""}, {""begin"": ""2026-05-04T02:00:00+02:00"", ""end"": ""2026-05-05T01:59:59+02:00""}, {""begin"": ""2026-05-05T02:00:00+02:00"", ""end"": ""2026-05-06T01:59:59+02:00""}, {""begin"": ""2026-05-06T02:00:00+02:00"", ""end"": ""2026-05-07T01:59:59+02:00""}, {""begin"": ""2026-05-07T02:00:00+02:00"", ""end"": ""2026-05-08T01:59:59+02:00""}, {""begin"": ""2026-05-08T02:00:00+02:00"", ""end"": ""2026-05-09T01:59:59+02:00""}, {""begin"": ""2026-05-09T02:00:00+02:00"", ""end"": ""2026-05-10T01:59:59+02:00""}, {""begin"": ""2026-05-10T02:00:00+02:00"", ""end"": ""2026-05-11T01:59:59+02:00""}, {""begin"": ""2026-05-11T02:00:00+02:00"", ""end"": ""2026-05-12T01:59:59+02:00""}, {""begin"": ""2026-05-12T02:00:00+02:00"", ""end"": ""2026-05-13T01:59:59+02:00""}, {""begin"": ""2026-05-13T02:00:00+02:00"", ""end"": ""2026-05-14T01:59:59+02:00""}, {""begin"": ""2026-05-14T02:00:00+02:00"", ""end"": ""2026-05-15T01:59:59+02:00""}, {""begin"": ""2026-05-15T02:00:00+02:00"", ""end"": ""2026-05-16T01:59:59+02:00""}, {""begin"": ""2026-05-16T02:00:00+02:00"", ""end"": ""2026-05-17T01:59:59+02:00""}, {""begin"": ""2026-05-17T02:00:00+02:00"", ""end"": ""2026-05-18T01:59:59+02:00""}, {""begin"": ""2026-05-18T02:00:00+02:00"", ""end"": ""2026-05-19T01:59:59+02:00""}, {""begin"": ""2026-05-19T02:00:00+02:00"", ""end"": ""2026-05-20T01:59:59+02:00""}, {""begin"": ""2026-05-20T02:00:00+02:00"", ""end"": ""2026-05-21T01:59:59+02:00""}, {""begin"": ""2026-05-21T02:00:00+02:00"", ""end"": ""2026-05-22T01:59:59+02:00""}, {""begin"": ""2026-05-22T02:00:00+02:00"", ""end"": ""2026-05-23T01:59:59+02:00""}, {""begin"": ""2026-05-23T02:00:00+02:00"", ""end"": ""2026-05-24T01:59:59+02:00""}, {""begin"": ""2026-05-24T02:00:00+02:00"", ""end"": ""2026-05-25T01:59:59+02:00""}, {""begin"": ""2026-05-25T02:00:00+02:00"", ""end"": ""2026-05-26T01:59:59+02:00""}, {""begin"": ""2026-05-26T02:00:00+02:00"", ""end"": ""2026-05-27T01:59:59+02:00""}, {""begin"": ""2026-05-27T02:00:00+02:00"", ""end"": ""2026-05-28T01:59:59+02:00""}, {""begin"": ""2026-05-28T02:00:00+02:00"", ""end"": ""2026-05-29T01:59:59+02:00""}, {""begin"": ""2026-05-29T02:00:00+02:00"", ""end"": ""2026-05-30T01:59:59+02:00""}, {""begin"": ""2026-05-30T02:00:00+02:00"", ""end"": ""2026-05-31T01:59:59+02:00""}, {""begin"": ""2026-05-31T02:00:00+02:00"", ""end"": ""2026-05-31T23:59:59+02:00""}]",DREAL Grand Est - SPRA,"[6.180880, 49.108060]",57000,Metz,Moselle,Grand Est,,,,"{""id"": 1, ""label"": {""fr"": ""Sur place"", ""en"": ""In situ"", ""it"": ""In presenza"", ""es"": ""Desconnectad"", ""de"": ""Offline"", ""br"": ""War al lec\u2019h"", ""io"": ""crwdns14266:0crwdne14266:0"", ""oc"": ""Sus pla\u00e7a"", ""nl"": ""Ter plaatse""}}",,"[{""type"": ""link"", ""value"": ""https://challenge-maiavelo.geovelo.fr/""}]"
88285046,https://openagenda.com/francetravail/events/obtenez-votre-titre-professionnel-dagent-de-proprete-et-dhygiene-avec-competences-en-bio-nettoyage,Obtenez Votre Titre Professionnel d'Agent de Propreté et d'Hygiène avec Compétences en Bio-Nettoyage,Vous souhaitez vous lancer dans une carrière valorisante et obtenir le titre professionnel d'agent de propreté et d'hygiène avec l'organisme ALAJI ?Venez découvrir notre formation du 15 septembre 2025,"Vous souhaitez vous lancer dans une carrière valorisante et obtenir le titre professionnel d'agent de propreté et d'hygiène avec l'organisme ALAJI ?Venez découvrir notre formation du 15 septembre 2025 au 7 avril 2026 et apprenez les compétences clés, y compris le bio-nettoyage, indispensables pour travailler en milieu hospitalier Notez que votre projet de formation doit être validé par votre conseiller France Travail.•Durée : 35h/semaine, du lundi au vendredi•Total : 966 heures, dont 616 heures",,"['1 jour', '1 formation', '1 jeune  1 solution', 'Découverte formation']",,"Mercredi 27 août, 09h00",2025-08-27 07:00:00+00:00,2025-08-27 10:00:00+00:00,"[{""begin"": ""2025-08-27T09:00:00+02:00"", ""end"": ""2025-08-27T12:00:00+02:00""}]",Agence METZ BLIDA,57070 Metz,57070,Metz,Moselle,Grand Est,,,,"{""id"": 1, ""label"": {""fr"": ""Sur place"", ""en"": ""In situ"", ""it"": ""In presenza"", ""es"": ""Desconnectad"", ""de"": ""Offline"", ""br"": ""War al lec\u2019h"", ""io"": ""crwdns14266:0crwdne14266:0"", ""oc"": ""Sus pla\u00e7a""}}",,"[{""type"": ""link"", ""value"": ""https://mesevenementsemploi.francetravail.fr/mes-evenements-emploi/evenement/471862""}]"
89815906,https://openagenda.com/francetravail/events/culligan-recrute-en-cdi-et-forme-au-metier-de-commercial-aupres-de-particuliers,CULLIGAN RECRUTE EN CDI ET FORME AU METIER DE COMMERCIAL AUPRES DE PARTICULIERS,"Culligan, entreprise internationale dans le traitement de l'eau et implantée en France avec un réseau de plus de 1500 agents sur 70 sites, est à la recherche de ses futurs Commerciaux (H/F) à destinat","Culligan, entreprise internationale dans le traitement de l'eau et implantée en France avec un réseau de plus de 1500 agents sur 70 sites, est à la recherche de ses futurs Commerciaux (H/F) à destination des particuliers en CDI !Votre activité sera répartie entre la prise de rendez-vous (recommandation & prospection terrain ciblée) et leur réalisation. Les postes sont en CDI et avec une base fixe  variable déplafonnée avec de nombreux autres avantages : CSE, primes, cartes ticket restaurant.Les",,"['1 jeune  1 solution', '#TousMobilisés', ""S'informer"", 'Recrutement sans CV', 'Découverte secteur / métier']",,"Mercredi 27 août, 09h30",2025-08-27 07:30:00+00:00,2025-08-27 10:00:00+00:00,"[{""begin"": ""2025-08-27T09:30:00+02:00"", ""end"": ""2025-08-27T12:00:00+02:00""}]",Agence METZ BLIDA,57000 Metz,57014,Metz,Moselle,Grand Est,,,,"{""id"": 1, ""label"": {""fr"": ""Sur place"", ""en"": ""In situ"", ""it"": ""In presenza"", ""es"": ""Desconnectad"", ""de"": ""Offline"", ""br"": ""War al lec\u2019h"", ""io"": ""crwdns14266:0crwdne14266:0"", ""oc"": ""Sus pla\u00e7a""}}",,"[{""type"": ""link"", ""value"": ""https://mesevenementsemploi.francetravail.fr/mes-evenements-emploi/evenement/464650""}]"
58533008,https://openagenda.com/culture/events/balade-commentee-sur-la-moselle,"Au fil de l'eau, une ville se révèle autrement","Partez à la découverte de notre merveilleuse ville de Metz depuis la rivière de la Moselle, grâce à une balade commentée de 30 minutes qui vous fera voir la ville autrement et de manière originale !","Partez à la découverte de notre merveilleuse ville de Metz depuis la rivière de la Moselle, grâce à une balade commentée de 30 minutes qui vous fera voir la ville autrement et de manière originale !","75 places par départ, paiement sur place",,,20 et 21 septembre 2025,2025-09-20 11:30:00+00:00,2025-09-21 16:00:00+00:00,"[{""begin"": ""2025-09-20T13:30:00+02:00"", ""end"": ""2025-09-20T14:00:00+02:00""}, {""begin"": ""2025-09-20T14:30:00+02:00"", ""end"": ""2025-09-20T15:00:00+02:00""}, {""begin"": ""2025-09-20T15:30:00+02:00"", ""end"": ""2025-09-20T16:00:00+02:00""}, {""begin"": ""2025-09-20T16:30:00+02:00"", ""end"": ""2025-09-20T17:00:00+02:00""}, {""begin"": ""2025-09-20T17:30:00+02:00"", ""end"": ""2025-09-20T18:00:00+02:00""}, {""begin"": ""2025-09-21T14:30:00+02:00"", ""end"": ""2025-09-21T15:00:00+02:00""}, {""begin"": ""2025-09-21T15:30:00+02:00"", ""end"": ""2025-09-21T16:00:00+02:00""}, {""begin"": ""2025-09-21T16:30:00+02:00"", ""end"": ""2025-09-21T17:00:00+02:00""}, {""begin"": ""2025-09-21T17:30:00+02:00"", ""end"": ""2025-09-21T18:00:00+02:00""}]","Embarcadère ""La compagnie des bateaux de Metz"" - Quai du Temple Neuf","17 quai Paul Vautrin, 57000 Metz",57045,Metz,Moselle,Grand Est,['handicap moteur'],,,"{""id"": 2, ""label"": {""fr"": ""En ligne"", ""en"": ""Online"", ""it"": ""Online"", ""es"": ""En linea"", ""de"": ""Online"", ""br"": ""Enlinenn"", ""io"": ""crwdns14268:0crwdne14268:0"", ""oc"": ""En linha""}}",https://www.google.com/maps/place//data=!4m3!3m2!1s0x4794db547965505b:0x80f4b9875b42c8b2!12e1?source=g.page.m.ia._&laa=nmx-review-solicitation-ia2,
71221161,https://openagenda.com/culture/events/aubade-de-la-musique-de-larme-blindee-cavalerie-2846043,Aubade de la musique de l'Arme Blindée Cavalerie,"Profitez d’un concert en plein air mêlant musique militaire, jazz, classique, variété et cinéma, dans les jardins du palais du Gouverneur de Metz. La Musique de l’Arme Blindée Cavalerie vous invite à…","Profitez d’un concert en plein air mêlant musique militaire, jazz, classique, variété et cinéma, dans les jardins du palais du Gouverneur de Metz. La Musique de l’Arme Blindée Cavalerie vous invite à découvrir un répertoire éclectique et entraînant, pour une parenthèse musicale au cœur d’un lieu emblématique.",,,,20 et 21 septembre 2025,2025-09-20 13:00:00+00:00,2025-09-21 13:30:00+00:00,"[{""begin"": ""2025-09-20T15:00:00+02:00"", ""end"": ""2025-09-20T15:30:00+02:00""}, {""begin"": ""2025-09-21T15:00:00+02:00"", ""end"": ""2025-09-21T15:30:00+02:00""}]",Palais du Gouverneur,"9 rue de la Citadelle, 57000 Metz",57045,Metz,Moselle,Grand Est,,,,"{""id"": 1, ""label"": {""fr"": ""Sur place"", ""en"": ""In situ"", ""it"": ""In presenza"", ""es"": ""Desconnectad"", ""de"": ""Offline"", ""br"": ""War al lec\u2019h"", ""io"": ""crwdns14266:0crwdne14266:0"", ""oc"": ""Sus pla\u00e7a""}}",,
45464340,https://openagenda.com/culture/events/les-graoulish-barden-2977139,Concert des Graoulish Barden,"Vibrez et dansez au son de la cornemuse, du cistre et du tambourin des Graoulish Barden, groupe de musique médiévale dynamique et festive !","Vibrez et dansez au son de la cornemuse, du cistre et du tambourin des Graoulish Barden, groupe de musique médiévale dynamique et festive !",,,,20 et 21 septembre 2025,2025-09-20 12:00:00+00:00,2025-09-21 14:00:00+00:00,"[{""begin"": ""2025-09-20T14:00:00+02:00"", ""end"": ""2025-09-20T14:30:00+02:00""}, {""begin"": ""2025-09-20T17:00:00+02:00"", ""end"": ""2025-09-20T17:30:00+02:00""}, {""begin"": ""2025-09-21T15:30:00+02:00"", ""end"": ""2025-09-21T16:00:00+02:00""}]",Porte des Allemands,"Boulevard André Maginot, 57000 Metz",57000,Metz,Moselle,Grand Est,,,,"{""id"": 1, ""label"": {""fr"": ""Sur place"", ""en"": ""In situ"", ""it"": ""In presenza"", ""es"": ""Desconnectad"", ""de"": ""Offline"", ""br"": ""War al lec\u2019h"", ""io"": ""crwdns14266:0crwdne14266:0"", ""oc"": ""Sus pla\u00e7a""}}",,
18134799,https://openagenda.com/culture/events/visite-libre-de-labbaye-royale-de-saint-arnoul-9947778,Visite de l'abbaye royale de Saint-Arnoul,"Venez découvrir cette ancienne abbaye du XIIIᵉ siècle, à l’histoire riche.",Découverte d'une abbaye royale.,,,,"Dimanche 21 septembre 2025, 10h00",2025-09-21 08:00:00+00:00,2025-09-21 15:30:00+00:00,"[{""begin"": ""2025-09-21T10:00:00+02:00"", ""end"": ""2025-09-21T17:30:00+02:00""}]",Abbaye royale de Saint-Arnoul,"9 rue aux Ours, 57000 Metz",57045,Metz,Moselle,Grand Est,,,,"{""id"": 1, ""label"": {""fr"": ""Sur place"", ""en"": ""In situ"", ""it"": ""In presenza"", ""es"": ""Desconnectad"", ""de"": ""Offline"", ""br"": ""War al lec\u2019h"", ""io"": ""crwdns14266:0crwdne14266:0"", ""oc"": ""Sus pla\u00e7a""}}",,
32135276,https://openagenda.com/francetravail/events/recrutementent-en-alternance-canalisateurs-trices-et-maconsnes-coffreurses-avec-le-geiq-btp-lorraine,RECRUTEMENTENT EN ALTERNANCE CANALISATEURS /TRICES ET MACONS/NES COFFREURS(ES) AVEC LE GEIQ BTP LORRAINE,"Le GEIQ BTP recrute pour ses entreprises adhérentes, des canalisateurs(trices) et maçons(nes) coffreurs (ses) en alternance avec l'AFPA.Plusieurs postes à pourvoir :Profils recherchés :  • Ponctue...","Le GEIQ BTP recrute pour ses entreprises adhérentes, des canalisateurs(trices) et maçons(nes) coffreurs (ses) en alternance avec l'AFPA.Plusieurs postes à pourvoir :Profils recherchés :  • Ponctuels(les) et dynamique(s).• Volonté d'apprendre et de progresser dans votre carrière (pas d'expérience demandée).• Pouvoir se rendre sur les chantiers ou sur le lieu de formation.Salaire conventionnel  paniers et déplacements en chantier. La représentante du GEIQ BTP vous présentera les métiers proposés et les formations associées.Elle répondra à vos questions. A l'issue de la présentation, si vous êtes intéressés(es), un premier entretien rapide vous sera proposé.Pensez à prendre votre CV !",,"[""Réunion d'information"", '#TousMobilisés', '1 jeune  1 solution', 'Marché du travail', ""S'informer"", 'Découverte secteur / métier', 'Recrutement', 'Découverte formation', 'Tout public', 'Rencontre recruteur', 'Contrat en alternance', 'Temps complet', 'Formation assurée', 'Se diplômer', 'en physique']",,"Vendredi 12 septembre 2025, 13h45",2025-09-12 11:45:00+00:00,2025-09-12 13:30:00+00:00,"[{""begin"": ""2025-09-12T13:45:00+02:00"", ""end"": ""2025-09-12T15:30:00+02:00""}]",Agence METZ SEBASTOPOL,57070 Metz,57070,Metz,Moselle,Grand Est,,,,"{""id"": 1, ""label"": {""fr"": ""Sur place"", ""en"": ""In situ"", ""it"": ""In presenza"", ""es"": ""Desconnectad"", ""de"": ""Offline"", ""br"": ""War al lec\u2019h"", ""io"": ""crwdns14266:0crwdne14266:0"", ""oc"": ""Sus pla\u00e7a"", ""nl"": ""Ter plaatse""}}",,"[{""type"": ""link"", ""value"": ""https://mesevenementsemploi.francetravail.fr/mes-evenements-emploi/evenement/485264""}]"
67008469,https://openagenda.com/francetravail/events/devenez-conducteur-de-car-avec-transdev-votre-pass-pour-une-carriere-mobile,Devenez Conducteur de Car avec Transdev : Votre Pass pour une Carrière Mobile !,Plongez au coeur du métier de conducteur de car avec Transdev !,"Plongez au coeur du métier de conducteur de car avec Transdev ! Cet événement est une opportunité unique pour découvrir les coulisses de ce métier passionnant, les conditions de travail, les prérequis et les parcours de formation. Rencontrez des professionnels expérimentés, échangez avec des recruteurs et explorez les différentes étapes pour rejoindre Transdev. Déroulé de l'événement : Présentation de Transdev : Découvrez l'entreprise, ses valeurs et ses engagements. Découverte du métier de con",,"['Métiers du transport et de la logistique', 'Marché du travail', 'Découverte secteur / métier']",,"Mercredi 10 juin, 09h00",2026-06-10 07:00:00+00:00,2026-06-10 10:00:00+00:00,"[{""begin"": ""2026-06-10T09:00:00+02:00"", ""end"": ""2026-06-10T12:00:00+02:00""}]",Agence METZ SEBASTOPOL,57070 Metz,57070,Metz,Moselle,Grand Est,,,,"{""id"": 1, ""label"": {""fr"": ""Sur place"", ""en"": ""In situ"", ""it"": ""In presenza"", ""es"": ""Desconnectad"", ""de"": ""Offline"", ""br"": ""War al lec\u2019h"", ""io"": ""crwdns14266:0crwdne14266:0"", ""oc"": ""Sus pla\u00e7a"", ""nl"": ""Ter plaatse""}}",,"[{""type"": ""link"", ""value"": ""https://mesevenementsemploi.francetravail.fr/mes-evenements-emploi/evenement/668584""}]"
28174206,https://openagenda.com/francetravail/events/un-nouveau-regard-sur-lindustriedevenez-operateur-de-production-hf,Un nouveau regard sur l'industrie...devenez opérateur de production (H/F),"""Venez rencontrer les chargés de recrutement de l'entreprise Gigroup, qui recrutent pour leur client La Sovab (groupe Renault).","""Venez rencontrer les chargés de recrutement de l'entreprise Gigroup, qui recrutent pour leur client La Sovab (groupe Renault). Vous découvrirez le métier d'opérateur de production et serez informé sur le dispositif POEI (Préparation Opérationnelle à l'Emploi Individuelle). La POEI est une formation préalable à l'embauche qui vous permettra d'acquérir les compétences de base pour ce métier. Ces postes sont accessibles à tous, sans distinction."" ""Venez rencontrer les chargés de recrutement de l'",,"['#TousMobilisés', 'Recrutement', 'Découverte secteur / métier', ""S'informer""]",,"Mercredi 10 juin, 09h30",2026-06-10 07:30:00+00:00,2026-06-10 09:30:00+00:00,"[{""begin"": ""2026-06-10T09:30:00+02:00"", ""end"": ""2026-06-10T11:30:00+02:00""}]",Agence METZ BLIDA,57070 Metz,57070,Metz,Moselle,Grand Est,,,,"{""id"": 1, ""label"": {""fr"": ""Sur place"", ""en"": ""In situ"", ""it"": ""In presenza"", ""es"": ""Desconnectad"", ""de"": ""Offline"", ""br"": ""War al lec\u2019h"", ""io"": ""crwdns14266:0crwdne14266:0"", ""oc"": ""Sus pla\u00e7a"", ""nl"": ""Ter plaatse""}}",,"[{""type"": ""link"", ""value"": ""https://mesevenementsemploi.francetravail.fr/mes-evenements-emploi/evenement/679291""}]"
3050647,https://openagenda.com/francetravail/events/postulez-chez-mcdonalds-reunion-dinformation-le-2007,Postulez chez McDonald's : Réunion d'information le 20/07 !,McDonald's recrute des Équipiers Polyvalents sur le bassin de Metz et vous invite à une réunion d'information suivie d'exercices de Méthode de Recrutement par Simulation (MRS).,"McDonald's recrute des Équipiers Polyvalents sur le bassin de Metz et vous invite à une réunion d'information suivie d'exercices de Méthode de Recrutement par Simulation (MRS). Pourquoi participer ? Une réunion d'information est organisée le lundi 20 juillet à 9h dans les locaux de l'agence de Metz Sébastopol. Venez découvrir les métiers de la restauration, les postes à pourvoir et posez toutes vos questions. Des exercices MRS : Du 21 au 24 juillet, participez à des simulations pour montrer vos",,"['#TousMobilisés', 'Métiers de l Hôtellerie Restauration', 'Recrutement sans CV', 'Recrutement', 'Découverte secteur / métier', 'Marché du travail']",,"Lundi 20 juillet, 09h00",2026-07-20 07:00:00+00:00,2026-07-20 09:00:00+00:00,"[{""begin"": ""2026-07-20T09:00:00+02:00"", ""end"": ""2026-07-20T11:00:00+02:00""}]",Agence METZ GARE,57070 Metz,57070,Metz,Moselle,Grand Est,,,,"{""id"": 1, ""label"": {""fr"": ""Sur place"", ""en"": ""In situ"", ""it"": ""In presenza"", ""es"": ""Desconnectad"", ""de"": ""Offline"", ""br"": ""War al lec\u2019h"", ""io"": ""crwdns14266:0crwdne14266:0"", ""oc"": ""Sus pla\u00e7a"", ""nl"": ""Ter plaatse""}}",,"[{""type"": ""link"", ""value"": ""https://mesevenementsemploi.francetravail.fr/mes-evenements-emploi/evenement/703397""}]"
51120053,https://openagenda.com/fetedelamusique2026/events/sega-vibes-concert-place-de-la-comedie-metz,Séga Vibes - Concert Metz,Séga Vibes à 20h place de la Comédie à Metz,Séga Vibes à 20h place de la Comédie à Metz « Un mélange entre l'île Maurice et l'île de la réunion unie dans un style musical commun le séga. »,"Gratuit, en accès libre",,,"Dimanche 21 juin, 20h00",2026-06-21 18:00:00+00:00,2026-06-21 19:30:00+00:00,"[{""begin"": ""2026-06-21T20:00:00+02:00"", ""end"": ""2026-06-21T21:30:00+02:00""}]",Place de la Comédie - Metz,place de la comédie 57000 Metz,57014,Metz,Moselle,Grand Est,,,,"{""id"": 1, ""label"": {""fr"": ""Sur place""}}",,
70109253,https://openagenda.com/culture/events/exposition-de-gravures-1510685,Exposition de gravures,"Patricia Gérardin, artiste lorraine et graveuse, propose une exposition de gravures, techniques mixtes, sur bois , carborundum, gravure en relief. Elle présente des livres d'artistes: en particulier…","Patricia Gérardin, artiste lorraine et graveuse, propose une exposition de gravures, techniques mixtes, sur bois , carborundum, gravure en relief. Elle présente des livres d'artistes: en particulier ""la Fabrication du Livre contre la guerre"". Sur une idée de Lancelot Hamelin, elle fait participer des réfugiés syriens, musulmans, iraniens et des jeunes mineurs du Foyer Carrefour. (Diaporamas « Graver contre la guerre. »)",,,,19 et 20 septembre,2026-09-19 13:00:00+00:00,2026-09-20 16:00:00+00:00,"[{""begin"": ""2026-09-19T15:00:00+02:00"", ""end"": ""2026-09-19T18:00:00+02:00""}, {""begin"": ""2026-09-20T15:00:00+02:00"", ""end"": ""2026-09-20T18:00:00+02:00""}]",Association Carrefour,"3 Rue des Trinitaires, 57000 Metz",57014,Metz,Moselle,Grand Est,,,,"{""id"": 1, ""label"": {""fr"": ""Sur place"", ""en"": ""In situ"", ""it"": ""In presenza"", ""es"": ""Desconnectad"", ""de"": ""Offline"", ""br"": ""War al lec\u2019h"", ""io"": ""crwdns14266:0crwdne14266:0"", ""oc"": ""Sus pla\u00e7a"", ""nl"": ""Ter plaatse""}}",,
81228545,https://openagenda.com/semaine-industrie-2025/events/journee-des-talents-de-lindustrie,Journée des talents de l'industrie,Recrutement métiers de l'industrie : techniciens et ingénieurs F/H,"Actual Talent, Talent Acquisition Partner du groupe Actual, 5e acteur sur le marché de l'emploi en France, vous invite à une journée portes ouvertes dédiée aux cadres et experts des métiers de l’industrie Vous êtes (F/H) Technicien de Maintenance Industrielle Technicien Méthodes Technicien Frigoriste Technicien sur Engins TP, agricoles, PL Ingénieur Bureau d'Etudes Dessinateur Projeteur Chargé d'Affaires Industrie … à la recherche d’un CDI ou d’une mission en intérim ou simplement en veille active? Venez rencontrer notre bureau spécialisé dans vos métiers ! 🔹 Découvrez nos opportunités dans tous les secteurs d’activité de l’industrie 🔹 Échangeons ! 🔹 Repartez avec une mission adaptée à votre profil 📅 Date : Jeudi 20 novembre 2025 📍 Lieu :12 rue Wilson 57000 METZ Pour mieux vous recevoir nous vous proposons également de nous contacter au 03 88 22 23 00 pour un RDV (recommandé) Ne manquez pas cette occasion unique de booster votre carrière dans l’industrie. Nous avons hâte de vous rencontrer ! https://www.actual-talent.com/",,"['RECRUTEMENT', 'INTERIM', 'CDI', 'CDD', 'BAC+2', 'BAC+3', 'BAC+4', 'BAC+5', 'INGENIEUR', 'TECHNICIEN', 'MAINTENANCE', 'INGENIERIE']",,"Jeudi 20 novembre 2025, 09h30",2025-11-20 08:30:00+00:00,2025-11-20 16:00:00+00:00,"[{""begin"": ""2025-11-20T09:30:00+01:00"", ""end"": ""2025-11-20T17:00:00+01:00""}]",ACTUAL TALENT,12 RUE WILSON  METZ,57000,Metz,Moselle,Grand Est,,,,"{""id"": 3, ""label"": {""fr"": ""Mixte"", ""en"": ""Mixed"", ""it"": ""Mista"", ""es"": ""Mezclado"", ""de"": ""Gemischt"", ""br"": ""Kemmesk"", ""io"": ""crwdns14270:0crwdne14270:0"", ""oc"": ""Mesclat"", ""nl"": ""Gemischt""}}",https://www.actual-talent.com/,"[{""type"": ""phone"", ""value"": ""03 88 22 23 00""}, {""type"": ""email"", ""value"": ""pierre.hornecker@actualgroup.com""}]"
10550951,https://openagenda.com/culture/events/esprit-rabelaisien-des-mots-et-des-mets-a-la-maison-de-rabelais,Esprit rabelaisien : des mots et des mets à la maison de Rabelais,"Théophile Choquet, comédien, partagera avec vous des extraits littéraires et poétiques gourmands. Profitez-en pour découvrir un lieu exceptionnellement ouvert.","Théophile Choquet, comédien, partagera avec vous des extraits littéraires et poétiques gourmands. Profitez-en pour découvrir un lieu exceptionnellement ouvert. Représentation d’environ 20 minutes.",Ouverture des réservations le 1er septembre.,,,20 et 21 septembre 2025,2025-09-20 13:00:00+00:00,2025-09-21 15:20:00+00:00,"[{""begin"": ""2025-09-20T15:00:00+02:00"", ""end"": ""2025-09-20T15:20:00+02:00""}, {""begin"": ""2025-09-20T16:00:00+02:00"", ""end"": ""2025-09-20T16:20:00+02:00""}, {""begin"": ""2025-09-20T17:00:00+02:00"", ""end"": ""2025-09-20T17:20:00+02:00""}, {""begin"": ""2025-09-21T14:00:00+02:00"", ""end"": ""2025-09-21T14:20:00+02:00""}, {""begin"": ""2025-09-21T15:00:00+02:00"", ""end"": ""2025-09-21T15:20:00+02:00""}, {""begin"": ""2025-09-21T16:00:00+02:00"", ""end"": ""2025-09-21T16:20:00+02:00""}, {""begin"": ""2025-09-21T17:00:00+02:00"", ""end"": ""2025-09-21T17:20:00+02:00""}]",Chapelle Saint-Genest,"2 rue d'enfer, 57000 Metz",57014,Metz,Moselle,Grand Est,['handicap moteur'],,,"{""id"": 1, ""label"": {""fr"": ""Sur place"", ""en"": ""In situ"", ""it"": ""In presenza"", ""es"": ""Desconnectad"", ""de"": ""Offline"", ""br"": ""War al lec\u2019h"", ""io"": ""crwdns14266:0crwdne14266:0"", ""oc"": ""Sus pla\u00e7a"", ""nl"": ""Ter plaatse""}}",,"[{""type"": ""link"", ""value"": ""http://metz.fr/m0473""}]"
88113989,https://openagenda.com/francetravail/events/action-recrute-sans-cv-pour-son-magasin-de-metz-borny-des-employes-polyvalents,ACTION RECRUTE SANS CV! Pour son magasin de METZ BORNY des employés polyvalents.,Les magasins ACTION de Borny recrutent. De nombreux postes sont à pourvoir en cdi 24h/semaine.,"Les magasins ACTION de Borny recrutent. De nombreux postes sont à pourvoir en cdi 24h/semaine. Présentation de l'entreprise par l'employeur lors d'une information collective. Ensuite positionnement sur session de MRS Méthode de Recrutement par simulation, sans CV",,"['#TousMobilisés', 'Recrutement']",,"Vendredi 14 août, 09h00",2026-08-14 07:00:00+00:00,2026-08-14 08:30:00+00:00,"[{""begin"": ""2026-08-14T09:00:00+02:00"", ""end"": ""2026-08-14T10:30:00+02:00""}]",Agence METZ SEBASTOPOL,57070 Metz,57070,Metz,Moselle,Grand Est,,,,"{""id"": 1, ""label"": {""fr"": ""Sur place"", ""en"": ""In situ"", ""it"": ""In presenza"", ""es"": ""Desconnectad"", ""de"": ""Offline"", ""br"": ""War al lec\u2019h"", ""io"": ""crwdns14266:0crwdne14266:0"", ""oc"": ""Sus pla\u00e7a"", ""nl"": ""Ter plaatse""}}",,"[{""type"": ""link"", ""value"": ""https://mesevenementsemploi.francetravail.fr/mes-evenements-emploi/evenement/721764""}]"
62852887,https://openagenda.com/solutionscse/events/subsoccer,SUBSOCCER,"jeu de foot ou les joueurs restent assis face à face sur un mini-but,","⚽ Subsoccer Le Subsoccer est un concept de football innovant et original qui revisite le jeu traditionnel de manière ludique et surprenante. Les joueurs restent assis face à face sur un mini-but, tout en dribblant sous la table pour tenter de marquer dans le but adverse. Cette position inhabituelle rend le jeu encore plus stratégique, technique et amusant.",,,,5 et 6 mars,2026-03-05 08:00:00+00:00,2026-03-06 16:00:00+00:00,"[{""begin"": ""2026-03-05T09:00:00+01:00"", ""end"": ""2026-03-05T17:00:00+01:00""}, {""begin"": ""2026-03-06T09:00:00+01:00"", ""end"": ""2026-03-06T17:00:00+01:00""}]",Metz - Centre de convention du technopôle,Rue de la grange aux Bois 57072 Metz,57072,Metz,Moselle,Grand Est,,,,"{""id"": 1, ""label"": {""fr"": ""Sur place"", ""en"": ""In situ"", ""it"": ""In presenza"", ""es"": ""Desconnectad"", ""de"": ""Offline"", ""br"": ""War al lec\u2019h"", ""io"": ""crwdns14266:0crwdne14266:0"", ""oc"": ""Sus pla\u00e7a"", ""nl"": ""Ter plaatse""}}",,
67740743,https://openagenda.com/maiavelo/events/atelier-reparation-velo-119064,Atelier réparation vélo,"- Diagnostics vélo : conseils sur entretien et réparation et coûts à envisager. - Atelier “Air et huile” : petit entretien : gonflage des pneus, graissage de la chaîne, réglage freins et vitesses","Dans le cadre de sa démarche de transformation écologique et d'incitation au changement de comportement notamment en termes de mobilité, la DREAL Grand Est participe une nouvelle fois au challenge ""Mai à vélo 2026"". Dans ce cadre, elle organise plusieurs temps majeurs, dont des ateliers de réparation vélo sur ces 3 sites principaux. Sur le site de Metz, les actions seront mutualisées avec les autres administrations occupantes. Suivront des temps collectifs de partage autour de rappels de sécurité ainsi que des moments conviviaux autour du vélo (café, pique nique), pour partager les bonnes pratiques et les expériences entre cyclistes et futurs cyclistes.",,,,"Mardi 12 mai, 10h00",2026-05-12 08:00:00+00:00,2026-05-12 10:00:00+00:00,"[{""begin"": ""2026-05-12T10:00:00+02:00"", ""end"": ""2026-05-12T12:00:00+02:00""}]",Cité administrative Polygone,5 rue Hinzelin 57000 Metz,57000,Metz,Moselle,Grand Est,,,,"{""id"": 1, ""label"": {""fr"": ""Sur place"", ""en"": ""In situ"", ""it"": ""In presenza"", ""es"": ""Desconnectad"", ""de"": ""Offline"", ""br"": ""War al lec\u2019h"", ""io"": ""crwdns14266:0crwdne14266:0"", ""oc"": ""Sus pla\u00e7a"", ""nl"": ""Ter plaatse""}}",,
9894913,https://openagenda.com/culture/events/visite-guidee-6738623,Découvrez une église d’avant-garde aux vitraux uniques,Venez découvrir l’église Sainte-Thérèse-de-l’Enfant-Jésus lors d’une visite guidée. Cet édifice remarquable vous dévoilera son architecture d’avant-garde. Vous serez également émerveillés par ses les…,"Venez découvrir l’église Sainte-Thérèse-de-l’Enfant-Jésus lors d’une visite guidée. Cet édifice remarquable vous dévoilera son architecture d’avant-garde. Vous serez également émerveillés par ses vitraux exceptionnels, dont les jeux de lumière offrent une atmosphère spirituelle et artistique incomparable.",,,,20 et 21 septembre 2025,2025-09-20 13:00:00+00:00,2025-09-21 14:00:00+00:00,"[{""begin"": ""2025-09-20T15:00:00+02:00"", ""end"": ""2025-09-20T16:00:00+02:00""}, {""begin"": ""2025-09-21T15:00:00+02:00"", ""end"": ""2025-09-21T16:00:00+02:00""}]",Église Sainte-Thérèse-de-l'Enfant-Jésus,"31 rue de Verdun, 57000 Metz",57000,Metz,Moselle,Grand Est,,,,"{""id"": 1, ""label"": {""fr"": ""Sur place"", ""en"": ""In situ"", ""it"": ""In presenza"", ""es"": ""Desconnectad"", ""de"": ""Offline"", ""br"": ""War al lec\u2019h"", ""io"": ""crwdns14266:0crwdne14266:0"", ""oc"": ""Sus pla\u00e7a""}}",,
1319665,https://openagenda.com/culture/events/visite-archiinsolite,Visite Archi'insolite,"Tout au long de ces deux jours, plongez dans l’univers fascinant de cette création audacieuse, signée Shigeru Ban et Jean de Gastines, et explorez des lieux inédits lors d’une visite privilégiée.","Tout au long de ces deux jours, plongez dans l’univers fascinant de cette création audacieuse, signée Shigeru Ban et Jean de Gastines, et explorez des lieux inédits lors d’une visite privilégiée. Du monumental Forum aux jardins de Gilles Clément, en passant par des espaces techniques offrant des perspectives uniques sur la ville, découvrez les mille et un détails qui font la magie de ce lieu. Une visite captivante où l’ingéniosité architecturale se révèle à chaque pas… Une expérience pensée pour les aventuriers des hauteurs.","Sur réservation à la billetterie le jour même.
Accès limité : la visite comprend un escalier de 96 marches et un passage étroit. Le parcours n’est pas adapté aux personnes à mobilité réduite, sujettes au vertige ou présentant des difficultés physiques.",,,20 et 21 septembre 2025,2025-09-20 09:00:00+00:00,2025-09-21 15:00:00+00:00,"[{""begin"": ""2025-09-20T11:00:00+02:00"", ""end"": ""2025-09-20T12:00:00+02:00""}, {""begin"": ""2025-09-20T14:00:00+02:00"", ""end"": ""2025-09-20T15:00:00+02:00""}, {""begin"": ""2025-09-20T15:00:00+02:00"", ""end"": ""2025-09-20T16:00:00+02:00""}, {""begin"": ""2025-09-20T16:00:00+02:00"", ""end"": ""2025-09-20T17:00:00+02:00""}, {""begin"": ""2025-09-21T11:00:00+02:00"", ""end"": ""2025-09-21T12:00:00+02:00""}, {""begin"": ""2025-09-21T14:00:00+02:00"", ""end"": ""2025-09-21T15:00:00+02:00""}, {""begin"": ""2025-09-21T15:00:00+02:00"", ""end"": ""2025-09-21T16:00:00+02:00""}, {""begin"": ""2025-09-21T16:00:00+02:00"", ""end"": ""2025-09-21T17:00:00+02:00""}]",Centre Pompidou - Metz,"1 parvis des droits de l'homme, 57000 Metz, France",57000,Metz,Moselle,Grand Est,,,,"{""id"": 1, ""label"": {""fr"": ""Sur place"", ""en"": ""In situ"", ""it"": ""In presenza"", ""es"": ""Desconnectad"", ""de"": ""Offline"", ""br"": ""War al lec\u2019h"", ""io"": ""crwdns14266:0crwdne14266:0"", ""oc"": ""Sus pla\u00e7a""}}",,
24522567,https://openagenda.com/culture/events/jeux-en-bois-et-parcours-medieval-fantastique,Jeux en bois et parcours médiéval fantastique,"De magnifiques jeux en bois et un « parcours médiéval fantastique », encadrés par un animateur, pour vous divertir tout en apprenant !","De magnifiques jeux en bois et un « parcours médiéval fantastique », encadrés par un animateur, pour vous divertir tout en apprenant !",,,,20 et 21 septembre 2025,2025-09-20 09:00:00+00:00,2025-09-21 16:00:00+00:00,"[{""begin"": ""2025-09-20T11:00:00+02:00"", ""end"": ""2025-09-20T18:00:00+02:00""}, {""begin"": ""2025-09-21T11:00:00+02:00"", ""end"": ""2025-09-21T18:00:00+02:00""}]",Place d'Armes,"Place d'Armes, 57000 Metz",57014,Metz,Moselle,Grand Est,,,,"{""id"": 1, ""label"": {""fr"": ""Sur place"", ""en"": ""In situ"", ""it"": ""In presenza"", ""es"": ""Desconnectad"", ""de"": ""Offline"", ""br"": ""War al lec\u2019h"", ""io"": ""crwdns14266:0crwdne14266:0"", ""oc"": ""Sus pla\u00e7a""}}",,
18030150,https://openagenda.com/culture/events/visites-architecturales-de-larsenal,Visites architecturales de l'Arsenal,"La Maison de l’architecture de Lorraine renouvelle son partenariat avec la Cité musicale-Metz. L’Arsenal Jean-Marie Rausch, chef-d’œuvre de Ricardo Bofill, ouvre ses portes pour une visite guidée par…","La Maison de l’architecture de Lorraine renouvelle son partenariat avec la Cité musicale-Metz. L’Arsenal Jean-Marie Rausch, chef-d’œuvre de Ricardo Bofill, ouvre ses portes pour une visite guidée architecturale animée par Cécile Gastaldo.",Ouverture des réservations le 20 août à 13h.,,,20 et 21 septembre 2025,2025-09-20 08:30:00+00:00,2025-09-21 09:30:00+00:00,"[{""begin"": ""2025-09-20T10:30:00+02:00"", ""end"": ""2025-09-20T11:30:00+02:00""}, {""begin"": ""2025-09-21T10:30:00+02:00"", ""end"": ""2025-09-21T11:30:00+02:00""}]",L'Arsenal Jean-Marie Rausch,"3 avenue Ney, 57000 Metz",,Metz,Moselle,Grand Est,['handicap moteur'],,,"{""id"": 1, ""label"": {""fr"": ""Sur place"", ""en"": ""In situ"", ""it"": ""In presenza"", ""es"": ""Desconnectad"", ""de"": ""Offline"", ""br"": ""War al lec\u2019h"", ""io"": ""crwdns14266:0crwdne14266:0"", ""oc"": ""Sus pla\u00e7a""}}",,"[{""type"": ""link"", ""value"": ""https://www.citemusicale-metz.fr/fr/programmation/saison-25-26/arsenal/visites-architecturales-de-larsenal""}]"
29811264,https://openagenda.com/culture/events/visite-guidee-de-la-porte-des-allemands-special-famille,Visite en famille de la Porte des Allemands,"Venez découvrir l’histoire et l’architecture de ce bâtiment emblématique de la ville de Metz, en compagnie d’un médiateur culturel. Une visite accessible à tous, petits et grands.","Venez découvrir l’histoire et l’architecture de ce bâtiment emblématique de la ville de Metz, en compagnie d’un médiateur culturel. Une visite accessible à tous, petits et grands.",,,,20 et 21 septembre 2025,2025-09-20 14:00:00+00:00,2025-09-21 16:00:00+00:00,"[{""begin"": ""2025-09-20T16:00:00+02:00"", ""end"": ""2025-09-20T16:30:00+02:00""}, {""begin"": ""2025-09-20T17:30:00+02:00"", ""end"": ""2025-09-20T18:00:00+02:00""}, {""begin"": ""2025-09-21T14:00:00+02:00"", ""end"": ""2025-09-21T14:30:00+02:00""}, {""begin"": ""2025-09-21T17:30:00+02:00"", ""end"": ""2025-09-21T18:00:00+02:00""}]",Porte des Allemands,"Boulevard André Maginot, 57000 Metz",57000,Metz,Moselle,Grand Est,['handicap moteur'],,,"{""id"": 1, ""label"": {""fr"": ""Sur place"", ""en"": ""In situ"", ""it"": ""In presenza"", ""es"": ""Desconnectad"", ""de"": ""Offline"", ""br"": ""War al lec\u2019h"", ""io"": ""crwdns14266:0crwdne14266:0"", ""oc"": ""Sus pla\u00e7a""}}",,
41686090,https://openagenda.com/culture/events/balade-vegetale,Balade végétale au sein d'un musée d'art et d'histoire,"Explorez la nature dans les œuvres du musée ! Plantes alimentaires, plantes qui soignent, plantes qui tuent : venez découvrir leurs représentations et leurs utilisations.","Explorez la nature dans les œuvres du musée ! Plantes alimentaires, plantes qui soignent, plantes qui tuent : venez découvrir leurs représentations et leurs utilisations.",Date d'ouverture des réservations : 20 août 2025.,,,"Dimanche 21 septembre 2025, 16h30",2025-09-21 14:30:00+00:00,2025-09-21 15:45:00+00:00,"[{""begin"": ""2025-09-21T16:30:00+02:00"", ""end"": ""2025-09-21T17:45:00+02:00""}]",Musée de La Cour d'Or - Eurométropole,"2 rue du haut-poirier, 57000 Metz",57000,Metz,Moselle,Grand Est,,,,"{""id"": 1, ""label"": {""fr"": ""Sur place"", ""en"": ""In situ"", ""it"": ""In presenza"", ""es"": ""Desconnectad"", ""de"": ""Offline"", ""br"": ""War al lec\u2019h"", ""io"": ""crwdns14266:0crwdne14266:0"", ""oc"": ""Sus pla\u00e7a""}}",,"[{""type"": ""link"", ""value"": ""https://demarches.services.eurometropolemetz.eu/musee-de-la-cour-d-or/s-inscrire-a-un-evenement-organise-par-le-musee-de-la-cour""}]"
77233470,https://openagenda.com/culture/events/visite-guidee-du-cimetiere-de-lest,Visite guidée du cimetière de l'Est,"Au fil des allées du Cimetière de l’Est, le patrimoine témoigne des déchirures de l’Histoire et de la mémoire du territoire.","Au fil des allées du Cimetière de l’Est, le patrimoine témoigne des déchirures de l’Histoire et de la mémoire du territoire. Entre tombes monumentales et décors sculptés, le passé affleure, fragile et précieux. Une visite pour comprendre, observer… et préserver la mémoire.","Groupe limité à 25 personnes.
Réservation obligatoire par mail tourisme@inspire-metz.com ou par téléphone au 03 87 39 00 00.
Dans la limite des places disponibles.",,,"Samedi 19 septembre, 14h00",2026-09-19 12:00:00+00:00,2026-09-19 13:30:00+00:00,"[{""begin"": ""2026-09-19T14:00:00+02:00"", ""end"": ""2026-09-19T15:30:00+02:00""}]",Cimetière de l'Est,32 rue du Roi Albert 57000 Metz,57000,Metz,Moselle,Grand Est,,,,"{""id"": 1, ""label"": {""fr"": ""Sur place"", ""en"": ""In situ"", ""it"": ""In presenza"", ""es"": ""Desconnectad"", ""de"": ""Offline"", ""br"": ""War al lec\u2019h"", ""io"": ""crwdns14266:0crwdne14266:0"", ""oc"": ""Sus pla\u00e7a"", ""nl"": ""Ter plaatse""}}",,
90688587,https://openagenda.com/culture/events/exposicion-fotografica-los-rostros-del-crimen,"Exposition dessins de presse, Valentin Pasquier","Le Palais de justice est un bâtiment public qui abrite le tribunal judiciaire et la cour d’appel de Metz. Lieu emblématique chargé d’histoire, il est situé au cœur de la ville de Metz.","Le Palais de justice est un bâtiment public qui abrite le tribunal judiciaire et la cour d’appel de Metz. Lieu emblématique chargé d’histoire, il est situé au cœur de la ville de Metz. À l’occasion des Journées européennes du patrimoine, le palais de justice accueillera une exposition consacrée au travail de Valentin Pasquier, journaliste dessinateur et auteur de V13. À travers ses portraits réalisés en salle d’audience, le visiteur découvre ce qui se joue derrière les portes du tribunal : les expressions, les postures, les instants de tension ou d’humanité qui rythment un procès. Dans un espace où les photographies de presse sont interdites, le dessin devient un outil essentiel pour comprendre les acteurs clés et saisir l’atmosphère de l’audience. Valentin Pasquier sera présent toute la journée pour présenter son travail, échanger avec le public et répondre aux questions. Une occasion rare de dialoguer avec un professionnel qui documente la justice par l’image, avec précision, sensibilité et engagement.",,,,"Samedi 19 septembre, 10h00",2026-09-19 08:00:00+00:00,2026-09-19 14:30:00+00:00,"[{""begin"": ""2026-09-19T10:00:00+02:00"", ""end"": ""2026-09-19T16:30:00+02:00""}]",Palais de Justice,"3 rue haute Pierre, 57000 Metz",57045,Metz,Moselle,Grand Est,,,,"{""id"": 1, ""label"": {""fr"": ""Sur place"", ""en"": ""In situ"", ""it"": ""In presenza"", ""es"": ""Desconnectad"", ""de"": ""Offline"", ""br"": ""War al lec\u2019h"", ""io"": ""crwdns14266:0crwdne14266:0"", ""oc"": ""Sus pla\u00e7a"", ""nl"": ""Ter plaatse""}}",,"[{""type"": ""link"", ""value"": ""https://my.weezevent.com/jep-palais-de-justice-de-metz-190926-exposition-de-dessins-de-presse""}]"
90365169,https://openagenda.com/fetedelamusique2026/events/concerts-place-de-la-comedie-metz,Concerts Place de la Comédie - Metz,Concerts Fête de la musique - Place de la Comédie Metz,Concerts Fête de la musique - Place de la Comédie Metz Lycée Georges de la Tour - option musique : 17h30 à 19h30 (Pop) Séga Vibes : 20h00 à 21h30 (Musique du monde) NEO SAMBA E VIDA : 22h00 à 23h00 (Batucada),"Gratuit, accès libre",,,"Dimanche 21 juin, 17h00",2026-06-21 15:00:00+00:00,2026-06-21 21:59:00+00:00,"[{""begin"": ""2026-06-21T17:00:00+02:00"", ""end"": ""2026-06-21T23:59:00+02:00""}]",Place de la Comédie - Metz,place de la comédie 57000 Metz,57014,Metz,Moselle,Grand Est,,,,"{""id"": 1, ""label"": {""fr"": ""Sur place""}}",,
9122291,https://openagenda.com/culture/events/presentation-de-la-cour-dassises,Présentation d'une cour d'assises,"Le Palais de justice est un bâtiment public qui abrite le tribunal judiciaire et la cour d'appel de Metz. Lieu emblématique chargé d'histoire, il est situé au cœur de la ville de Metz.","Le Palais de justice est un bâtiment public qui abrite le tribunal judiciaire et la cour d'appel de Metz. Lieu emblématique chargé d'histoire, il est situé au coeur de la ville de Metz. À cette occasion, nous vous invitons à découvrir ce monument majestueux, qui témoigne de l'évolution de la justice à travers les siècles. Nous organisons une présentation des assises et des audiences correctionnelles en salle des Assises (durée : 30 minutes).","gratuit, réservation obligatoire, 10 créneaux de 50 personnes",,,"Samedi 20 septembre 2025, 10h00",2025-09-20 08:00:00+00:00,2025-09-20 15:00:00+00:00,"[{""begin"": ""2025-09-20T10:00:00+02:00"", ""end"": ""2025-09-20T17:00:00+02:00""}]",Palais de Justice,"3 rue haute Pierre, 57000 Metz",57045,Metz,Moselle,Grand Est,,,,"{""id"": 1, ""label"": {""fr"": ""Sur place"", ""en"": ""In situ"", ""it"": ""In presenza"", ""es"": ""Desconnectad"", ""de"": ""Offline"", ""br"": ""War al lec\u2019h"", ""io"": ""crwdns14266:0crwdne14266:0"", ""oc"": ""Sus pla\u00e7a"", ""nl"": ""Ter plaatse""}}",,"[{""type"": ""link"", ""value"": ""https://my.weezevent.com/jep-palais-de-justice-de-metz-200925-presentation-de-la-cour-dassises""}]"
34219466,https://openagenda.com/culture/events/francois-morellet,François Morellet,"À l'occasion du centenaire de la naissance de l'artiste, cette rétrospective inédite, la plus vaste jamais consacrée à l’artiste, réunit cent œuvres traversant plus de 70 ans de création.","À l'occasion du centenaire de la naissance de l'artiste, cette rétrospective inédite, la plus vaste jamais consacrée à l’artiste, réunit cent œuvres traversant plus de 70 ans de création. Peintre de la règle et du désordre, Morellet incarne la tension entre la rigueur géométrique et la jubilation du hasard. De ses premiers tableaux figuratifs à ses expérimentations lumineuses, l’exposition révèle un esprit libre, ironique, oscillant entre l’ordre mathématique et la déraison optique. Dans le cadre du programme 100 x Morellet du Centre Pompidou.",Entrée libre et gratuite dans le cadre de la NEM 2026,,,"Samedi 23 mai, 18h00",2026-05-23 16:00:00+00:00,2026-05-23 21:59:00+00:00,"[{""begin"": ""2026-05-23T18:00:00+02:00"", ""end"": ""2026-05-23T23:59:00+02:00""}]",Centre Pompidou - Metz,"1 parvis des droits de l'homme, 57000 Metz, France",57000,Metz,Moselle,Grand Est,,,,"{""id"": 1, ""label"": {""fr"": ""Sur place"", ""en"": ""In situ"", ""it"": ""In presenza"", ""es"": ""Desconnectad"", ""de"": ""Offline"", ""br"": ""War al lec\u2019h"", ""io"": ""crwdns14266:0crwdne14266:0"", ""oc"": ""Sus pla\u00e7a"", ""nl"": ""Ter plaatse""}}",,
74326086,https://openagenda.com/semaine-des-metiers-du-tourisme-2026/events/semaine-des-metiers-du-tourisme-2026-2996840,Semaine des Métiers du Tourisme 2026,"Rencontres à l'agence Inspire Metz avec des professionnels du tourisme, de l'hôtellerie et de la restauration","L'agence Inspire Metz et l'UMIH 57 proposent aux classes de 4ème et 3ème de venir les rencontrer à l'agence Inspire Metz, place d'Armes J.F Blondel, pour échanger et découvrir les métiers et les formations attendues pour travailler dans ces domaines.",,"['tourisme', 'hôtel', 'restaurant', 'UMIH', 'office de tourisme', 'attractivité']",,"Mercredi 4 février, 14h00",2026-02-04 13:00:00+00:00,2026-02-04 16:00:00+00:00,"[{""begin"": ""2026-02-04T14:00:00+01:00"", ""end"": ""2026-02-04T17:00:00+01:00""}]",Agence Inspire Metz,"2, place d'Armes",57014,Metz,Moselle,Grand Est,"['handicap visuel', 'handicap auditif', 'handicap moteur']",,,"{""id"": 1, ""label"": {""fr"": ""Sur place"", ""en"": ""In situ"", ""it"": ""In presenza"", ""es"": ""Desconnectad"", ""de"": ""Offline"", ""br"": ""War al lec\u2019h"", ""io"": ""crwdns14266:0crwdne14266:0"", ""oc"": ""Sus pla\u00e7a"", ""nl"": ""Ter plaatse""}}",,"[{""type"": ""email"", ""value"": ""sdiaz@inspire-metz.com""}]"
41905128,https://openagenda.com/saison-mediterranee-2026/events/ex-otic,EX-otic,"**Hadir Nached explore, avec sa nouvelle création** _**EX-otic,**_ **la décolonisation du regard et la reconquête du corps. Une traversée sensible où danse, résistance et intimité ouvrent un espace …","Hadir Nached explore, avec sa nouvelle création EX-otic, la décolonisation du regard et la reconquête du corps. Une traversée sensible où danse, résistance et intimité ouvrent un espace d’émancipation. Artiste multidisciplinaire formée aux beaux-arts, la jeune artiste égyptienne crée des formes à la croisée des arts visuels et de la danse. Avec EX-otic, elle propose un solo immersif qui interroge les constructions sociales et les héritages coloniaux inscrits dans les regards. En déconstruisant le terme « exotique », longtemps utilisé pour assigner et fétichiser les corps non occidentaux, l’artiste le détourne pour en faire un espace de réappropriation et de libération. Son écriture corporelle, précise et habitée, oscille entre tension, lenteur et silences chargés, révélant un processus sensible de transformation. Pensée comme une expérience in situ, la performance brouille les distances et invite chacun·e à choisir sa place face à un corps en résistance, en mutation et en quête de liberté. Dans le cadre de Passages Transfestival - édition 2026 Nouveaux Rivages du 14 au 28 mai à Metz","Accès libre, dès 12 ans",,,"Vendredi 22 mai, 21h30",2026-05-22 19:30:00+00:00,2026-05-22 20:00:00+00:00,"[{""begin"": ""2026-05-22T21:30:00+02:00"", ""end"": ""2026-05-22T22:00:00+02:00""}]",BAM - La Boîte à Musiques Metz,20 bd d'Alsace Metz,57070,Metz,Moselle,Grand Est,,,,"{""id"": 1, ""label"": {""fr"": ""Sur place""}}",,
31271868,https://openagenda.com/francetravail/events/chargee-de-clientele-a-distance-concentrix-recrute-9874377,Chargé(e) de clientèle à distance ... CONCENTRIX recrute !,Concentrix recrute ses futurs collaborateurs H/F qui seront chargé(e)s de la relation clients dans le secteur de l'énergie ...,Concentrix recrute ses futurs collaborateurs H/F qui seront chargé(e)s de la relation clients dans le secteur de l'énergie ... Pas de prospection ! Si vous aimez la relation clients et que vous maitrisez le numérique alors rejoignez-nous ! Prise de poste le 19/08/26 Venez découvrir ce que Concentrix peut vous proposer ... L'entreprise présentera sa structure implantée sur le Technopole de Metz ainsi que les postes à pourvoir. Un premier entretien sera mené à l'issue de la présentation pour les,,"['#TousMobilisés', 'Découverte secteur / métier', 'Recrutement']",,"Mercredi 29 juillet, 09h00",2026-07-29 07:00:00+00:00,2026-07-29 10:00:00+00:00,"[{""begin"": ""2026-07-29T09:00:00+02:00"", ""end"": ""2026-07-29T12:00:00+02:00""}]",Agence METZ SEBASTOPOL,57070 Metz,57070,Metz,Moselle,Grand Est,,,,"{""id"": 1, ""label"": {""fr"": ""Sur place"", ""en"": ""In situ"", ""it"": ""In presenza"", ""es"": ""Desconnectad"", ""de"": ""Offline"", ""br"": ""War al lec\u2019h"", ""io"": ""crwdns14266:0crwdne14266:0"", ""oc"": ""Sus pla\u00e7a"", ""nl"": ""Ter plaatse""}}",,"[{""type"": ""link"", ""value"": ""https://mesevenementsemploi.francetravail.fr/mes-evenements-emploi/evenement/644140""}]"
65170878,https://openagenda.com/francetravail/events/et-si-votre-experience-devenait-un-diplome-decouvrez-la-vae-hybride-obtenez-le-diplome-detat-daide-soignant,Et si votre expérience devenait un diplôme ? Découvrez la VAE hybride ! Obtenez le Diplôme d'État d'Aide-Soignant !,"Vous exercez actuellement une activité dans le secteur du service à la personne - en tant qu'auxiliaire de vie, aide à domicile, agent de service médico-social ou aide à la personne - et vous souhaite","Vous exercez actuellement une activité dans le secteur du service à la personne - en tant qu'auxiliaire de vie, aide à domicile, agent de service médico-social ou aide à la personne - et vous souhaitez donner une nouvelle impulsion à votre parcours professionnel ? Nous avons le plaisir de vous inviter à une réunion d'information exclusive consacrée à la VAE (Validation des Acquis de l'Expérience) hybride, un dispositif innovant permettant l'obtention du Diplôme d'État d'Aide-Soignant (DEAS). Pou",,"['Métiers du Prendre soin', ""S'informer"", 'Découverte formation', 'Marché du travail']",,"Vendredi 25 septembre, 09h00",2026-09-25 07:00:00+00:00,2026-09-25 09:00:00+00:00,"[{""begin"": ""2026-09-25T09:00:00+02:00"", ""end"": ""2026-09-25T11:00:00+02:00""}]",Agence METZ GARE,57000 Metz,57000,Metz,Moselle,Grand Est,,,,"{""id"": 1, ""label"": {""fr"": ""Sur place"", ""en"": ""In situ"", ""it"": ""In presenza"", ""es"": ""Desconnectad"", ""de"": ""Offline"", ""br"": ""War al lec\u2019h"", ""io"": ""crwdns14266:0crwdne14266:0"", ""oc"": ""Sus pla\u00e7a"", ""nl"": ""Ter plaatse""}}",,"[{""type"": ""link"", ""value"": ""https://mesevenementsemploi.francetravail.fr/mes-evenements-emploi/evenement/717762""}]"
24505772,https://openagenda.com/francetravail/events/atelier-cv-abonnement-aux-offres-carte-de-visite-3029357,ATELIER CV / ABONNEMENT AUX OFFRES/ CARTE DE VISITE .........,ATELIER CV / ABONNEMENT AUX OFFRES/ CARTE DE VISITE .........,ATELIER CV / ABONNEMENT AUX OFFRES/ CARTE DE VISITE ......... Il s'agit d'un accompagnement personnalisé d'une heure avec un agent volontaire service civique permettant de créer mettre à jour votre CV de rendre votre profil visible pour les employeurs et de découvrir les potentialités de votre espace personnel,,['Les outils du numérique'],,"Mercredi 12 août, 14h00",2026-08-12 12:00:00+00:00,2026-08-12 13:00:00+00:00,"[{""begin"": ""2026-08-12T14:00:00+02:00"", ""end"": ""2026-08-12T15:00:00+02:00""}]",Agence METZ BLIDA,57000 Metz,57014,Metz,Moselle,Grand Est,,,,"{""id"": 1, ""label"": {""fr"": ""Sur place"", ""en"": ""In situ"", ""it"": ""In presenza"", ""es"": ""Desconnectad"", ""de"": ""Offline"", ""br"": ""War al lec\u2019h"", ""io"": ""crwdns14266:0crwdne14266:0"", ""oc"": ""Sus pla\u00e7a"", ""nl"": ""Ter plaatse""}}",,"[{""type"": ""link"", ""value"": ""https://mesevenementsemploi.francetravail.fr/mes-evenements-emploi/evenement/714751""}]"
47815530,https://openagenda.com/maiavelo/events/mai-a-velo-2026-4074845,Mai à Vélo 2026,Faites parcourir à votre communauté le plus de kilomètres au mois de mai ! Retrouvez tous les classements sur https://challenge-maiavelo.geovelo.fr/,,,['challenge-id=201769'],,1 - 31 mai,2026-04-30 22:00:00+00:00,2026-05-31 21:59:59+00:00,"[{""begin"": ""2026-05-01T00:00:00+02:00"", ""end"": ""2026-05-01T01:59:59+02:00""}, {""begin"": ""2026-05-01T02:00:00+02:00"", ""end"": ""2026-05-02T01:59:59+02:00""}, {""begin"": ""2026-05-02T02:00:00+02:00"", ""end"": ""2026-05-03T01:59:59+02:00""}, {""begin"": ""2026-05-03T02:00:00+02:00"", ""end"": ""2026-05-04T01:59:59+02:00""}, {""begin"": ""2026-05-04T02:00:00+02:00"", ""end"": ""2026-05-05T01:59:59+02:00""}, {""begin"": ""2026-05-05T02:00:00+02:00"", ""end"": ""2026-05-06T01:59:59+02:00""}, {""begin"": ""2026-05-06T02:00:00+02:00"", ""end"": ""2026-05-07T01:59:59+02:00""}, {""begin"": ""2026-05-07T02:00:00+02:00"", ""end"": ""2026-05-08T01:59:59+02:00""}, {""begin"": ""2026-05-08T02:00:00+02:00"", ""end"": ""2026-05-09T01:59:59+02:00""}, {""begin"": ""2026-05-09T02:00:00+02:00"", ""end"": ""2026-05-10T01:59:59+02:00""}, {""begin"": ""2026-05-10T02:00:00+02:00"", ""end"": ""2026-05-11T01:59:59+02:00""}, {""begin"": ""2026-05-11T02:00:00+02:00"", ""end"": ""2026-05-12T01:59:59+02:00""}, {""begin"": ""2026-05-12T02:00:00+02:00"", ""end"": ""2026-05-13T01:59:59+02:00""}, {""begin"": ""2026-05-13T02:00:00+02:00"", ""end"": ""2026-05-14T01:59:59+02:00""}, {""begin"": ""2026-05-14T02:00:00+02:00"", ""end"": ""2026-05-15T01:59:59+02:00""}, {""begin"": ""2026-05-15T02:00:00+02:00"", ""end"": ""2026-05-16T01:59:59+02:00""}, {""begin"": ""2026-05-16T02:00:00+02:00"", ""end"": ""2026-05-17T01:59:59+02:00""}, {""begin"": ""2026-05-17T02:00:00+02:00"", ""end"": ""2026-05-18T01:59:59+02:00""}, {""begin"": ""2026-05-18T02:00:00+02:00"", ""end"": ""2026-05-19T01:59:59+02:00""}, {""begin"": ""2026-05-19T02:00:00+02:00"", ""end"": ""2026-05-20T01:59:59+02:00""}, {""begin"": ""2026-05-20T02:00:00+02:00"", ""end"": ""2026-05-21T01:59:59+02:00""}, {""begin"": ""2026-05-21T02:00:00+02:00"", ""end"": ""2026-05-22T01:59:59+02:00""}, {""begin"": ""2026-05-22T02:00:00+02:00"", ""end"": ""2026-05-23T01:59:59+02:00""}, {""begin"": ""2026-05-23T02:00:00+02:00"", ""end"": ""2026-05-24T01:59:59+02:00""}, {""begin"": ""2026-05-24T02:00:00+02:00"", ""end"": ""2026-05-25T01:59:59+02:00""}, {""begin"": ""2026-05-25T02:00:00+02:00"", ""end"": ""2026-05-26T01:59:59+02:00""}, {""begin"": ""2026-05-26T02:00:00+02:00"", ""end"": ""2026-05-27T01:59:59+02:00""}, {""begin"": ""2026-05-27T02:00:00+02:00"", ""end"": ""2026-05-28T01:59:59+02:00""}, {""begin"": ""2026-05-28T02:00:00+02:00"", ""end"": ""2026-05-29T01:59:59+02:00""}, {""begin"": ""2026-05-29T02:00:00+02:00"", ""end"": ""2026-05-30T01:59:59+02:00""}, {""begin"": ""2026-05-30T02:00:00+02:00"", ""end"": ""2026-05-31T01:59:59+02:00""}, {""begin"": ""2026-05-31T02:00:00+02:00"", ""end"": ""2026-05-31T23:59:59+02:00""}]",ATE Moselle et IRA Metz,"9 Place de la Préfecture, 57014 Metz, France",57014,Metz,Moselle,Grand Est,,,,"{""id"": 1, ""label"": {""fr"": ""Sur place"", ""en"": ""In situ"", ""it"": ""In presenza"", ""es"": ""Desconnectad"", ""de"": ""Offline"", ""br"": ""War al lec\u2019h"", ""io"": ""crwdns14266:0crwdne14266:0"", ""oc"": ""Sus pla\u00e7a"", ""nl"": ""Ter plaatse""}}",,"[{""type"": ""link"", ""value"": ""https://challenge-maiavelo.geovelo.fr/""}]"
48325785,https://openagenda.com/maiavelo/events/mai-a-velo-2026-6518292,Mai à Vélo 2026,Faites parcourir à votre communauté le plus de kilomètres au mois de mai !,,,['challenge-id=213574'],,1 - 31 mai,2026-04-30 22:00:00+00:00,2026-05-31 21:59:59+00:00,"[{""begin"": ""2026-05-01T00:00:00+02:00"", ""end"": ""2026-05-01T01:59:59+02:00""}, {""begin"": ""2026-05-01T02:00:00+02:00"", ""end"": ""2026-05-02T01:59:59+02:00""}, {""begin"": ""2026-05-02T02:00:00+02:00"", ""end"": ""2026-05-03T01:59:59+02:00""}, {""begin"": ""2026-05-03T02:00:00+02:00"", ""end"": ""2026-05-04T01:59:59+02:00""}, {""begin"": ""2026-05-04T02:00:00+02:00"", ""end"": ""2026-05-05T01:59:59+02:00""}, {""begin"": ""2026-05-05T02:00:00+02:00"", ""end"": ""2026-05-06T01:59:59+02:00""}, {""begin"": ""2026-05-06T02:00:00+02:00"", ""end"": ""2026-05-07T01:59:59+02:00""}, {""begin"": ""2026-05-07T02:00:00+02:00"", ""end"": ""2026-05-08T01:59:59+02:00""}, {""begin"": ""2026-05-08T02:00:00+02:00"", ""end"": ""2026-05-09T01:59:59+02:00""}, {""begin"": ""2026-05-09T02:00:00+02:00"", ""end"": ""2026-05-10T01:59:59+02:00""}, {""begin"": ""2026-05-10T02:00:00+02:00"", ""end"": ""2026-05-11T01:59:59+02:00""}, {""begin"": ""2026-05-11T02:00:00+02:00"", ""end"": ""2026-05-12T01:59:59+02:00""}, {""begin"": ""2026-05-12T02:00:00+02:00"", ""end"": ""2026-05-13T01:59:59+02:00""}, {""begin"": ""2026-05-13T02:00:00+02:00"", ""end"": ""2026-05-14T01:59:59+02:00""}, {""begin"": ""2026-05-14T02:00:00+02:00"", ""end"": ""2026-05-15T01:59:59+02:00""}, {""begin"": ""2026-05-15T02:00:00+02:00"", ""end"": ""2026-05-16T01:59:59+02:00""}, {""begin"": ""2026-05-16T02:00:00+02:00"", ""end"": ""2026-05-17T01:59:59+02:00""}, {""begin"": ""2026-05-17T02:00:00+02:00"", ""end"": ""2026-05-18T01:59:59+02:00""}, {""begin"": ""2026-05-18T02:00:00+02:00"", ""end"": ""2026-05-19T01:59:59+02:00""}, {""begin"": ""2026-05-19T02:00:00+02:00"", ""end"": ""2026-05-20T01:59:59+02:00""}, {""begin"": ""2026-05-20T02:00:00+02:00"", ""end"": ""2026-05-21T01:59:59+02:00""}, {""begin"": ""2026-05-21T02:00:00+02:00"", ""end"": ""2026-05-22T01:59:59+02:00""}, {""begin"": ""2026-05-22T02:00:00+02:00"", ""end"": ""2026-05-23T01:59:59+02:00""}, {""begin"": ""2026-05-23T02:00:00+02:00"", ""end"": ""2026-05-24T01:59:59+02:00""}, {""begin"": ""2026-05-24T02:00:00+02:00"", ""end"": ""2026-05-25T01:59:59+02:00""}, {""begin"": ""2026-05-25T02:00:00+02:00"", ""end"": ""2026-05-26T01:59:59+02:00""}, {""begin"": ""2026-05-26T02:00:00+02:00"", ""end"": ""2026-05-27T01:59:59+02:00""}, {""begin"": ""2026-05-27T02:00:00+02:00"", ""end"": ""2026-05-28T01:59:59+02:00""}, {""begin"": ""2026-05-28T02:00:00+02:00"", ""end"": ""2026-05-29T01:59:59+02:00""}, {""begin"": ""2026-05-29T02:00:00+02:00"", ""end"": ""2026-05-30T01:59:59+02:00""}, {""begin"": ""2026-05-30T02:00:00+02:00"", ""end"": ""2026-05-31T01:59:59+02:00""}, {""begin"": ""2026-05-31T02:00:00+02:00"", ""end"": ""2026-05-31T23:59:59+02:00""}]",Polygone,"5 Cité Administrative POLYGONE  5 rue Hinzelin, 57000 Metz, France",57000,Metz,Moselle,Grand Est,,,,"{""id"": 1, ""label"": {""fr"": ""Sur place"", ""en"": ""In situ"", ""it"": ""In presenza"", ""es"": ""Desconnectad"", ""de"": ""Offline"", ""br"": ""War al lec\u2019h"", ""io"": ""crwdns14266:0crwdne14266:0"", ""oc"": ""Sus pla\u00e7a"", ""nl"": ""Ter plaatse""}}",,"[{""type"": ""link"", ""value"": ""https://challenge-maiavelo.geovelo.fr/""}]"
97948513,https://openagenda.com/culture/events/nos-heritages-rencontre-dessinee-avec-lillustreur-fred-bernard,« Nos héritages » : rencontre dessinée avec l’illustrateur Fred Bernard,"Rencontre dessinée en compagnie de l’auteur et illustrateur Fred Bernard. À travers un voyage dans l’espace et le temps, retraçant la naissance et les progrès de l’humanité, l’auteur entrelace son de…","Rencontre dessinée en compagnie de l’auteur et illustrateur Fred Bernard. À travers un voyage dans l’espace et le temps, retraçant la naissance et les progrès de l’humanité, l’auteur entrelace son propre parcours de vie avec ses découvertes, ses joies et ses peines. Ce récit graphique, personnel et universel, lui permet d’explorer les grandes questions que lui pose son fils : «Comment grandit-on ?», «À quoi sert la vie, papa ?» et «Est-ce que c’était mieux avant ?» Dans le cadre du festival littéraire itinérant « Les Passerelles », organisé par l’association Caranusca.","Rencontre gratuite, accessible à tous, sur réservation par mail ou sur place dans l’une des médiathèques du réseau de Metz.",,,"Vendredi 19 septembre 2025, 18h30",2025-09-19 16:30:00+00:00,2025-09-19 18:00:00+00:00,"[{""begin"": ""2025-09-19T18:30:00+02:00"", ""end"": ""2025-09-19T20:00:00+02:00""}]",Médiathèque Verlaine,"1 place de la Bibliothèque, 57000 Metz",57014,Metz,Moselle,Grand Est,['handicap moteur'],,,"{""id"": 1, ""label"": {""fr"": ""Sur place"", ""en"": ""In situ"", ""it"": ""In presenza"", ""es"": ""Desconnectad"", ""de"": ""Offline"", ""br"": ""War al lec\u2019h"", ""io"": ""crwdns14266:0crwdne14266:0"", ""oc"": ""Sus pla\u00e7a""}}",,"[{""type"": ""email"", ""value"": ""servicesauxpublics@mairie-metz.fr""}]"
48289455,https://openagenda.com/culture/events/decouvrez-lhistoire-du-palais-du-gouverneur-de-metz,Découvrez l'histoire du palais du gouverneur de Metz,"Célébrant en 2025 les 120 ans de la fin de sa construction, le Palais du Gouverneur offre cette année à ses visiteurs, à travers de nombreux documents d’archive, une exposition exclusive et éphémère.…","Célébrant en 2025 les 120 ans de la fin de sa construction, le Palais du Gouverneur offre cette année à ses visiteurs, à travers de nombreux documents d’archive, une exposition exclusive et éphémère. De l’origine de sa construction sur l’ancien emplacement de la Citadelle à ses récentes rénovations, (re-)découvrez ce bâtiment à l’histoire mouvementée mais discrète, parfois mystérieuse, ses singularités architecturales et les prouesses techniques de l’époque.",,,,20 et 21 septembre 2025,2025-09-20 08:00:00+00:00,2025-09-21 16:00:00+00:00,"[{""begin"": ""2025-09-20T10:00:00+02:00"", ""end"": ""2025-09-20T18:00:00+02:00""}, {""begin"": ""2025-09-21T10:00:00+02:00"", ""end"": ""2025-09-21T18:00:00+02:00""}]",Palais du Gouverneur,"9 rue de la Citadelle, 57000 Metz",57045,Metz,Moselle,Grand Est,,,,"{""id"": 1, ""label"": {""fr"": ""Sur place"", ""en"": ""In situ"", ""it"": ""In presenza"", ""es"": ""Desconnectad"", ""de"": ""Offline"", ""br"": ""War al lec\u2019h"", ""io"": ""crwdns14266:0crwdne14266:0"", ""oc"": ""Sus pla\u00e7a""}}",,
66869217,https://openagenda.com/culture/events/visites-guidees-du-palais,Visite guidée historique d'un palais de justice,Le palais de justice est un bâtiment public qui abrite le tribunal judiciaire et la cour d’appel de Metz.,"Le palais de justice est un bâtiment public qui abrite le tribunal judiciaire et la cour d’appel de Metz. Lieu emblématique, il est situé au cœur de la ville de Metz. Des visites guidées, assurées par des personnels de la Justice, sont proposées, d’une durée d’environ 20 minutes, par groupe de 30 personnes maximum.",Durée de la visite : 20min. Groupe de 30 personnes maximum.,,,"Samedi 20 septembre 2025, 10h00, 14h00",2025-09-20 08:00:00+00:00,2025-09-20 15:00:00+00:00,"[{""begin"": ""2025-09-20T10:00:00+02:00"", ""end"": ""2025-09-20T12:00:00+02:00""}, {""begin"": ""2025-09-20T14:00:00+02:00"", ""end"": ""2025-09-20T17:00:00+02:00""}]",Palais de Justice,"3 rue haute Pierre, 57000 Metz",57045,Metz,Moselle,Grand Est,,,,"{""id"": 1, ""label"": {""fr"": ""Sur place"", ""en"": ""In situ"", ""it"": ""In presenza"", ""es"": ""Desconnectad"", ""de"": ""Offline"", ""br"": ""War al lec\u2019h"", ""io"": ""crwdns14266:0crwdne14266:0"", ""oc"": ""Sus pla\u00e7a""}}",,"[{""type"": ""link"", ""value"": ""https://my.weezevent.com/jep-palais-de-justice-de-metz-20-septembre-2025-visite-guidee-du-palais""}]"
33627551,https://openagenda.com/culture/events/visite-libre-eglise-saint-clement,Arpentez une abbaye du XVIIIe siècle,"Selon la légende, saint Clément, premier évêque de Metz au IIIème siècle, aurait terrassé un dragon terrifiant qui épouvantait les Messins : le Graoully.","Selon la légende, saint Clément, premier évêque de Metz au IIIème siècle, aurait terrassé un dragon terrifiant qui épouvantait les Messins : le Graoully. La construction de l’église Saint-Clément est lancée en 1683, mais les hostilités de la fin du siècle, l’occupation de la Lorraine, ainsi que les réquisitions militaires, n’offrent pas les conditions idéales à l’avancement du chantier. À la Révolution, l’église est fermée. En 1822, l’évêque de Metz a tenté de rendre l’église au culte paroissial, mais ses démarches furent vaines. Ce n’est que dans les années 1970, après le départ des Jésuites et pendant les travaux de rénovation du Pontiffroy, que l’église devient une église paroissiale.",,,,20 et 21 septembre 2025,2025-09-20 08:00:00+00:00,2025-09-21 16:00:00+00:00,"[{""begin"": ""2025-09-20T10:00:00+02:00"", ""end"": ""2025-09-20T18:00:00+02:00""}, {""begin"": ""2025-09-21T11:30:00+02:00"", ""end"": ""2025-09-21T18:00:00+02:00""}]",Église Saint-Clément,"1 place Gabriel Hocquard, 57000 Metz",57014,Metz,Moselle,Grand Est,['handicap moteur'],,,"{""id"": 1, ""label"": {""fr"": ""Sur place"", ""en"": ""In situ"", ""it"": ""In presenza"", ""es"": ""Desconnectad"", ""de"": ""Offline"", ""br"": ""War al lec\u2019h"", ""io"": ""crwdns14266:0crwdne14266:0"", ""oc"": ""Sus pla\u00e7a""}}",,
13144375,https://openagenda.com/culture/events/le-proces-de-madame-gabotte,Le procès de madame Gabotte,Revivez un procès de sorcellerie comme si vous y étiez ! Le frère inquisiteur fait halte à Metz pour rendre justice : que va-t-il décider pour nos accusés ? Le pardon... ou le bûcher ?,Revivez un procès de sorcellerie comme si vous y étiez ! Le frère inquisiteur fait halte à Metz pour rendre justice : que va-t-il décider pour nos accusés ? Le pardon... ou le bûcher ? Une pièce de théâtre présentée par la compagnie Héraudie Messine.,,,,20 et 21 septembre 2025,2025-09-20 13:00:00+00:00,2025-09-21 13:20:00+00:00,"[{""begin"": ""2025-09-20T15:00:00+02:00"", ""end"": ""2025-09-20T15:20:00+02:00""}, {""begin"": ""2025-09-21T15:00:00+02:00"", ""end"": ""2025-09-21T15:20:00+02:00""}]",Porte des Allemands,"Boulevard André Maginot, 57000 Metz",57000,Metz,Moselle,Grand Est,['handicap moteur'],,,"{""id"": 1, ""label"": {""fr"": ""Sur place"", ""en"": ""In situ"", ""it"": ""In presenza"", ""es"": ""Desconnectad"", ""de"": ""Offline"", ""br"": ""War al lec\u2019h"", ""io"": ""crwdns14266:0crwdne14266:0"", ""oc"": ""Sus pla\u00e7a""}}",,
74757003,https://openagenda.com/culture/events/histoire-de-la-basilique-et-imagerie-architecturale,Histoire de la basilique et imagerie architecturale,"Venez découvrir la basilique Saint-Vincent lors d’une visite guidée de 30 minutes. Trois visites sont proposées chaque jour, à 11 h, 14 h 30 et 16 h 30.","Venez découvrir la basilique Saint-Vincent lors d’une visite guidée de 30 minutes. Trois visites sont proposées chaque jour, à 11 h, 14 h 30 et 16 h 30.",,,,20 et 21 septembre 2025,2025-09-20 09:30:00+00:00,2025-09-21 14:30:00+00:00,"[{""begin"": ""2025-09-20T11:30:00+02:00"", ""end"": ""2025-09-20T12:00:00+02:00""}, {""begin"": ""2025-09-20T14:00:00+02:00"", ""end"": ""2025-09-20T14:30:00+02:00""}, {""begin"": ""2025-09-20T16:00:00+02:00"", ""end"": ""2025-09-20T16:30:00+02:00""}, {""begin"": ""2025-09-21T11:30:00+02:00"", ""end"": ""2025-09-21T12:00:00+02:00""}, {""begin"": ""2025-09-21T14:00:00+02:00"", ""end"": ""2025-09-21T14:30:00+02:00""}, {""begin"": ""2025-09-21T16:00:00+02:00"", ""end"": ""2025-09-21T16:30:00+02:00""}]",Basilique Saint-Vincent,"Place Saint-Vincent, 57000 Metz",57045,Metz,Moselle,Grand Est,,,,"{""id"": 1, ""label"": {""fr"": ""Sur place"", ""en"": ""In situ"", ""it"": ""In presenza"", ""es"": ""Desconnectad"", ""de"": ""Offline"", ""br"": ""War al lec\u2019h"", ""io"": ""crwdns14266:0crwdne14266:0"", ""oc"": ""Sus pla\u00e7a""}}",,
26685466,https://openagenda.com/biblis-en-folie-2025/events/porcelaine-1548536,Porcelaine,"Illustratrice, autrice et musicienne, Claire Caillebotte propose aux enfants de voyager au coeur de ses spectacles musicaux tirés de ses albums jeunesse. Accompagnée de sa harpe troubadour, elle en…","Illustratrice, autrice et musicienne, Claire Caillebotte propose aux enfants de voyager au coeur de ses spectacles musicaux tirés de ses albums jeunesse. Accompagnée de sa harpe troubadour, elle raconte en musique les histoires de Porcelaine.",Familles dès 7 ans,,,"Dimanche 5 octobre 2025, 16h00",2025-10-05 14:00:00+00:00,2025-10-05 14:45:00+00:00,"[{""begin"": ""2025-10-05T16:00:00+02:00"", ""end"": ""2025-10-05T16:45:00+02:00""}]",Médiathèque Verlaine,1 cour Elie-Fleur 57000 Metz,57000,Metz,Moselle,Grand Est,['handicap moteur'],,,"{""id"": 1, ""label"": {""fr"": ""Sur place"", ""en"": ""In situ"", ""it"": ""In presenza"", ""es"": ""Desconnectad"", ""de"": ""Offline"", ""br"": ""War al lec\u2019h"", ""io"": ""crwdns14266:0crwdne14266:0"", ""oc"": ""Sus pla\u00e7a"", ""nl"": ""Ter plaatse""}}",,"[{""type"": ""email"", ""value"": ""servicesauxpublics@mairie-metz.fr""}]"
55426151,https://openagenda.com/francetravail/events/envie-de-changement-essayez-le-metier-de-conseiller-clientele-4017477,Envie de Changement ? Essayez le Métier de Conseiller Clientèle !,"À la suite d'une réunion d'information collective prévue le 13 Janvier, vous pouvez rencontrer l'employeur et candidater à l'offre.","À la suite d'une réunion d'information collective prévue le 13 Janvier, vous pouvez rencontrer l'employeur et candidater à l'offre. Les missions d'un(e) conseiller(e) clientèle dans un centre de contact incluent l'intégration dans une équipe solidaire, le traitement des demandes clients par téléphone, tchat, mail ou courrier, l'analyse des besoins des clients pour proposer des solutions adaptées et des services additionnels, la mise à jour des dossiers clients et l'assurance de leur satisfaction",,"['1 jeune  1 solution', 'Recrutement']",,"Mardi 13 janvier, 14h00",2026-01-13 13:00:00+00:00,2026-01-13 15:00:00+00:00,"[{""begin"": ""2026-01-13T14:00:00+01:00"", ""end"": ""2026-01-13T16:00:00+01:00""}]",Agence METZ BLIDA,57050 Metz,57004,Metz,Moselle,Grand Est,,,,"{""id"": 1, ""label"": {""fr"": ""Sur place"", ""en"": ""In situ"", ""it"": ""In presenza"", ""es"": ""Desconnectad"", ""de"": ""Offline"", ""br"": ""War al lec\u2019h"", ""io"": ""crwdns14266:0crwdne14266:0"", ""oc"": ""Sus pla\u00e7a"", ""nl"": ""Ter plaatse""}}",,"[{""type"": ""link"", ""value"": ""https://mesevenementsemploi.francetravail.fr/mes-evenements-emploi/evenement/556897""}]"
6301089,https://openagenda.com/francetravail/events/forum-fonction-publique-7288978,Forum Fonction Publique,Venez à la rencontre des employeurs de la Fonction Publique à l'occasion du 3ème Forum dédié aux métiers de ce secteur sur l'agglomération de Metz.,"Venez à la rencontre des employeurs de la Fonction Publique à l'occasion du 3ème Forum dédié aux métiers de ce secteur sur l'agglomération de Metz. Seront entre autre présentes les différentes fonctions publiques (collectivité, santé, défenses, territoriales,....) Le 21/01 de 10h00 à 16h00 Dans les Salons de l'Hôtel de Ville de Metz Vous munir de plusieurs CV à jour",,"['#TousMobilisés', '1 jeune  1 solution', 'Recrutement', 'Découverte secteur / métier', ""S'informer""]",,"Mercredi 21 janvier, 14h30",2026-01-21 13:30:00+00:00,2026-01-21 15:00:00+00:00,"[{""begin"": ""2026-01-21T14:30:00+01:00"", ""end"": ""2026-01-21T16:00:00+01:00""}]",Agence METZ SEBASTOPOL,57000 Metz,57000,Metz,Moselle,Grand Est,,,,"{""id"": 1, ""label"": {""fr"": ""Sur place"", ""en"": ""In situ"", ""it"": ""In presenza"", ""es"": ""Desconnectad"", ""de"": ""Offline"", ""br"": ""War al lec\u2019h"", ""io"": ""crwdns14266:0crwdne14266:0"", ""oc"": ""Sus pla\u00e7a"", ""nl"": ""Ter plaatse""}}",,"[{""type"": ""link"", ""value"": ""https://mesevenementsemploi.francetravail.fr/mes-evenements-emploi/evenement/549854""}]"
86279539,https://openagenda.com/francetravail/events/la-sovab-groupe-renault-recrute-rejoignez-une-equipe-engagee-pour-legalite-professionnelle,La SOVAB (Groupe Renault) s'engage pour l'égalité des chances : des postes industriels à pourvoir pour un public féminin.,Rejoignez la SOVAB (Groupe Renault) et découvrez le métier d'opérateur de production !,"Rejoignez la SOVAB (Groupe Renault) et découvrez le métier d'opérateur de production ! L'agence d'intérim GiGroup vous invite à une réunion d'information pour découvrir le métier d'opérateur de production au sein de la SOVAB, filiale du Groupe Renault. Au programme : Présentation du métier : Découvrez les missions, les conditions de travail et les perspectives d'évolution. Temps d'échange : Posez vos questions et discutez avec des professionnels du secteur. Présentation du dispositif POEI : Une",,"['#TousMobilisés', 'Découverte secteur / métier', 'Recrutement']",,"Mardi 28 juillet, 07h00",2026-07-28 05:00:00+00:00,2026-07-28 07:00:00+00:00,"[{""begin"": ""2026-07-28T07:00:00+02:00"", ""end"": ""2026-07-28T09:00:00+02:00""}]",Agence METZ BLIDA,57000 Metz,57014,Metz,Moselle,Grand Est,,,,"{""id"": 1, ""label"": {""fr"": ""Sur place"", ""en"": ""In situ"", ""it"": ""In presenza"", ""es"": ""Desconnectad"", ""de"": ""Offline"", ""br"": ""War al lec\u2019h"", ""io"": ""crwdns14266:0crwdne14266:0"", ""oc"": ""Sus pla\u00e7a"", ""nl"": ""Ter plaatse""}}",,"[{""type"": ""link"", ""value"": ""https://mesevenementsemploi.francetravail.fr/mes-evenements-emploi/evenement/694372""}]"
17457981,https://openagenda.com/francetravail/events/job-dating-secteur-de-laide-a-la-personne-agence-de-metz-sebastopol,Job Dating - Secteur de l'Aide à la Personne Agence de Metz Sébastopol,Vous êtes à la recherche d'un emploi dans le secteur de l'aide à la personne ou comme auxiliaire de vie ? Ne manquez pas notre Job Dating le 9 avril de 9h à 12h à France Travail Metz-Sébastopol !,"Vous êtes à la recherche d'un emploi dans le secteur de l'aide à la personne ou comme auxiliaire de vie ? Ne manquez pas notre Job Dating le 9 avril de 9h à 12h à France Travail Metz-Sébastopol ! Pourquoi participer ? Rencontrez 4 structures spécialisées dans l'aide à la personne, prêtes à recruter ! Décrochez un entretien en direct avec des employeurs. Pour qui ? Demandeur d'emploi inscrit à France Travail. Personnes en reconversion professionnelle. Toute personne motivée par les métiers de l'a",,"['#TousMobilisés', 'Métiers du Prendre soin', 'Métiers de l humain', 'Recrutement']",,"Jeudi 9 avril, 09h00",2026-04-09 07:00:00+00:00,2026-04-09 10:00:00+00:00,"[{""begin"": ""2026-04-09T09:00:00+02:00"", ""end"": ""2026-04-09T12:00:00+02:00""}]",Agence METZ SEBASTOPOL,57070 Metz,57070,Metz,Moselle,Grand Est,,,,"{""id"": 1, ""label"": {""fr"": ""Sur place"", ""en"": ""In situ"", ""it"": ""In presenza"", ""es"": ""Desconnectad"", ""de"": ""Offline"", ""br"": ""War al lec\u2019h"", ""io"": ""crwdns14266:0crwdne14266:0"", ""oc"": ""Sus pla\u00e7a"", ""nl"": ""Ter plaatse""}}",,"[{""type"": ""link"", ""value"": ""https://mesevenementsemploi.francetravail.fr/mes-evenements-emploi/evenement/612306""}]"
53719284,https://openagenda.com/francetravail/events/kiosque-createurs-dentreprises-2917279,KIOSQUE CREATEURS D'ENTREPRISES,"Bonjour, Nous avons le plaisir de vous informer de l'organisation d'un kiosque dédié aux créateurs d'entreprises, à destination du public demandeur d'emploi en projet de création ou déjà créateur.","Bonjour, Nous avons le plaisir de vous informer de l'organisation d'un kiosque dédié aux créateurs d'entreprises, à destination du public demandeur d'emploi en projet de création ou déjà créateur. Cet événement sera l'occasion de rencontrer et d'échanger avec différentes structures d'accompagnement à la création d'entreprise, parmi lesquelles : ADIE, CMA, Initiatives 57, BGE, URSSAF, GERMINAL, Le Carrefour de l'entreprenariat, Alexis Lorraine. Les participants pourront s'informer sur les disposi",,"[""Création d'entreprise""]",,"Lundi 8 juin, 14h30",2026-06-08 12:30:00+00:00,2026-06-08 13:30:00+00:00,"[{""begin"": ""2026-06-08T14:30:00+02:00"", ""end"": ""2026-06-08T15:30:00+02:00""}]",Agence METZ BLIDA,57000 Metz,57014,Metz,Moselle,Grand Est,,,,"{""id"": 1, ""label"": {""fr"": ""Sur place"", ""en"": ""In situ"", ""it"": ""In presenza"", ""es"": ""Desconnectad"", ""de"": ""Offline"", ""br"": ""War al lec\u2019h"", ""io"": ""crwdns14266:0crwdne14266:0"", ""oc"": ""Sus pla\u00e7a"", ""nl"": ""Ter plaatse""}}",,"[{""type"": ""link"", ""value"": ""https://mesevenementsemploi.francetravail.fr/mes-evenements-emploi/evenement/666741""}]"
66982099,https://openagenda.com/francetravail/events/technicien-mecanique-vehicules-industriels-hf-cet-evenement-est-pour-vous,Technicien mécanique véhicules industriels (H/F) cet événement est pour vous !,Venez rencontrer les recruteurs de l'agence UP Skills pour une opportunité de contrat chez l'un de leur client.,Venez rencontrer les recruteurs de l'agence UP Skills pour une opportunité de contrat chez l'un de leur client. Vous pouvez vous présenter à votre convenance de 9h à 12h30 avec votre CV afin d'échanger sur le poste et les conditions de travail. Rendez-vous au 12 rue Wilson 57000 Metz pour saisir cette chance de décrocher un contrat! Vous pouvez également postuler via l'offre d'emploi n 208RSKS Venez rencontrer les recruteurs de l'agence UP Skills pour une opportunité de contrat chez l'un de leu,,"['#TousMobilisés', 'Recrutement']",,"Jeudi 25 juin, 09h00",2026-06-25 07:00:00+00:00,2026-06-25 10:30:00+00:00,"[{""begin"": ""2026-06-25T09:00:00+02:00"", ""end"": ""2026-06-25T12:30:00+02:00""}]",Agence METZ BLIDA,57000 Metz,57014,Metz,Moselle,Grand Est,,,,"{""id"": 1, ""label"": {""fr"": ""Sur place"", ""en"": ""In situ"", ""it"": ""In presenza"", ""es"": ""Desconnectad"", ""de"": ""Offline"", ""br"": ""War al lec\u2019h"", ""io"": ""crwdns14266:0crwdne14266:0"", ""oc"": ""Sus pla\u00e7a"", ""nl"": ""Ter plaatse""}}",,"[{""type"": ""link"", ""value"": ""https://mesevenementsemploi.francetravail.fr/mes-evenements-emploi/evenement/685286""}]"
13434056,https://openagenda.com/francetravail/events/job-dating-proprete-412205,Job Dating Propreté,Lundi 15 juin De 13h30 à 17h00 Maison des Associations Marie Judlin - Metz Envie de travailler rapidement ? Venez rencontrer des recruteurs !,"Lundi 15 juin De 13h30 à 17h00 Maison des Associations Marie Judlin - Metz Envie de travailler rapidement ? Venez rencontrer des recruteurs ! Une dizaine d'entreprises du secteur de la propreté seront présentes, avec de nombreux postes à pourvoir immédiatement : Postes proposés : Agents d'entretien (H/F) Chef d'équipe (H/F) Agents de service hospitalier (ASH) (H/F) CDI, CDD - temps complet ou temps partiel Rencontrez directement les employeurs et multipliez vos chances d'être recruté(e) ! Événem",,"['#TousMobilisés', 'Métiers de la propreté', 'Recrutement', 'Découverte secteur / métier']",,"Lundi 15 juin, 13h30",2026-06-15 11:30:00+00:00,2026-06-15 15:00:00+00:00,"[{""begin"": ""2026-06-15T13:30:00+02:00"", ""end"": ""2026-06-15T17:00:00+02:00""}]",Agence METZ SEBASTOPOL,57070 Metz,57070,Metz,Moselle,Grand Est,,,,"{""id"": 1, ""label"": {""fr"": ""Sur place"", ""en"": ""In situ"", ""it"": ""In presenza"", ""es"": ""Desconnectad"", ""de"": ""Offline"", ""br"": ""War al lec\u2019h"", ""io"": ""crwdns14266:0crwdne14266:0"", ""oc"": ""Sus pla\u00e7a"", ""nl"": ""Ter plaatse""}}",,"[{""type"": ""link"", ""value"": ""https://mesevenementsemploi.francetravail.fr/mes-evenements-emploi/evenement/653170""}]"
20534383,https://openagenda.com/fetedelamusique2026/events/lycee-georges-de-la-tour-option-musique-concert-place-de-la-comedie-metz,Lycée Georges de la Tour option musique - Concert Metz,Les élèves du Lycée George de Tour option musique viendront jouer à 17h30 place de la Comédie à Metz.,Les élèves du Lycée George de Tour option musique viendront jouer à 17h30 place de la Comédie à Metz.,"Gratuit, en accès libre",,,"Dimanche 21 juin, 17h00",2026-06-21 15:00:00+00:00,2026-06-21 17:30:00+00:00,"[{""begin"": ""2026-06-21T17:00:00+02:00"", ""end"": ""2026-06-21T19:30:00+02:00""}]",Place de la Comédie - Metz,place de la comédie 57000 Metz,57014,Metz,Moselle,Grand Est,,,,"{""id"": 1, ""label"": {""fr"": ""Sur place""}}",,
18675356,https://openagenda.com/fetedelamusique2026/events/kwjibo-concert-place-de-la-comedie-metz,Kwjibo - Concert  Metz,Kwijibo à 22h place de la Comédie à Metz,"Kwijibo à 22h place de la Comédie à Metz « Les ambiances instrumentales balancent entre jazz et musiques électroniques, voire rock’n’roll, créant un univers sonore unique et captivant. Le répertoire, constitué de compositions originales, défie les catégories traditionnelles, mêlant rock, jazz-rock, electro et pop avec maîtrise. »","Gratuit, en accès libre",,,"Dimanche 21 juin, 22h00",2026-06-21 20:00:00+00:00,2026-06-21 21:30:00+00:00,"[{""begin"": ""2026-06-21T22:00:00+02:00"", ""end"": ""2026-06-21T23:30:00+02:00""}]",Place de la Comédie - Metz,place de la comédie 57000 Metz,57014,Metz,Moselle,Grand Est,,,,"{""id"": 1, ""label"": {""fr"": ""Sur place""}}",,
93425167,https://openagenda.com/semaine-des-metiers-du-tourisme-2026/events/semaine-des-metiers-du-tourisme-2026-8809963,Semaine des Métiers du Tourisme 2026,"Rencontres à l'agence Inspire Metz avec des professionnels du tourisme, de l'hôtellerie et de la restauration","L'agence Inspire Metz et l'UMIH 57 proposent aux classes de 4ème et 3ème de venir les rencontrer à l'agence Inspire Metz, place d'Armes J.F Blondel, pour échanger et découvrir les métiers et les formations attendues pour travailler dans ces domaines.",,"['tourisme', 'hôtel', 'restaurant', 'UMIH', 'office de tourisme', 'attractivité']",,"Mardi 3 février, 14h00",2026-02-03 13:00:00+00:00,2026-02-03 16:00:00+00:00,"[{""begin"": ""2026-02-03T14:00:00+01:00"", ""end"": ""2026-02-03T17:00:00+01:00""}]",Agence Inspire Metz,"2, place d'Armes",57014,Metz,Moselle,Grand Est,"['handicap visuel', 'handicap auditif', 'handicap moteur']",,,"{""id"": 1, ""label"": {""fr"": ""Sur place"", ""en"": ""In situ"", ""it"": ""In presenza"", ""es"": ""Desconnectad"", ""de"": ""Offline"", ""br"": ""War al lec\u2019h"", ""io"": ""crwdns14266:0crwdne14266:0"", ""oc"": ""Sus pla\u00e7a"", ""nl"": ""Ter plaatse""}}",,"[{""type"": ""email"", ""value"": ""sdiaz@inspire-metz.com""}]"
43787338,https://openagenda.com/unidivers-oui-sortir/events/aux-vignobles-metz-1032748,Aux Vignobles ! Metz,Le salon Aux Vignobles ! s’installe à Metz du 27 au 29 mars pour un rendez-vous dédié aux plaisirs du vin et de la gastronomie,"Référence pour les amateurs de bons produits, Aux Vignobles ! fait escale à Metz, au Metz Expo. Organisé par GL events Exhibitions, du 27 au 29 mars, 85 exposants issus de toutes les régions partagent leur savoir-faire, proposent des dégustations et présentent l’histoire de leurs domaines ou de leurs produits gastronomiques. Pendant 3 jours, le salon met à l’honneur la richesse des terroirs français à travers une sélection de producteurs, vignerons et artisans. Une expérience conviviale et gourmande, placée sous le signe de la découverte, de l’échange et de l’achat en direct, au cœur de Metz.","Sur place : 5€ (le verre de dégustation est offert avec l’entrée payante)
Gratuit pour les moins de 18 ans.",,,27 - 29 mars,2026-03-27 09:00:00+00:00,2026-03-29 17:00:00+00:00,"[{""begin"": ""2026-03-27T10:00:00+01:00"", ""end"": ""2026-03-27T21:00:00+01:00""}, {""begin"": ""2026-03-28T10:00:00+01:00"", ""end"": ""2026-03-28T20:00:00+01:00""}, {""begin"": ""2026-03-29T10:00:00+02:00"", ""end"": ""2026-03-29T19:00:00+02:00""}]",Metz Expo,Rue de la Grange aux bois 57070 Metz,57072,Metz,Moselle,Grand Est,,,,"{""id"": 1, ""label"": {""fr"": ""Sur place"", ""en"": ""In situ"", ""it"": ""In presenza"", ""es"": ""Desconnectad"", ""de"": ""Offline"", ""br"": ""War al lec\u2019h"", ""io"": ""crwdns14266:0crwdne14266:0"", ""oc"": ""Sus pla\u00e7a"", ""nl"": ""Ter plaatse""}}",,
76598095,https://openagenda.com/solutionscse/events/realite-virtuelle-vr-goalkeeper-challenge,Réalité Virtuelle 🥅 VR GOALKEEPER Challenge,Jeu en VR dans la peau d’un gardien de but de foot,"Le VR Goalkeeper Challenge est un jeu de sport immersif en réalité virtuelle qui plonge le joueur dans la peau d’un gardien de but de football. Équipé d’un casque VR, le participant doit arrêter un maximum de tirs venant de toutes les directions, dans une expérience ultra réaliste et intense. Rapidité, réflexes et concentration sont mis à l’épreuve à chaque instant.",,,,5 et 6 mars,2026-03-05 08:00:00+00:00,2026-03-06 16:00:00+00:00,"[{""begin"": ""2026-03-05T09:00:00+01:00"", ""end"": ""2026-03-05T17:00:00+01:00""}, {""begin"": ""2026-03-06T09:00:00+01:00"", ""end"": ""2026-03-06T17:00:00+01:00""}]",Metz - Centre de convention du technopôle,Rue de la grange aux Bois 57072 Metz,57072,Metz,Moselle,Grand Est,,,,"{""id"": 1, ""label"": {""fr"": ""Sur place"", ""en"": ""In situ"", ""it"": ""In presenza"", ""es"": ""Desconnectad"", ""de"": ""Offline"", ""br"": ""War al lec\u2019h"", ""io"": ""crwdns14266:0crwdne14266:0"", ""oc"": ""Sus pla\u00e7a"", ""nl"": ""Ter plaatse""}}",,
65435736,https://openagenda.com/semaine-industrie-2025/events/mrs-operateur-de-production-3458093,MRS OPERATEUR DE PRODUCTION,Vous souhaitez travailler dans le milieu industriel en tant qu'opérateur de production. Pas de prérequis. Présentation des postes et de la méthode de recrutement par simulation.,Vous souhaitez travailler dans le milieu industriel en tant qu'opérateur de production. Pas de prérequis. Présentation des postes et de la méthode de recrutement par simulation. Présentation de l'entreprise STELLANTIS avec L'agence intérim SYNERGIE et des postes d'opérateurs de Production ainsi que de la MRS ( Méthode de recrutement par Simulation) et convocation aux exercices.,,"['#TousMobilisés', '1 jeune  1 solution', ""La semaine de l'industrie"", 'Découverte secteur / métier', 'Marché du travail', 'Recrutement']",,"Mercredi 5 novembre 2025, 09h00",2025-11-05 08:00:00+00:00,2025-11-05 09:30:00+00:00,"[{""begin"": ""2025-11-05T09:00:00+01:00"", ""end"": ""2025-11-05T10:30:00+01:00""}]",Metz - Agence HAYANGE,57070 Metz,57070,Metz,Moselle,Grand Est,,,,"{""id"": 1, ""label"": {""fr"": ""Sur place"", ""en"": ""In situ"", ""it"": ""In presenza"", ""es"": ""Desconnectad"", ""de"": ""Offline"", ""br"": ""War al lec\u2019h"", ""io"": ""crwdns14266:0crwdne14266:0"", ""oc"": ""Sus pla\u00e7a""}}",,"[{""type"": ""link"", ""value"": ""https://mesevenementsemploi.francetravail.fr/mes-evenements-emploi/evenement/515933""}]"
9598521,https://openagenda.com/francetravail/events/black-and-white-9231444,BLACK AND WHITE,Venez découvrir le poste d'employé polyvalent de restauration (H/F) au sein de BLACK AND WHITE accessible en amont par une préparation opérationnelle individuelle à l'emploi.Après une présentation de,"Venez découvrir le poste d'employé polyvalent de restauration (H/F) au sein de BLACK AND WHITE accessible en amont par une préparation opérationnelle individuelle à l'emploi.Après une présentation de l'entreprise et du poste, un rappel de l'action de formation sera également présentée par l'organisme de formation SKOOLEO ACADEMIE.Pour plus d'informations consultez l'offre rattachée à l'évènement n195ZDFJ Presentation de l'entreprise et du poste d'employé (e) polyvalent(e) de restauration- Pré",,"['1 jeune  1 solution', 'Découverte secteur / métier', 'Recrutement', 'Insertion']",,"Lundi 25 août, 13h30",2025-08-25 11:30:00+00:00,2025-08-25 13:30:00+00:00,"[{""begin"": ""2025-08-25T13:30:00+02:00"", ""end"": ""2025-08-25T15:30:00+02:00""}]",Agence METZ GARE,57000 Metz,57000,Metz,Moselle,Grand Est,,,,"{""id"": 1, ""label"": {""fr"": ""Sur place"", ""en"": ""In situ"", ""it"": ""In presenza"", ""es"": ""Desconnectad"", ""de"": ""Offline"", ""br"": ""War al lec\u2019h"", ""io"": ""crwdns14266:0crwdne14266:0"", ""oc"": ""Sus pla\u00e7a""}}",,"[{""type"": ""link"", ""value"": ""https://mesevenementsemploi.francetravail.fr/mes-evenements-emploi/evenement/476222""}]"
64004478,https://openagenda.com/francetravail/events/cqp-de-negociateur-immobilier,CQP de négociateur immobilier,Vous êtes intéressé par le secteur immobilier? Ca tombe bien! Une formation pour obtenir le CQP négociateur immobilier est organisé du 17/11/25 au 12/02/26 à la CCI de Metz.,"Vous êtes intéressé par le secteur immobilier? Ca tombe bien! Une formation pour obtenir le CQP négociateur immobilier est organisé du 17/11/25 au 12/02/26 à la CCI de Metz. Au-delà du métier de négociateur immobilier, cette certification peut ouvrir vers d'autres fonctions comme la gestion locative ou la copropriété. Pour plus d'informations, inscrivez vous à la réunion d'information prévue dans les locaux de la CCI. Merci de venir avec un CV. Pré-requis nécessaires - Demandeurs d'emploi inscr",,"['Recrutement', 'Découverte formation', ""Aides à l'emploi""]",,"Mardi 28 octobre 2025, 08h00",2025-10-28 07:00:00+00:00,2025-10-28 10:00:00+00:00,"[{""begin"": ""2025-10-28T08:00:00+01:00"", ""end"": ""2025-10-28T11:00:00+01:00""}]",Agence METZ GARE,57070 Metz,57070,Metz,Moselle,Grand Est,,,,"{""id"": 1, ""label"": {""fr"": ""Sur place"", ""en"": ""In situ"", ""it"": ""In presenza"", ""es"": ""Desconnectad"", ""de"": ""Offline"", ""br"": ""War al lec\u2019h"", ""io"": ""crwdns14266:0crwdne14266:0"", ""oc"": ""Sus pla\u00e7a"", ""nl"": ""Ter plaatse""}}",,"[{""type"": ""link"", ""value"": ""https://mesevenementsemploi.francetravail.fr/mes-evenements-emploi/evenement/506767""}]"
95693498,https://openagenda.com/francetravail/events/recrutement-aide-menager-a-domicile-hf-assistant-de-vie-a-domicile-hf-avec-aidhom,Recrutement Aide ménager à domicile H/F - Assistant de vie à domicile H/F avec AIDHOM,Venez rencontrer et échanger avec AIDHOM qui recrute plusieurs postes d'aides ménager à domicile H/F et des assistants de vie H/F - Possibilité d'être formé(e) si pas d'expérience dans le domaine et d,Venez rencontrer et échanger avec AIDHOM qui recrute plusieurs postes d'aides ménager à domicile H/F et des assistants de vie H/F - Possibilité d'être formé(e) si pas d'expérience dans le domaine et de réaliser une immersion pour vérifier si ce métier vous convient. - Profils débutants acceptés pour les postes d'aides ménager à domicile H/F. * - Pour le métier d'assistant de vie à domicile H/F une expérience de deux ans est requise si vous n'avez pas le diplôme ou profil débutant accepté si titu,,"[""Les métiers de l'humain"", '1 jeune  1 solution', '#TousMobilisés', 'Marché du travail', ""S'informer"", 'Découverte secteur / métier', 'Recrutement']",,"Mercredi 29 octobre 2025, 08h00",2025-10-29 07:00:00+00:00,2025-10-29 10:00:00+00:00,"[{""begin"": ""2025-10-29T08:00:00+01:00"", ""end"": ""2025-10-29T11:00:00+01:00""}]",Agence METZ SEBASTOPOL,57070 Metz,57070,Metz,Moselle,Grand Est,,,,"{""id"": 1, ""label"": {""fr"": ""Sur place"", ""en"": ""In situ"", ""it"": ""In presenza"", ""es"": ""Desconnectad"", ""de"": ""Offline"", ""br"": ""War al lec\u2019h"", ""io"": ""crwdns14266:0crwdne14266:0"", ""oc"": ""Sus pla\u00e7a"", ""nl"": ""Ter plaatse""}}",,"[{""type"": ""link"", ""value"": ""https://mesevenementsemploi.francetravail.fr/mes-evenements-emploi/evenement/500235""}]"
90506785,https://openagenda.com/francetravail/events/tessi-recrute-ses-futures-teleconseilleres-sans-cv-2707359,TESSI recrute ses futur(e)s Téléconseiller(e)s SANS CV,"Vous découvrirez le métier de Chargé de Clientèle à distance (appels entrants) chez Tessi implanté sur le technopôle de Metz (aucune prospection commerciale) Après une présentation du poste, vous pour","Vous découvrirez le métier de Chargé de Clientèle à distance (appels entrants) chez Tessi implanté sur le technopôle de Metz (aucune prospection commerciale) Après une présentation du poste, vous pourrez vous inscrire aux sessions de recrutement via la Méthode de Recrutement par Simulation MRS qui vous sera également présentée. Des postes de téléconseillers seront proposés en CDD de 6 mois. Télétravail possible après formation et sous condition de maîtrise du poste.",,"['1 jeune  1 solution', '#TousMobilisés', 'Découverte secteur / métier', 'Recrutement sans CV', ""S'informer"", 'Recrutement', 'Se préparer']",,"Lundi 24 novembre 2025, 09h00",2025-11-24 08:00:00+00:00,2025-11-24 10:30:00+00:00,"[{""begin"": ""2025-11-24T09:00:00+01:00"", ""end"": ""2025-11-24T11:30:00+01:00""}]",Agence METZ SEBASTOPOL,57070 Metz,57070,Metz,Moselle,Grand Est,,,,"{""id"": 1, ""label"": {""fr"": ""Sur place"", ""en"": ""In situ"", ""it"": ""In presenza"", ""es"": ""Desconnectad"", ""de"": ""Offline"", ""br"": ""War al lec\u2019h"", ""io"": ""crwdns14266:0crwdne14266:0"", ""oc"": ""Sus pla\u00e7a"", ""nl"": ""Ter plaatse""}}",,"[{""type"": ""link"", ""value"": ""https://mesevenementsemploi.francetravail.fr/mes-evenements-emploi/evenement/477660""}]"
41852825,https://openagenda.com/francetravail/events/rejoindre-le-groupe-edf-au-sein-de-lunite-logistique-et-maintenance-ulm-pourquoi-pas-vous,REJOINDRE le Groupe EDF au sein de l'Unité Logistique et Maintenance (ULM) Pourquoi pas Vous,L'Unité Logistique et Maintenance (ULM) spécialisée dans la maintenance et la logistique des centrales nucléaires et thermiques.,"L'Unité Logistique et Maintenance (ULM) spécialisée dans la maintenance et la logistique des centrales nucléaires et thermiques. fait partie des sept agences de l'ULM réparties sur le territoire national qui intervient sur différents sites de production pour réaliser des interventions de maintenances. Rencontrer l'entreprise l'Unité Logistique et Maintenance (ULM), du groupe EDF, et, découvrir (recrutement) les postes à pouvoir notamment dans la Maintenance de Machines Tournantes ou de la Robine",,"[""La semaine de l'industrie"", '1 jeune  1 solution', 'Recrutement', 'Découverte secteur / métier']",,"Mardi 2 décembre 2025, 08h45",2025-12-02 07:45:00+00:00,2025-12-02 11:00:00+00:00,"[{""begin"": ""2025-12-02T08:45:00+01:00"", ""end"": ""2025-12-02T12:00:00+01:00""}]",Agence METZ BLIDA,57000 Metz,57014,Metz,Moselle,Grand Est,,,,"{""id"": 1, ""label"": {""fr"": ""Sur place"", ""en"": ""In situ"", ""it"": ""In presenza"", ""es"": ""Desconnectad"", ""de"": ""Offline"", ""br"": ""War al lec\u2019h"", ""io"": ""crwdns14266:0crwdne14266:0"", ""oc"": ""Sus pla\u00e7a"", ""nl"": ""Ter plaatse""}}",,"[{""type"": ""link"", ""value"": ""https://mesevenementsemploi.francetravail.fr/mes-evenements-emploi/evenement/520824""}]"
46492013,https://openagenda.com/francetravail/events/alliance-emploi-recrute-des-caristes-hf-pour-ikea,Alliance Emploi recrute des caristes H/F pour IKEA,"Le groupement d'employeurs - Alliance Emploi recrute pour l'un de ses adhérents spécialisé dans l'aménagement intérieur et la vente de mobilier, des Caristes H/F motivé(e)s pour rejoindre IKEA, leader","Le groupement d'employeurs - Alliance Emploi recrute pour l'un de ses adhérents spécialisé dans l'aménagement intérieur et la vente de mobilier, des Caristes H/F motivé(e)s pour rejoindre IKEA, leader dans le secteur de l'aménagement. - CACES 3 et ou 5 requis en cours de validité - Une expérience de 6 mois en continu sur un poste similaire - CDD de 3 mois renouvelable - Horaires : Matin : 6h00 - 13h20 (avec 20 minutes de pause) Après-midi : 13h30 - 21h05 (avec 20 minutes de pause) Au programme",,"['1 jeune  1 solution', '#TousMobilisés', 'Recrutement']",,"Mercredi 10 décembre 2025, 09h00",2025-12-10 08:00:00+00:00,2025-12-10 11:00:00+00:00,"[{""begin"": ""2025-12-10T09:00:00+01:00"", ""end"": ""2025-12-10T12:00:00+01:00""}]",Agence METZ SEBASTOPOL,57070 Metz,57070,Metz,Moselle,Grand Est,,,,"{""id"": 1, ""label"": {""fr"": ""Sur place"", ""en"": ""In situ"", ""it"": ""In presenza"", ""es"": ""Desconnectad"", ""de"": ""Offline"", ""br"": ""War al lec\u2019h"", ""io"": ""crwdns14266:0crwdne14266:0"", ""oc"": ""Sus pla\u00e7a"", ""nl"": ""Ter plaatse""}}",,"[{""type"": ""link"", ""value"": ""https://mesevenementsemploi.francetravail.fr/mes-evenements-emploi/evenement/537876""}]"
91901682,https://openagenda.com/francetravail/events/recrutement-chargee-de-clientele-shiva,Recrutement Chargé(e) de clientèle - SHIVA,Présentation de l'enseigne SHIVA ainsi que du poste à pourvoir de chargé(e) de clientèle/assistant(e) commercial(e).,Présentation de l'enseigne SHIVA ainsi que du poste à pourvoir de chargé(e) de clientèle/assistant(e) commercial(e). Présentation de l'enseigne et du poste 2) Entretien individuel possible avec l'employeur pour les personnes intéressées,,"['Job dating', '1 jeune  1 solution', 'Recrutement', 'Tout public', 'CDI', 'Rencontre recruteur', 'en physique']",,"Lundi 15 septembre 2025, 14h00",2025-09-15 12:00:00+00:00,2025-09-15 14:00:00+00:00,"[{""begin"": ""2025-09-15T14:00:00+02:00"", ""end"": ""2025-09-15T16:00:00+02:00""}]",Agence METZ GARE,57000 Metz,57000,Metz,Moselle,Grand Est,,,,"{""id"": 1, ""label"": {""fr"": ""Sur place"", ""en"": ""In situ"", ""it"": ""In presenza"", ""es"": ""Desconnectad"", ""de"": ""Offline"", ""br"": ""War al lec\u2019h"", ""io"": ""crwdns14266:0crwdne14266:0"", ""oc"": ""Sus pla\u00e7a"", ""nl"": ""Ter plaatse""}}",,"[{""type"": ""link"", ""value"": ""https://mesevenementsemploi.francetravail.fr/mes-evenements-emploi/evenement/490635""}]"
33486767,https://openagenda.com/francetravail/events/domitys-recrute-autrement-casting-des-talents,Domitys recrute autrement : Casting des Talents,DOMITYS THIONVILLE recrute : Assistant de vie qualifié et agent de ménage/restauration (H/F) Et si votre prochain emploi commençait autrement qu'avec un simple CV ?,"DOMITYS THIONVILLE recrute : Assistant de vie qualifié et agent de ménage/restauration (H/F) Et si votre prochain emploi commençait autrement qu'avec un simple CV ? DOMITYS vous invite à vivre une expérience de recrutement innovante et immersive lors d'une matinée exceptionnelle à Metz : le Casting des Talents. Ici, pas de recrutement classique. Cette matinée a été pensée pour révéler votre personnalité, votre potentiel et votre façon de collaborer avec les autres. À travers des ateliers, des éc",,"['Métiers du Prendre soin', '#TousMobilisés', 'Recrutement sans CV', 'Recrutement', 'Découverte secteur / métier']",,"Jeudi 4 juin, 09h00",2026-06-04 07:00:00+00:00,2026-06-04 10:30:00+00:00,"[{""begin"": ""2026-06-04T09:00:00+02:00"", ""end"": ""2026-06-04T12:30:00+02:00""}]",Metz - Agence THIONVILLE MANOM,57000 Metz,57000,Metz,Moselle,Grand Est,,,,"{""id"": 1, ""label"": {""fr"": ""Sur place"", ""en"": ""In situ"", ""it"": ""In presenza"", ""es"": ""Desconnectad"", ""de"": ""Offline"", ""br"": ""War al lec\u2019h"", ""io"": ""crwdns14266:0crwdne14266:0"", ""oc"": ""Sus pla\u00e7a"", ""nl"": ""Ter plaatse""}}",,"[{""type"": ""link"", ""value"": ""https://mesevenementsemploi.francetravail.fr/mes-evenements-emploi/evenement/675716""}]"
81922151,https://openagenda.com/francetravail/events/employe-logistique-tu-es-rigoureuxse-polyvalente-et-tu-aimes-le-contact-client-ce-job-est-fait-pour-toi,"Employé logistique : Tu es rigoureux(se), polyvalent(e) et tu aimes le contact client ? Ce job est fait pour toi !",Participez à notre réunion d'information collective dédiée au recrutement d'un(e) Employé / Employée logistique avec un intérêt pour la vente pour notre succursale à Ste Marie Aux Chênes.,"Participez à notre réunion d'information collective dédiée au recrutement d'un(e) Employé / Employée logistique avec un intérêt pour la vente pour notre succursale à Ste Marie Aux Chênes. Cet événement est ouvert à tous les publics et vise à vous présenter les opportunités de carrière au sein de notre entreprise de distribution d'équipements industriels. Rencontrez nos responsables des ventes et découvrez les missions passionnantes qui vous attendent : gestion de portefeuille client, développeme",,"['#TousMobilisés', 'Recrutement']",,"Mardi 9 juin, 09h00",2026-06-09 07:00:00+00:00,2026-06-09 08:30:00+00:00,"[{""begin"": ""2026-06-09T09:00:00+02:00"", ""end"": ""2026-06-09T10:30:00+02:00""}]",Agence METZ BLIDA,57000 Metz,57014,Metz,Moselle,Grand Est,,,,"{""id"": 1, ""label"": {""fr"": ""Sur place"", ""en"": ""In situ"", ""it"": ""In presenza"", ""es"": ""Desconnectad"", ""de"": ""Offline"", ""br"": ""War al lec\u2019h"", ""io"": ""crwdns14266:0crwdne14266:0"", ""oc"": ""Sus pla\u00e7a"", ""nl"": ""Ter plaatse""}}",,"[{""type"": ""link"", ""value"": ""https://mesevenementsemploi.francetravail.fr/mes-evenements-emploi/evenement/679415""}]"
71762071,https://openagenda.com/francetravail/events/presentation-de-laccompagnement-vers-lemploi-et-lalternance-propose-par-nqt-1380120,"Présentation de l'accompagnement ""Vers l'emploi et l'alternance"" proposé par NQT","Vous êtes diplômé d'un Bac 3 minimum, vous avez moins de 30 ans, vous recherchez un emploi ou une alternance ? Inscrivez-vous à la réunion de présentation de l'accompagnement NQT.","Vous êtes diplômé d'un Bac 3 minimum, vous avez moins de 30 ans, vous recherchez un emploi ou une alternance ? Inscrivez-vous à la réunion de présentation de l'accompagnement NQT. Quel que soit votre parcours et votre projet, l'accompagnement NQT, c'est un accompagnement gratuit, basé sur le mentorat, avec l'appui d'un réseau de plus de 1000 entreprises et des ateliers participatifs. Réunion d'information d'une heure",,"[""Aides à l'emploi"", 'Coaching', 'Marché du travail']",,"Vendredi 29 mai, 10h30",2026-05-29 08:30:00+00:00,2026-05-29 09:30:00+00:00,"[{""begin"": ""2026-05-29T10:30:00+02:00"", ""end"": ""2026-05-29T11:30:00+02:00""}]",Agence METZ GARE,57000 Metz,57000,Metz,Moselle,Grand Est,,,,"{""id"": 1, ""label"": {""fr"": ""Sur place"", ""en"": ""In situ"", ""it"": ""In presenza"", ""es"": ""Desconnectad"", ""de"": ""Offline"", ""br"": ""War al lec\u2019h"", ""io"": ""crwdns14266:0crwdne14266:0"", ""oc"": ""Sus pla\u00e7a"", ""nl"": ""Ter plaatse""}}",,"[{""type"": ""link"", ""value"": ""https://mesevenementsemploi.francetravail.fr/mes-evenements-emploi/evenement/656448""}]"
98173819,https://openagenda.com/francetravail/events/decouvrez-les-metiers-de-mecanicien-automobile-carrossier-vendeur-automobile-conseiller-clientele-et-technicien-diagnostic-avec-car-avenu,"Découvrez les métiers de mécanicien automobile, carrossier, vendeur automobile, conseiller clientèle et technicien diagnostic avec Car Avenu","Rejoignez-nous pour une expérience unique de découverte des métiers de mécanicien automobile, carrossier, vendeur automobile, conseiller clientèle et technicien diagnostic.","Rejoignez-nous pour une expérience unique de découverte des métiers de mécanicien automobile, carrossier, vendeur automobile, conseiller clientèle et technicien diagnostic. Organisé par l'E2C en partenariat avec le club des entreprises des Rives de Moselle et Car Avenue, cet événement vous offrira l'opportunité de rencontrer des professionnels et d'explorer des carrières passionnantes. Ne manquez pas cette occasion unique de booster votre carrière et de rencontrer des experts du secteur. Inscriv",,"['Découverte secteur / métier', ""S'informer""]",,"Mercredi 3 juin, 14h00",2026-06-03 12:00:00+00:00,2026-06-03 14:00:00+00:00,"[{""begin"": ""2026-06-03T14:00:00+02:00"", ""end"": ""2026-06-03T16:00:00+02:00""}]",Agence METZ BLIDA,57070 Metz,57070,Metz,Moselle,Grand Est,,,,"{""id"": 1, ""label"": {""fr"": ""Sur place"", ""en"": ""In situ"", ""it"": ""In presenza"", ""es"": ""Desconnectad"", ""de"": ""Offline"", ""br"": ""War al lec\u2019h"", ""io"": ""crwdns14266:0crwdne14266:0"", ""oc"": ""Sus pla\u00e7a"", ""nl"": ""Ter plaatse""}}",,"[{""type"": ""link"", ""value"": ""https://mesevenementsemploi.francetravail.fr/mes-evenements-emploi/evenement/671211""}]"
46304417,https://openagenda.com/francetravail/events/votre-prochaine-opportunite-commence-ici-rejoignez-une-histoire-de-services-des-postes-demployees-de-menage-a-pourvoir-ainsi-que-la-6487553,Votre prochaine opportunité commence ici : Rejoignez Une Histoire De Services ! ! Des postes d'employé(e)s de ménage à pourvoir ainsi que la,Venez rencontrer la société Une Histoire De Services qui recrute sur les postes suivants : - employé(e) de ménage au domicile de particuliers - laveur(se) de vitres Plusieurs opportunités d'emploi acc,"Venez rencontrer la société Une Histoire De Services qui recrute sur les postes suivants : - employé(e) de ménage au domicile de particuliers - laveur(se) de vitres Plusieurs opportunités d'emploi accessibles aux débutants. Contrats CDD, CDI, temps partiel à vous de choisir ! Attention le permis est obligatoire pour ces postes. Vous ne travaillez pas le week-end. Vous interviendrez sur les secteurs de Metz et alentours Présentation de la société, de son activité et des postes à pourvoir. - La",,"['Métiers du Prendre soin', '#TousMobilisés', 'Recrutement', 'Découverte secteur / métier']",,"Lundi 11 mai, 14h00",2026-05-11 12:00:00+00:00,2026-05-11 13:30:00+00:00,"[{""begin"": ""2026-05-11T14:00:00+02:00"", ""end"": ""2026-05-11T15:30:00+02:00""}]",Metz - Agence HAGONDANGE,57000 Metz,57000,Metz,Moselle,Grand Est,,,,"{""id"": 1, ""label"": {""fr"": ""Sur place"", ""en"": ""In situ"", ""it"": ""In presenza"", ""es"": ""Desconnectad"", ""de"": ""Offline"", ""br"": ""War al lec\u2019h"", ""io"": ""crwdns14266:0crwdne14266:0"", ""oc"": ""Sus pla\u00e7a"", ""nl"": ""Ter plaatse""}}",,"[{""type"": ""link"", ""value"": ""https://mesevenementsemploi.francetravail.fr/mes-evenements-emploi/evenement/646396""}]"
40686003,https://openagenda.com/francetravail/events/devenez-assistante-de-vie-aux-familles-en-alternance-3171167,Devenez Assistant(e) de Vie aux Familles en alternance,"Vous cherchez un métier utile, humain, valorisant et qui permet une évolution professionnelle ? Rejoignez notre formation en alternance au titre professionnel d’Assistant(e) de Vie aux Familles !DEMAR","Vous cherchez un métier utile, humain, valorisant et qui permet une évolution professionnelle ? Rejoignez notre formation en alternance au titre professionnel d’Assistant(e) de Vie aux Familles !DEMARRAGE DE LA FORMATION LE 03 NOVEMBRE 2025 Un parcours complet, accompagné et rémunéré :- Un contrat de professionnalisation ou d’apprentissage avec une rémunération pendant toute la durée de la formation (8 mois).- Une formation de qualité dispensée par l’organisme de formation IHC en partenariat ave",,"['1 jeune  1 solution', '#TousMobilisés', 'Insertion', 'Se préparer', 'Marché du travail', ""S'informer"", 'Recrutement', 'Découverte secteur / métier', ""Aides à l'emploi""]",,"Mardi 16 septembre 2025, 09h30",2025-09-16 07:30:00+00:00,2025-09-16 09:00:00+00:00,"[{""begin"": ""2025-09-16T09:30:00+02:00"", ""end"": ""2025-09-16T11:00:00+02:00""}]",Agence METZ SEBASTOPOL,57070 Metz,57070,Metz,Moselle,Grand Est,,,,"{""id"": 1, ""label"": {""fr"": ""Sur place"", ""en"": ""In situ"", ""it"": ""In presenza"", ""es"": ""Desconnectad"", ""de"": ""Offline"", ""br"": ""War al lec\u2019h"", ""io"": ""crwdns14266:0crwdne14266:0"", ""oc"": ""Sus pla\u00e7a"", ""nl"": ""Ter plaatse""}}",,"[{""type"": ""link"", ""value"": ""https://mesevenementsemploi.francetravail.fr/mes-evenements-emploi/evenement/480995""}]"
32116906,https://openagenda.com/culture/events/visite-guidee-casemate-a-du-fort-de-metz-queuleu,Participez à la visite guidée de la Casemate A du Fort,"Partez pour une visite guidée de la casemate A, d’une durée d’environ 1h30, et plongez dans l’histoire du Sonderlager, camp d’internement de la Gestapo, installé au fort de Queuleu durant la seconde…","Partez pour une visite guidée de la casemate A, d’une durée d’environ 1h30, et plongez dans l’histoire du Sonderlager, camp d’internement de la Gestapo, installé au fort de Queuleu durant la seconde annexion de la Moselle. À travers une exposition de documents d’archives et de photographies poignantes de prisonniers, cette visite offre un témoignage fort sur les réalités de la répression nazie et rend hommage aux victimes de cette période sombre.",,,,20 et 21 septembre 2025,2025-09-20 11:00:00+00:00,2025-09-21 15:00:00+00:00,"[{""begin"": ""2025-09-20T13:00:00+02:00"", ""end"": ""2025-09-20T19:00:00+02:00""}, {""begin"": ""2025-09-21T09:00:00+02:00"", ""end"": ""2025-09-21T17:00:00+02:00""}]",Fort de Metz-Queuleu,"Allée Jean Burger, 57070 Metz",57070,Metz,Moselle,Grand Est,,,,"{""id"": 1, ""label"": {""fr"": ""Sur place"", ""en"": ""In situ"", ""it"": ""In presenza"", ""es"": ""Desconnectad"", ""de"": ""Offline"", ""br"": ""War al lec\u2019h"", ""io"": ""crwdns14266:0crwdne14266:0"", ""oc"": ""Sus pla\u00e7a""}}",,
17599683,https://openagenda.com/culture/events/escape-game-de-decouverte-patrimoniale,Escape game de découverte patrimoniale,Escape game de découverte du Lycée Georges-de-La-Tour pour les enfants et adultes.,Escape game de découverte du Lycée Georges-de-La-Tour pour les enfants et adultes.,Ouverture des réservations le 10 septembre 2025. 2 ateliers de 45 min. : à 14h et à 15h.,,,"Dimanche 21 septembre 2025, 14h00",2025-09-21 12:00:00+00:00,2025-09-21 14:30:00+00:00,"[{""begin"": ""2025-09-21T14:00:00+02:00"", ""end"": ""2025-09-21T16:30:00+02:00""}]",Lycée Georges-de-La-Tour,"1 place de Maud’Huy, 57000 Metz",57000,Metz,Moselle,Grand Est,['handicap moteur'],,,"{""id"": 1, ""label"": {""fr"": ""Sur place"", ""en"": ""In situ"", ""it"": ""In presenza"", ""es"": ""Desconnectad"", ""de"": ""Offline"", ""br"": ""War al lec\u2019h"", ""io"": ""crwdns14266:0crwdne14266:0"", ""oc"": ""Sus pla\u00e7a""}}",,"[{""type"": ""email"", ""value"": ""ce.0572757@ac-nancy-metz.fr""}]"
39461941,https://openagenda.com/culture/events/visite-libre-saint-pierre-aux-nonnains,Visitez une église aux voûtes gothiques,Découvrez cet édifice qui impressionne par ses proportions et son histoire : Saint-Pierre-aux-Nonnains a été témoin de toutes les transformations qu’a connues le nord de la Lorraine à travers les du…,"Découvrez cet édifice qui impressionne par ses proportions et son histoire : Saint-Pierre-aux-Nonnains a été témoin de toutes les transformations qu’a connues le nord de la Lorraine à travers les siècles, du Bas-Empire romain à la République messine, du XIIIᵉ au XVIᵉ siècle, des ravages d’Attila aux bombes des deux guerres mondiales. Saint-Pierre-aux-Nonnains a survécu à tous les bouleversements. Aujourd’hui, il conserve une trace de chaque époque de l’histoire du lieu : murs romains, arcatures romanes et voûtes gothiques composent ainsi un panorama exceptionnel de l’architecture occidentale.",,,,"Samedi 20 septembre 2025, 10h00",2025-09-20 08:00:00+00:00,2025-09-20 16:00:00+00:00,"[{""begin"": ""2025-09-20T10:00:00+02:00"", ""end"": ""2025-09-20T18:00:00+02:00""}]",Église Saint-Pierre-aux-Nonnains,1 rue de la Citadelle 57000 Metz,57000,Metz,Moselle,Grand Est,['handicap moteur'],,,"{""id"": 1, ""label"": {""fr"": ""Sur place"", ""en"": ""In situ"", ""it"": ""In presenza"", ""es"": ""Desconnectad"", ""de"": ""Offline"", ""br"": ""War al lec\u2019h"", ""io"": ""crwdns14266:0crwdne14266:0"", ""oc"": ""Sus pla\u00e7a""}}",,
77890726,https://openagenda.com/culture/events/20-septembre-2025-visite-guidee-historique,Visite historique d'un palais de justice,"Le Palais de justice est un bâtiment public qui abrite le tribunal judiciaire et la cour d’appel de Metz. Lieu emblématique chargé d’histoire, il est situé au cœur de la ville de Metz.","Le Palais de justice est un bâtiment public qui abrite le tribunal judiciaire et la cour d’appel de Metz. Lieu emblématique chargé d’histoire, il est situé au cœur de la ville de Metz. À cette occasion, nous vous invitons à découvrir ce monument majestueux, qui témoigne de l’évolution de la justice à travers les siècles, grâce à une visite guidée historique faites par un magistrat honoraire. Plusieurs animations vous seront proposées : - Des visites guidées assurées par des personnels de la Justice : ici - Une présentation des assises et des audiences correctionnelles : ici - Une exposition photo : « Les visages du crime » : ici - Un concert symphonique : ici",Limitation 30 personnes.,,,"Samedi 20 septembre 2025, 14h00",2025-09-20 12:00:00+00:00,2025-09-20 15:00:00+00:00,"[{""begin"": ""2025-09-20T14:00:00+02:00"", ""end"": ""2025-09-20T17:00:00+02:00""}]",Palais de Justice,"3 rue haute Pierre, 57000 Metz",57045,Metz,Moselle,Grand Est,,,,"{""id"": 1, ""label"": {""fr"": ""Sur place"", ""en"": ""In situ"", ""it"": ""In presenza"", ""es"": ""Desconnectad"", ""de"": ""Offline"", ""br"": ""War al lec\u2019h"", ""io"": ""crwdns14266:0crwdne14266:0"", ""oc"": ""Sus pla\u00e7a""}}",,"[{""type"": ""link"", ""value"": ""https://my.weezevent.com/jep-palais-de-justice-de-metz-20-septembre-2025-visite-guidee-historique""}]"
11746588,https://openagenda.com/culture/events/visite-libre-eglise-lutherienne-de-metz,Faites la découverte d'une église luthérienne,Faites la découverte de la religion luthérienne à travers la visite libre de l'église luthérienne de la confession d'Augsbourg.,Faites la découverte de la religion luthérienne à travers la visite libre de l'église luthérienne de la confession d'Augsbourg.,,,,"Dimanche 21 septembre 2025, 14h00",2025-09-21 12:00:00+00:00,2025-09-21 16:00:00+00:00,"[{""begin"": ""2025-09-21T14:00:00+02:00"", ""end"": ""2025-09-21T18:00:00+02:00""}]",Église luthérienne de la confession d'Augsbourg,"41 rue Mazelle, 57000 Metz",57000,Metz,Moselle,Grand Est,"['handicap moteur', 'handicap auditif']",,,"{""id"": 1, ""label"": {""fr"": ""Sur place"", ""en"": ""In situ"", ""it"": ""In presenza"", ""es"": ""Desconnectad"", ""de"": ""Offline"", ""br"": ""War al lec\u2019h"", ""io"": ""crwdns14266:0crwdne14266:0"", ""oc"": ""Sus pla\u00e7a""}}",,
49493056,https://openagenda.com/francetravail/events/venez-decouvrir-les-metiers-de-laide-a-la-personne-2257073,Venez découvrir les métiers de l'aide à la personne !,Vous êtes intéressé par les métiers de l'aide à la personne ? Rejoignez-nous pour un moment d'échange enrichissant en compagnie de la société ONELA !,"Vous êtes intéressé par les métiers de l'aide à la personne ? Rejoignez-nous pour un moment d'échange enrichissant en compagnie de la société ONELA ! Nous vous inviterons à découvrir les métiers d'auxiliaire de vie et d'aide ménager(ère), à travers des discussions interactives sur les réalités et les perceptions de ces professions. Vous apprendrez quels sont les prérequis nécessaires pour exercer et nous vous présenterons les opportunités de postes disponibles. Ne manquez pas cette occasion de v",,"['1 jeune  1 solution', ""Les métiers de l'humain"", '#TousMobilisés', 'Marché du travail', 'Recrutement', ""S'informer"", 'Découverte secteur / métier']",,"Jeudi 2 octobre 2025, 09h00",2025-10-02 07:00:00+00:00,2025-10-02 09:00:00+00:00,"[{""begin"": ""2025-10-02T09:00:00+02:00"", ""end"": ""2025-10-02T11:00:00+02:00""}]",Agence METZ GARE,57000 Metz,57000,Metz,Moselle,Grand Est,,,,"{""id"": 1, ""label"": {""fr"": ""Sur place"", ""en"": ""In situ"", ""it"": ""In presenza"", ""es"": ""Desconnectad"", ""de"": ""Offline"", ""br"": ""War al lec\u2019h"", ""io"": ""crwdns14266:0crwdne14266:0"", ""oc"": ""Sus pla\u00e7a"", ""nl"": ""Ter plaatse""}}",,"[{""type"": ""link"", ""value"": ""https://mesevenementsemploi.francetravail.fr/mes-evenements-emploi/evenement/471575""}]"
2563610,https://openagenda.com/francetravail/events/devenez-preparateur-de-commandes-1665998,Devenez préparateur de commandes,Vous recherchez un métier dynamique ? Devenez préparateur de commandes. Vos missions : Préparer et conditionner les commandes de produits frais avec soin et précision.,"Vous recherchez un métier dynamique ? Devenez préparateur de commandes. Vos missions : Préparer et conditionner les commandes de produits frais avec soin et précision. Utiliser des chariots et transpalettes. Travailler dans un environnement réfrigéré (environ 4 C). Collaborer avec une équipe soudée et motivée. Pas d'expérience ou de diplôme exigé : nous recrutons sur la motivation et l'envie d'apprendre ! Recrutement innovant : grâce à la Méthode de Recrutement par Simulation (MRS), découvrez le",,"['Méthode de Recrutement par Simulation', 'Découverte secteur / métier']",,"Jeudi 30 juillet, 09h00",2026-07-30 07:00:00+00:00,2026-07-30 08:30:00+00:00,"[{""begin"": ""2026-07-30T09:00:00+02:00"", ""end"": ""2026-07-30T10:30:00+02:00""}]",Agence METZ BLIDA,57070 Metz,57070,Metz,Moselle,Grand Est,,,,"{""id"": 1, ""label"": {""fr"": ""Sur place"", ""en"": ""In situ"", ""it"": ""In presenza"", ""es"": ""Desconnectad"", ""de"": ""Offline"", ""br"": ""War al lec\u2019h"", ""io"": ""crwdns14266:0crwdne14266:0"", ""oc"": ""Sus pla\u00e7a"", ""nl"": ""Ter plaatse""}}",,"[{""type"": ""link"", ""value"": ""https://mesevenementsemploi.francetravail.fr/mes-evenements-emploi/evenement/703720""}]"
47920316,https://openagenda.com/francetravail/events/metro-recrute-un-poste-dynamique-entre-vente-logistique-et-satisfaction-client,"METRO Recrute : Un Poste Dynamique entre Vente, Logistique et Satisfaction Client !","En tant qu'équipier commercial, votre rôle principal est d'accueillir les clients, d'identifier leurs besoins et de leur apporter des solutions adaptées.","En tant qu'équipier commercial, votre rôle principal est d'accueillir les clients, d'identifier leurs besoins et de leur apporter des solutions adaptées. Vous contribuez à la satisfaction des clients et à l'augmentation du chiffre d'affaires de l'entrepôt. Vous êtes également responsable de l'approvisionnement et de la mise en rayon des produits, en respectant les règles de merchandising et de balisage des prix. Vous participez aux opérations d'encaissement et à la préparation des commandes pour",,['Recrutement'],,"Mardi 7 juillet, 08h00",2026-07-07 06:00:00+00:00,2026-07-07 08:00:00+00:00,"[{""begin"": ""2026-07-07T08:00:00+02:00"", ""end"": ""2026-07-07T10:00:00+02:00""}]",Agence METZ BLIDA,57050 Metz,57004,Metz,Moselle,Grand Est,,,,"{""id"": 1, ""label"": {""fr"": ""Sur place"", ""en"": ""In situ"", ""it"": ""In presenza"", ""es"": ""Desconnectad"", ""de"": ""Offline"", ""br"": ""War al lec\u2019h"", ""io"": ""crwdns14266:0crwdne14266:0"", ""oc"": ""Sus pla\u00e7a"", ""nl"": ""Ter plaatse""}}",,"[{""type"": ""link"", ""value"": ""https://mesevenementsemploi.francetravail.fr/mes-evenements-emploi/evenement/699065""}]"
50859103,https://openagenda.com/semaine-des-metiers-du-tourisme-2026/events/semaine-des-metiers-du-tourisme-2026-8859270,Semaine des Métiers du Tourisme 2026,"Rencontres à l'agence Inspire Metz avec des professionnels du tourisme, de l'hôtellerie et de la restauration","L'agence Inspire Metz et l'UMIH 57 proposent aux classes de 4ème et 3ème de venir les rencontrer à l'agence Inspire Metz, place d'Armes J.F Blondel, pour échanger et découvrir les métiers et les formations attendues pour travailler dans ces domaines.",,"['tourisme', 'hôtel', 'restaurant', 'UMIH', 'office de tourisme', 'attractivité']",,"Mardi 3 février, 10h00",2026-02-03 09:00:00+00:00,2026-02-03 11:00:00+00:00,"[{""begin"": ""2026-02-03T10:00:00+01:00"", ""end"": ""2026-02-03T12:00:00+01:00""}]",Agence Inspire Metz,"2, place d'Armes",57014,Metz,Moselle,Grand Est,"['handicap visuel', 'handicap auditif', 'handicap moteur']",,,"{""id"": 1, ""label"": {""fr"": ""Sur place"", ""en"": ""In situ"", ""it"": ""In presenza"", ""es"": ""Desconnectad"", ""de"": ""Offline"", ""br"": ""War al lec\u2019h"", ""io"": ""crwdns14266:0crwdne14266:0"", ""oc"": ""Sus pla\u00e7a"", ""nl"": ""Ter plaatse""}}",,"[{""type"": ""email"", ""value"": ""sdiaz@inspire-metz.com""}]"
80699435,https://openagenda.com/francetravail/events/feuillette-sinstalle-a-metzanine-des-offres-qui-ont-du-croustillant-4811609,FEUILLETTE S'INSTALLE A METZANINE : Des offres qui ont du croustillant !,"Feuillette s'installe à Metz Mezzanine et recrute ses talents ! Découvrez l'univers gourmand et chaleureux de Feuillette, une enseigne réputée qui ouvre prochainement ses portes à Metz Mezzanine.","Feuillette s'installe à Metz Mezzanine et recrute ses talents ! Découvrez l'univers gourmand et chaleureux de Feuillette, une enseigne réputée qui ouvre prochainement ses portes à Metz Mezzanine. Nous recherchons des collaborateurs passionnés pour rejoindre notre aventure. Pourquoi rejoindre Feuillette ? Chez Feuillette, vous intégrerez une entreprise familiale, chaleureuse et ambitieuse, guidée par des valeurs fortes : passion, excellence et entraide. Avec plus de 10 ans d'expérience et un rése",,"['#TousMobilisés', 'Recrutement']",,"Lundi 8 juin, 10h30",2026-06-08 08:30:00+00:00,2026-06-08 10:00:00+00:00,"[{""begin"": ""2026-06-08T10:30:00+02:00"", ""end"": ""2026-06-08T12:00:00+02:00""}]",Agence METZ SEBASTOPOL,57070 Metz,57070,Metz,Moselle,Grand Est,,,,"{""id"": 1, ""label"": {""fr"": ""Sur place"", ""en"": ""In situ"", ""it"": ""In presenza"", ""es"": ""Desconnectad"", ""de"": ""Offline"", ""br"": ""War al lec\u2019h"", ""io"": ""crwdns14266:0crwdne14266:0"", ""oc"": ""Sus pla\u00e7a"", ""nl"": ""Ter plaatse""}}",,"[{""type"": ""link"", ""value"": ""https://mesevenementsemploi.francetravail.fr/mes-evenements-emploi/evenement/672760""}]"
76550309,https://openagenda.com/francetravail/events/forum-emploi-eurometropole-ville-de-metz-ccas-3542804,Forum emploi Eurométropole - Ville de Metz - CCAS,"L'Eurométropole de Metz, la Ville de Metz et le Centre Communal d'Action Sociale (CCAS), en partenariat avec France Travail, vous invitent à participer à un Forum Emploi le mardi 23 juin 2026, de 9h00","L'Eurométropole de Metz, la Ville de Metz et le Centre Communal d'Action Sociale (CCAS), en partenariat avec France Travail, vous invitent à participer à un Forum Emploi le mardi 23 juin 2026, de 9h00 à 16h30. Lieu de l'événement : Maison de la Métropole 1, place du Parlement de Metz (à proximité de la gare). Des postes à pourvoir dans des domaines variés : Policiers municipaux Professionnels de la petite enfance et de l'éducation Espaces verts Espaces publics Bâtiments Mobilité Travailleurs soc",,"['#TousMobilisés', 'Recrutement', ""S'informer""]",,"Mardi 23 juin, 12h30",2026-06-23 10:30:00+00:00,2026-06-23 14:30:00+00:00,"[{""begin"": ""2026-06-23T12:30:00+02:00"", ""end"": ""2026-06-23T16:30:00+02:00""}]",Agence METZ GARE,57000 Metz,57000,Metz,Moselle,Grand Est,,,,"{""id"": 1, ""label"": {""fr"": ""Sur place"", ""en"": ""In situ"", ""it"": ""In presenza"", ""es"": ""Desconnectad"", ""de"": ""Offline"", ""br"": ""War al lec\u2019h"", ""io"": ""crwdns14266:0crwdne14266:0"", ""oc"": ""Sus pla\u00e7a"", ""nl"": ""Ter plaatse""}}",,"[{""type"": ""link"", ""value"": ""https://mesevenementsemploi.francetravail.fr/mes-evenements-emploi/evenement/666510""}]"
55664940,https://openagenda.com/francetravail/events/adx-recrute-et-forme-des-diagnostiqueurs-du-batiments,ADX recrute et forme des diagnostiqueurs du bâtiments,"Vous êtes curieux(se), motivé(e) et vous aimez le travail de terrain ? ADX Groupe recrute 2 diagnostiqueurs bâtiment (H/F) sur le secteur de Metz.","Vous êtes curieux(se), motivé(e) et vous aimez le travail de terrain ? ADX Groupe recrute 2 diagnostiqueurs bâtiment (H/F) sur le secteur de Metz. La réunion est l'occasion de découvrir le métier complet qui est en plein essor : réalisation du Diagnostic de Performance Énergétique (DPE), recherche de polluants, diagnostics amiante, plomb et thermique, avec des déplacements sur site et une vraie relation client. Venez échanger avec l'équipe ADX pour tout comprendre sur le poste, la formation et l",,"['#TousMobilisés', 'Recrutement']",,"Mercredi 6 mai, 08h45",2026-05-06 06:45:00+00:00,2026-05-06 10:00:00+00:00,"[{""begin"": ""2026-05-06T08:45:00+02:00"", ""end"": ""2026-05-06T12:00:00+02:00""}]",Agence METZ SEBASTOPOL,57070 Metz,57070,Metz,Moselle,Grand Est,,,,"{""id"": 1, ""label"": {""fr"": ""Sur place"", ""en"": ""In situ"", ""it"": ""In presenza"", ""es"": ""Desconnectad"", ""de"": ""Offline"", ""br"": ""War al lec\u2019h"", ""io"": ""crwdns14266:0crwdne14266:0"", ""oc"": ""Sus pla\u00e7a"", ""nl"": ""Ter plaatse""}}",,"[{""type"": ""link"", ""value"": ""https://mesevenementsemploi.francetravail.fr/mes-evenements-emploi/evenement/632962""}]"
26498253,https://openagenda.com/francetravail/events/atelier-propulse-4507148,ATELIER PROPULSE,Un événement dynamique et interactif : l'Atelier Propulse !,"Un événement dynamique et interactif : l'Atelier Propulse ! Qu'est-ce que l'Atelier Propulse ? C'est une occasion unique pour les jeunes demandeurs d'emploi de 25 ans et moins de dynamiser leur recherche d'emploi et de renforcer leur confiance en eux. Au programme, nous allons : Faire le point sur leurs compétences et les aider à construire un CV percutant. Explorer le marché du travail et identifier les secteurs qui recrutent. Présenter les services disponibles à France Travail et à la Mission",,"['Marché du travail', 'Coaching', ""Aides à l'emploi"", 'Insertion', ""Stratégie et techniques de recherches d'emploi""]",,"Mardi 12 mai, 09h00",2026-05-12 07:00:00+00:00,2026-05-12 10:00:00+00:00,"[{""begin"": ""2026-05-12T09:00:00+02:00"", ""end"": ""2026-05-12T12:00:00+02:00""}]",Agence METZ SEBASTOPOL,57070 Metz,57070,Metz,Moselle,Grand Est,,,,"{""id"": 1, ""label"": {""fr"": ""Sur place"", ""en"": ""In situ"", ""it"": ""In presenza"", ""es"": ""Desconnectad"", ""de"": ""Offline"", ""br"": ""War al lec\u2019h"", ""io"": ""crwdns14266:0crwdne14266:0"", ""oc"": ""Sus pla\u00e7a"", ""nl"": ""Ter plaatse""}}",,"[{""type"": ""link"", ""value"": ""https://mesevenementsemploi.francetravail.fr/mes-evenements-emploi/evenement/653835""}]"
14883834,https://openagenda.com/francetravail/events/rencontrez-les-entreprises-qui-recrutent-en-assurance-banque-finance-en-alternance,Rencontrez les entreprises qui recrutent en ASSURANCE- BANQUE- FINANCE en ALTERNANCE,L'École Supérieure de la Banque organise le Mercredi 1er Avril un JOBDATING de 14h à 17h et vous invite à venir rencontrer les entreprises partenaires qui recrutent en alternance.,"L'École Supérieure de la Banque organise le Mercredi 1er Avril un JOBDATING de 14h à 17h et vous invite à venir rencontrer les entreprises partenaires qui recrutent en alternance. Lieu: 4 rue marconi à Metz dans les locaux du CESCOM Les entreprises bancaires partenaires sont: Crédit Agricole, CIC Est, Caisse Epargne Grand Est Europe, Société générale, BNP Paribas, Crédit Mutuel, Groupama Grand Est, Groupe CCF, LCL Les formations proposées sont: BTS Banque : prérequis Baccalauréat en cours ou val",,"['1 jour', '1 formation', 'Recrutement', 'Découverte formation', ""S'informer""]",,"Mercredi 1 avril, 14h00",2026-04-01 12:00:00+00:00,2026-04-01 15:00:00+00:00,"[{""begin"": ""2026-04-01T14:00:00+02:00"", ""end"": ""2026-04-01T17:00:00+02:00""}]",Metz - Agence NANCY GENTILLY,57070 Metz,57070,Metz,Moselle,Grand Est,,,,"{""id"": 1, ""label"": {""fr"": ""Sur place"", ""en"": ""In situ"", ""it"": ""In presenza"", ""es"": ""Desconnectad"", ""de"": ""Offline"", ""br"": ""War al lec\u2019h"", ""io"": ""crwdns14266:0crwdne14266:0"", ""oc"": ""Sus pla\u00e7a"", ""nl"": ""Ter plaatse""}}",,"[{""type"": ""link"", ""value"": ""https://mesevenementsemploi.francetravail.fr/mes-evenements-emploi/evenement/613864""}]"
63725315,https://openagenda.com/francetravail/events/atelier-soin-et-accompagnement-746312,Atelier Soin et Accompagnement,Vous êtes à la recherche d'une carrière enrichissante et souhaitez contribuer positivement à la vie des autres ? Les métiers de l'aide à la personne offrent de nombreuses opportunités passionnante...,"Vous êtes à la recherche d'une carrière enrichissante et souhaitez contribuer positivement à la vie des autres ? Les métiers de l'aide à la personne offrent de nombreuses opportunités passionnantes ! Nous vous invitons à participer à un atelier découverte des métiers de l'aide à la personne, organisé à notre agence de Metz Blida. Cet atelier est l'occasion idéale pour : • Découvrir les différents métiers et les postes disponibles dans le secteur de l'aide à la personne • Échanger avec la société AZAE sur les conditions d'exercice et les attendus demandés par les employeurs • Obtenir des conseils sur les formations et les parcours possibles pour accéder à ces métiers",,"['Atelier', '#TousMobilisés', 'Recrutement', 'Découverte formation', 'Marché du travail', ""S'informer"", 'Découverte secteur / métier', 'Tout public', 'Jeunes', ""Opportunité d'emploi"", 'en physique']",,"Lundi 29 septembre 2025, 14h00",2025-09-29 12:00:00+00:00,2025-09-29 13:30:00+00:00,"[{""begin"": ""2025-09-29T14:00:00+02:00"", ""end"": ""2025-09-29T15:30:00+02:00""}]",Agence METZ BLIDA,57000 Metz,57014,Metz,Moselle,Grand Est,,,,"{""id"": 1, ""label"": {""fr"": ""Sur place"", ""en"": ""In situ"", ""it"": ""In presenza"", ""es"": ""Desconnectad"", ""de"": ""Offline"", ""br"": ""War al lec\u2019h"", ""io"": ""crwdns14266:0crwdne14266:0"", ""oc"": ""Sus pla\u00e7a"", ""nl"": ""Ter plaatse""}}",,"[{""type"": ""link"", ""value"": ""https://mesevenementsemploi.francetravail.fr/mes-evenements-emploi/evenement/482582""}]"
75716238,https://openagenda.com/francetravail/events/chaussea-recrute-6737717,Chausséa recrute !,"L'entreprise Chausséa recrute des préparateurs de commandes, caristes et autres métiers de la logistique. Des postes sont à pourvoir immédiatement sur le site logistique situé à Tremery.N'hésitez ...","L'entreprise Chausséa recrute des préparateurs de commandes, caristes et autres métiers de la logistique. Des postes sont à pourvoir immédiatement sur le site logistique situé à Tremery.N'hésitez pas à venir rencontrer le recruteur mercredi 3 septembre dans votre agence France Travail de Metz Blida.Venez avec votre CV. Vous assisterez à une réunion de présentation des postes à pourvoir pour l'entreprise Chausséa en présence du recruteur. Suite à cette séquence d'information vous pourrez directement échanger lors d'un entretien. Venez avec votre CV.Ce recrutement se déroulera à l'agence France Travail de Metz Blida de 9h à 12h.",,"[""Réunion d'information"", '#TousMobilisés', '1 jeune  1 solution', 'Recrutement', 'Tout public', ""Opportunité d'emploi"", 'en physique']",,"Mercredi 3 septembre 2025, 09h00",2025-09-03 07:00:00+00:00,2025-09-03 10:00:00+00:00,"[{""begin"": ""2025-09-03T09:00:00+02:00"", ""end"": ""2025-09-03T12:00:00+02:00""}]",Agence METZ BLIDA,57000 Metz,57014,Metz,Moselle,Grand Est,,,,"{""id"": 1, ""label"": {""fr"": ""Sur place"", ""en"": ""In situ"", ""it"": ""In presenza"", ""es"": ""Desconnectad"", ""de"": ""Offline"", ""br"": ""War al lec\u2019h"", ""io"": ""crwdns14266:0crwdne14266:0"", ""oc"": ""Sus pla\u00e7a"", ""nl"": ""Ter plaatse""}}",,"[{""type"": ""link"", ""value"": ""https://mesevenementsemploi.francetravail.fr/mes-evenements-emploi/evenement/482299""}]"
8512539,https://openagenda.com/culture/events/concert-dorgue-1000293,Concert d'orgue de Philippe Delacour,"Philippe Delacour investira l’orgue de l’église pour une performance exceptionnelle, alliant virtuosité et émotion.","Philippe Delacour investira l’orgue de l’église pour une performance exceptionnelle, alliant virtuosité et émotion.",,,,20 et 21 septembre 2025,2025-09-20 13:00:00+00:00,2025-09-21 15:45:00+00:00,"[{""begin"": ""2025-09-20T15:00:00+02:00"", ""end"": ""2025-09-20T15:45:00+02:00""}, {""begin"": ""2025-09-21T17:00:00+02:00"", ""end"": ""2025-09-21T17:45:00+02:00""}]",Église Saint-Eucaire,"18 Rue Saint-Eucaire, 57000 Metz, France",57000,Metz,Moselle,Grand Est,['handicap moteur'],,,"{""id"": 1, ""label"": {""fr"": ""Sur place"", ""en"": ""In situ"", ""it"": ""In presenza"", ""es"": ""Desconnectad"", ""de"": ""Offline"", ""br"": ""War al lec\u2019h"", ""io"": ""crwdns14266:0crwdne14266:0"", ""oc"": ""Sus pla\u00e7a""}}",,
30471972,https://openagenda.com/culture/events/marina-abramovic-counting-the-rice,"Exposition « Marina Abramović, Counting the Rice »",Marina Abramović est l’une des figures emblématiques de l’art performatif.,"Marina Abramović est l’une des figures emblématiques de l’art performatif. Depuis les années 1970, elle a transformé l’acte de performance en une rencontre intense — souvent dérangeante, toujours essentielle. Invitée exceptionnelle du PTS, Marina Abramović propose Counting the Rice, une action participative où l’œuvre se construit à travers l’endurance du visiteur.",,,,19 - 21 septembre 2025,2025-09-19 08:00:00+00:00,2025-09-21 17:00:00+00:00,"[{""begin"": ""2025-09-19T10:00:00+02:00"", ""end"": ""2025-09-19T19:00:00+02:00""}, {""begin"": ""2025-09-20T10:00:00+02:00"", ""end"": ""2025-09-20T19:00:00+02:00""}, {""begin"": ""2025-09-21T10:00:00+02:00"", ""end"": ""2025-09-21T19:00:00+02:00""}]",Centre Pompidou - Metz,"1 parvis des droits de l'homme, 57000 Metz, France",57000,Metz,Moselle,Grand Est,,,,"{""id"": 1, ""label"": {""fr"": ""Sur place"", ""en"": ""In situ"", ""it"": ""In presenza"", ""es"": ""Desconnectad"", ""de"": ""Offline"", ""br"": ""War al lec\u2019h"", ""io"": ""crwdns14266:0crwdne14266:0"", ""oc"": ""Sus pla\u00e7a""}}",,
49602348,https://openagenda.com/culture/events/harmonie-municipale-de-metz-1591915,"Concert-spectacle autour de la comédie musicale ""Miss Saigon""","À travers une relecture orchestrale de Miss Saigon, célèbre comédie-musicale d'Alain Boublil et Claude-Michel Schönberg, l’harmonie explore les amours contrariés sur fond de guerre et d’exil. Elle et…","À travers une relecture orchestrale de Miss Saigon, célèbre comédie-musicale d'Alain Boublil et Claude-Michel Schönberg, l’harmonie explore les amours contrariés sur fond de guerre et d’exil. Elle retrace l’histoire d’amour entre Kim, une jeune Vietnamienne, et Chris, un soldat américain. Portée par l’orchestration de Johan de Meij et la direction d’Arnaud Tutin, cette fresque musicale bouleversante illustre le déchirement des amours empêchés et l’empreinte indélébile de l’Histoire.",Gratuit sur réservation à partir du 20 août à 13h (en ligne et au guichet),,,"Samedi 20 septembre 2025, 20h00",2025-09-20 18:00:00+00:00,2025-09-20 19:00:00+00:00,"[{""begin"": ""2025-09-20T20:00:00+02:00"", ""end"": ""2025-09-20T21:00:00+02:00""}]",L'Arsenal Jean-Marie Rausch,"3 avenue Ney, 57000 Metz",,Metz,Moselle,Grand Est,,,,"{""id"": 1, ""label"": {""fr"": ""Sur place"", ""en"": ""In situ"", ""it"": ""In presenza"", ""es"": ""Desconnectad"", ""de"": ""Offline"", ""br"": ""War al lec\u2019h"", ""io"": ""crwdns14266:0crwdne14266:0"", ""oc"": ""Sus pla\u00e7a""}}",,"[{""type"": ""link"", ""value"": ""https://www.citemusicale-metz.fr/fr/programmation/saison-25-26/concert/harmonie-municipale-de-metz-6""}]"
89926758,https://openagenda.com/culture/events/presentations-musicales-theatrales-ou-choregraphiques,"Présentations musicales, théâtrales ou chorégraphiques","Le conservatoire est un ancien couvent du XIIIᵉ siècle, qui a subi de nombreuses modifications architecturales tout au long de son histoire. En parallèle de ce patrimoine sacré et religieux, il est…","Le conservatoire est un ancien couvent du XIIIᵉ siècle, qui a subi de nombreuses modifications architecturales tout au long de son histoire. En parallèle de ce patrimoine sacré et religieux, il est intéressant pour les visiteurs de découvrir le bâtiment comme un lieu d’enseignement artistique. Une visite guidée est proposée dans le but de faire découvrir des lieux secrets et insolites du conservatoire.",Ouverture des réservations le 1er septembre 2025.,,,"Samedi 20 septembre 2025, 14h00, 16h00",2025-09-20 12:00:00+00:00,2025-09-20 15:30:00+00:00,"[{""begin"": ""2025-09-20T14:00:00+02:00"", ""end"": ""2025-09-20T15:30:00+02:00""}, {""begin"": ""2025-09-20T16:00:00+02:00"", ""end"": ""2025-09-20T17:30:00+02:00""}]",Conservatoire à rayonnement régional Gabriel Pierné,"2 rue du paradis, 57000 Metz",57014,Metz,Moselle,Grand Est,,,,"{""id"": 1, ""label"": {""fr"": ""Sur place"", ""en"": ""In situ"", ""it"": ""In presenza"", ""es"": ""Desconnectad"", ""de"": ""Offline"", ""br"": ""War al lec\u2019h"", ""io"": ""crwdns14266:0crwdne14266:0"", ""oc"": ""Sus pla\u00e7a""}}",,"[{""type"": ""email"", ""value"": ""aditsch@eurometropolemetz.eu""}]"
48542578,https://openagenda.com/culture/events/visite-libre-porte-des-allemands,Découvrez un monument mythique de la ville,"Découvrez librement l'histoire de la porte des Allemands, un vestige imposant de l'enceinte urbaine du XIIIe siècle !","Découvrez librement l'histoire de la porte des Allemands, un vestige imposant de l'enceinte urbaine du XIIIe siècle !",,,,20 et 21 septembre 2025,2025-09-20 09:00:00+00:00,2025-09-21 16:00:00+00:00,"[{""begin"": ""2025-09-20T11:00:00+02:00"", ""end"": ""2025-09-20T18:00:00+02:00""}, {""begin"": ""2025-09-21T11:00:00+02:00"", ""end"": ""2025-09-21T18:00:00+02:00""}]",Porte des Allemands,"Boulevard André Maginot, 57000 Metz",57000,Metz,Moselle,Grand Est,,,,"{""id"": 1, ""label"": {""fr"": ""Sur place"", ""en"": ""In situ"", ""it"": ""In presenza"", ""es"": ""Desconnectad"", ""de"": ""Offline"", ""br"": ""War al lec\u2019h"", ""io"": ""crwdns14266:0crwdne14266:0"", ""oc"": ""Sus pla\u00e7a""}}",,
26267746,https://openagenda.com/culture/events/divine-oree,"Exposition : ""Divine orée""","À l’invitation de la galerie des Jours de Lune, et en partenariat avec la Ville de Metz, la filière « Fresque & Art en situation » de l’École des Beaux-Arts de Paris a proposé à quinze de créer des…","À l’invitation de la galerie des Jours de Lune, et en partenariat avec la Ville de Metz, la filière « Fresque & Art en situation » de l’École des Beaux-Arts de Paris a proposé à quinze étudiants-artistes de créer des œuvres spécifiquement pensées pour l’église des Trinitaires de Metz, en s’inspirant de leur découverte de la forêt de la Meuse.",,,,20 et 21 septembre 2025,2025-09-20 09:00:00+00:00,2025-09-21 16:00:00+00:00,"[{""begin"": ""2025-09-20T11:00:00+02:00"", ""end"": ""2025-09-20T18:00:00+02:00""}, {""begin"": ""2025-09-21T11:00:00+02:00"", ""end"": ""2025-09-21T18:00:00+02:00""}]",Église des Trinitaires,"1 rue des Trinitaires, 57000 Metz",57045,Metz,Moselle,Grand Est,['handicap moteur'],,,"{""id"": 1, ""label"": {""fr"": ""Sur place"", ""en"": ""In situ"", ""it"": ""In presenza"", ""es"": ""Desconnectad"", ""de"": ""Offline"", ""br"": ""War al lec\u2019h"", ""io"": ""crwdns14266:0crwdne14266:0"", ""oc"": ""Sus pla\u00e7a""}}",,
33023037,https://openagenda.com/culture/events/visite-libre-basilique-saint-vincent,Visite de la basilique Saint-Vincent,"Située au cœur du quartier historique de Metz, la basilique Saint-Vincent offre aux visiteurs l’opportunité de découvrir un chef-d’œuvre de l’art gothique flamboyant, élevé entre le XVIIe et le…","Située au cœur du quartier historique de Metz, la basilique Saint-Vincent offre aux visiteurs l’opportunité de découvrir un chef-d’œuvre de l’art gothique flamboyant, élevé entre le XVIIe et le XVIIIe siècle.",,,,20 et 21 septembre 2025,2025-09-20 09:00:00+00:00,2025-09-21 16:00:00+00:00,"[{""begin"": ""2025-09-20T11:00:00+02:00"", ""end"": ""2025-09-20T18:00:00+02:00""}, {""begin"": ""2025-09-21T11:00:00+02:00"", ""end"": ""2025-09-21T18:00:00+02:00""}]",Basilique Saint-Vincent,"Place Saint-Vincent, 57000 Metz",57045,Metz,Moselle,Grand Est,,,,"{""id"": 1, ""label"": {""fr"": ""Sur place"", ""en"": ""In situ"", ""it"": ""In presenza"", ""es"": ""Desconnectad"", ""de"": ""Offline"", ""br"": ""War al lec\u2019h"", ""io"": ""crwdns14266:0crwdne14266:0"", ""oc"": ""Sus pla\u00e7a""}}",,
51602827,https://openagenda.com/francetravail/events/job-dating-restauration-votre-futur-poste-vous-attend-au-centre-commercial-muse,Job Dating Restauration - Votre futur poste vous attend au centre commercial Muse !,Vous cherchez un emploi dans la restauration ? France Travail vous donne rendez-vous pour un Job Dating au centre commercial Muse à Metz !,"Vous cherchez un emploi dans la restauration ? France Travail vous donne rendez-vous pour un Job Dating au centre commercial Muse à Metz ! Une occasion unique de rencontrer des employeurs et de découvrir des offres adaptées à votre profil. Au programme : Échangez directement avec des recruteurs prêts à vous accueillir et à discuter de vos ambitions. Découvrez des offres variées dans la restauration, adaptées à vos compétences et à vos aspirations. Comment vous préparer ? CV actualisé : Prévoyez",,"['Métiers de l Hôtellerie Restauration', 'Découverte secteur / métier', 'Recrutement sans CV', 'Recrutement', 'Marché du travail']",,"Mercredi 20 mai, 14h00",2026-05-20 12:00:00+00:00,2026-05-20 13:00:00+00:00,"[{""begin"": ""2026-05-20T14:00:00+02:00"", ""end"": ""2026-05-20T15:00:00+02:00""}]",Agence METZ GARE,57000 Metz,57000,Metz,Moselle,Grand Est,,,,"{""id"": 1, ""label"": {""fr"": ""Sur place"", ""en"": ""In situ"", ""it"": ""In presenza"", ""es"": ""Desconnectad"", ""de"": ""Offline"", ""br"": ""War al lec\u2019h"", ""io"": ""crwdns14266:0crwdne14266:0"", ""oc"": ""Sus pla\u00e7a"", ""nl"": ""Ter plaatse""}}",,"[{""type"": ""link"", ""value"": ""https://mesevenementsemploi.francetravail.fr/mes-evenements-emploi/evenement/648095""}]"
42258953,https://openagenda.com/francetravail/events/recrutement-de-garde-denfants-et-aide-menager-assadia-est,Recrutement de garde d'enfants et aide ménager ASSADIA EST,Présentation de l'entreprise ASSADIA EST qui recrute pour de la garde d'enfants et aide ménager sur Metz et alentours.,Présentation de l'entreprise ASSADIA EST qui recrute pour de la garde d'enfants et aide ménager sur Metz et alentours. L'entreprise ASSASIA EST vous proposera : - Une présentation de l'entreprise - Un échange question/réponse sur le poste de garde d'enfants à domicile et aide ménager à domicile - Un entretien individuel pour les personnes intéressées par le poste proposé.,,"['1 jeune  1 solution', ""Les métiers de l'humain"", ""S'informer"", 'Recrutement', 'Découverte secteur / métier']",,"Lundi 1 décembre 2025, 14h00",2025-12-01 13:00:00+00:00,2025-12-01 14:30:00+00:00,"[{""begin"": ""2025-12-01T14:00:00+01:00"", ""end"": ""2025-12-01T15:30:00+01:00""}]",Agence METZ GARE,57000 Metz,57000,Metz,Moselle,Grand Est,,,,"{""id"": 1, ""label"": {""fr"": ""Sur place"", ""en"": ""In situ"", ""it"": ""In presenza"", ""es"": ""Desconnectad"", ""de"": ""Offline"", ""br"": ""War al lec\u2019h"", ""io"": ""crwdns14266:0crwdne14266:0"", ""oc"": ""Sus pla\u00e7a"", ""nl"": ""Ter plaatse""}}",,"[{""type"": ""link"", ""value"": ""https://mesevenementsemploi.francetravail.fr/mes-evenements-emploi/evenement/528832""}]"
68173034,https://openagenda.com/francetravail/events/metro-recrute-un-poste-dynamique-entre-vente-logistique-et-satisfaction-client-3685054,"METRO Recrute : Un Poste Dynamique entre Vente, Logistique et Satisfaction Client !","En tant qu'équipier commercial, votre rôle principal est d'accueillir les clients, d'identifier leurs besoins et de leur apporter des solutions adaptées.","En tant qu'équipier commercial, votre rôle principal est d'accueillir les clients, d'identifier leurs besoins et de leur apporter des solutions adaptées. Vous contribuez à la satisfaction des clients et à l'augmentation du chiffre d'affaires de l'entrepôt. Vous êtes également responsable de l'approvisionnement et de la mise en rayon des produits, en respectant les règles de merchandising et de balisage des prix. Vous participez aux opérations d'encaissement et à la préparation des commandes pour",,['Recrutement'],,"Mardi 7 juillet, 10h30",2026-07-07 08:30:00+00:00,2026-07-07 10:00:00+00:00,"[{""begin"": ""2026-07-07T10:30:00+02:00"", ""end"": ""2026-07-07T12:00:00+02:00""}]",Agence METZ BLIDA,57050 Metz,57004,Metz,Moselle,Grand Est,,,,"{""id"": 1, ""label"": {""fr"": ""Sur place"", ""en"": ""In situ"", ""it"": ""In presenza"", ""es"": ""Desconnectad"", ""de"": ""Offline"", ""br"": ""War al lec\u2019h"", ""io"": ""crwdns14266:0crwdne14266:0"", ""oc"": ""Sus pla\u00e7a"", ""nl"": ""Ter plaatse""}}",,"[{""type"": ""link"", ""value"": ""https://mesevenementsemploi.francetravail.fr/mes-evenements-emploi/evenement/701139""}]"
67043533,https://openagenda.com/saison-mediterranee-2026/events/histoires-decoloniales-dalila-7655780,Histoire(s) décoloniale(s) #Dalila,"**Comment aborder l’histoire coloniale et son héritage ? Betty Tchomanga, par le prisme du corps et d’une histoire singulière, nous livre avec #Dalila un récit puissant interprété par la chanteuse et…","Comment aborder l’histoire coloniale et son héritage ? Betty Tchomanga, par le prisme du corps et d’une histoire singulière, nous livre avec #Dalila un récit puissant interprété par la chanteuse et comédienne franco-algérienne Dalila Khatir. Avec cette série chorégraphique, dont le solo #Mulunesh a été présenté au festival l’an dernier, Betty Tchomanga poursuit un travail autour des récits et des histoires qui relient l’Occident et l’Afrique. De l’enfant à la grand-mère, de la chanteuse de raï Cheikha Rimitti à la Vénus hottentote jusqu’aux femmes révolutionnaires iraniennes, ce solo convoque par le corps et la voix des figures de femmes « hors cadre ». Le corps et le visage se voilent et se dévoilent laissant ainsi surgir un défilé de masques. Dans une sorte de théâtre de marionnettes constitué seulement d’une table, d’une chaise, d’une lampe et d’un vidéo-projecteur Histoire(s) Décoloniale(s)#Dalila oscille entre l’interrogatoire, la confession intime et le récit de vie. Dans le cadre de Passages Transfestival - édition 2026 Nouveaux Rivages du 14 au 28 mai à Metz","5 à 12€, dès 12 ans",,,"Vendredi 22 mai, 18h30",2026-05-22 16:30:00+00:00,2026-05-22 17:15:00+00:00,"[{""begin"": ""2026-05-22T18:30:00+02:00"", ""end"": ""2026-05-22T19:15:00+02:00""}]",Maison des Associations de Metz Borny,Rue du Vermandois Metz,57070,Metz,Moselle,Grand Est,,,,"{""id"": 1, ""label"": {""fr"": ""Sur place""}}",,
25051032,https://openagenda.com/saison-mediterranee-2026/events/the-way-back-8138266,The Way Back,"**Découvrez cette nouvelle création en première européenne portée par quatre artistes venus d’Alexandrie : Mariam Dahab, Nasine Nasr, Bassem Diaa & Zeyad Medhat.** _**The Way Back**_ **mêle danse, et…","Découvrez cette nouvelle création en première européenne portée par quatre artistes venus d’Alexandrie : Mariam Dahab, Nasine Nasr, Bassem Diaa & Zeyad Medhat. The Way Back mêle danse, musique et performance pour sonder nos liens à la Terre et à la mémoire, intime et collective. The Way Back est une performance multidisciplinaire, immersive et interactive, mêlant musique live, danse contemporaine et art performatif. À travers cette expérience en direct, le spectacle explore les thèmes de l’origine, de l’appartenance et de la migration, en invitant le public à se connecter aux émotions profondes qui traversent notre condition humaine. S’appuyant sur une recherche autour du lien entre les corps humains et la Terre, The Way Back met en lumière les forces invisibles qui façonnent nos identités. Un voyage sensible et sensoriel, où l’art devient un terrain de reconnexion. Dans le cadre de Passages Transfestival - édition 2026 Nouveaux Rivages du 14 au 28 mai à Metz","5 à 22€, dès 10 ans",,,"Dimanche 24 mai, 15h30",2026-05-24 13:30:00+00:00,2026-05-24 14:30:00+00:00,"[{""begin"": ""2026-05-24T15:30:00+02:00"", ""end"": ""2026-05-24T16:30:00+02:00""}]",St-Pierre-aux-Nonnains,1 rue de la Citadelle  Metz,57000,Metz,Moselle,Grand Est,,,,"{""id"": 1, ""label"": {""fr"": ""Sur place""}}",,
10111725,https://openagenda.com/francetravail/events/information-collective-dispositif-prepapp-preparation-a-lapprentissage-7188210,information collective dispositif PREPAPP: Préparation à l'apprentissage,"Les objectifs de cette prépa-apprentissage d'une durée de 3 mois : Promouvoir le métier d'aide-soignant, métier en tension à forte utilité sociale ; Remobiliser : construction d'un projet professionne","Les objectifs de cette prépa-apprentissage d'une durée de 3 mois : Promouvoir le métier d'aide-soignant, métier en tension à forte utilité sociale ; Remobiliser : construction d'un projet professionnel, de reprise de confiance en soi ; Mieux préparer :Connaitre le niveau d'exigence d'un parcours de formation en apprentissage ; Lever les freins périphériques à l'insertion durable : accompagner les problématiques sociales (mobilité, logement, administratif, garde d'enfant, santé, etc) afin de sécu",,"['#TousMobilisés', 'Découverte formation', 'Recrutement', 'Découverte secteur / métier', ""S'informer""]",,"Vendredi 4 septembre, 09h00",2026-09-04 07:00:00+00:00,2026-09-04 09:00:00+00:00,"[{""begin"": ""2026-09-04T09:00:00+02:00"", ""end"": ""2026-09-04T11:00:00+02:00""}]",Agence METZ GARE,57000 Metz,57000,Metz,Moselle,Grand Est,,,,"{""id"": 1, ""label"": {""fr"": ""Sur place"", ""en"": ""In situ"", ""it"": ""In presenza"", ""es"": ""Desconnectad"", ""de"": ""Offline"", ""br"": ""War al lec\u2019h"", ""io"": ""crwdns14266:0crwdne14266:0"", ""oc"": ""Sus pla\u00e7a"", ""nl"": ""Ter plaatse""}}",,"[{""type"": ""link"", ""value"": ""https://mesevenementsemploi.francetravail.fr/mes-evenements-emploi/evenement/687542""}]"
85817579,https://openagenda.com/francetravail/events/la-sovab-groupe-renault-sengage-pour-legalite-des-chances-des-postes-industriels-a-pourvoir-pour-un-public-feminin,La SOVAB (Groupe Renault) s'engage pour l'égalité des chances : des postes industriels à pourvoir pour un public féminin.,Rejoignez la SOVAB (Groupe Renault) et découvrez le métier d'opérateur de production !,"Rejoignez la SOVAB (Groupe Renault) et découvrez le métier d'opérateur de production ! L'agence d'intérim GiGroup vous invite à une réunion d'information pour découvrir le métier d'opérateur de production au sein de la SOVAB, filiale du Groupe Renault. Au programme : Présentation du métier : Découvrez les missions, les conditions de travail et les perspectives d'évolution. Temps d'échange : Posez vos questions et discutez avec des professionnels du secteur. Présentation du dispositif POEI : Une",,"['#TousMobilisés', 'Découverte secteur / métier', 'Recrutement']",,"Mardi 25 août, 09h00",2026-08-25 07:00:00+00:00,2026-08-25 09:00:00+00:00,"[{""begin"": ""2026-08-25T09:00:00+02:00"", ""end"": ""2026-08-25T11:00:00+02:00""}]",Agence METZ BLIDA,57000 Metz,57014,Metz,Moselle,Grand Est,,,,"{""id"": 1, ""label"": {""fr"": ""Sur place"", ""en"": ""In situ"", ""it"": ""In presenza"", ""es"": ""Desconnectad"", ""de"": ""Offline"", ""br"": ""War al lec\u2019h"", ""io"": ""crwdns14266:0crwdne14266:0"", ""oc"": ""Sus pla\u00e7a"", ""nl"": ""Ter plaatse""}}",,"[{""type"": ""link"", ""value"": ""https://mesevenementsemploi.francetravail.fr/mes-evenements-emploi/evenement/694458""}]"
20025107,https://openagenda.com/francetravail/events/hellofresh-recrute-sans-cv-des-chauffeurs-livreurs,HELLOFRESH RECRUTE SANS CV des Chauffeurs-Livreurs,"HelloFresh, entreprise spécialisée dans la livraison de box de nourriture auprès de particuliers, s'associe à France Travail pour trouver ses futurs Chauffeurs-Livreurs (H/F) via la Méthode de Recrute","HelloFresh, entreprise spécialisée dans la livraison de box de nourriture auprès de particuliers, s'associe à France Travail pour trouver ses futurs Chauffeurs-Livreurs (H/F) via la Méthode de Recrutement par Simulation (MRS). Les prérequis pour participer ? Posséder le permis B depuis au moins 3 ans, avoir un casier judiciaire vierge (bulletin n 3 uniquement) & savoir lire, écrire en français. Vous aurez l'opportunité de rencontrer directement l'employeur, de découvrir l'entreprise, les p",,"['Métiers du transport et de la logistique', '#TousMobilisés', 'Découverte secteur / métier', 'Recrutement sans CV', ""S'informer""]",,"Lundi 24 août, 09h00",2026-08-24 07:00:00+00:00,2026-08-24 09:00:00+00:00,"[{""begin"": ""2026-08-24T09:00:00+02:00"", ""end"": ""2026-08-24T11:00:00+02:00""}]",Agence METZ BLIDA,57070 Metz,57070,Metz,Moselle,Grand Est,,,,"{""id"": 1, ""label"": {""fr"": ""Sur place"", ""en"": ""In situ"", ""it"": ""In presenza"", ""es"": ""Desconnectad"", ""de"": ""Offline"", ""br"": ""War al lec\u2019h"", ""io"": ""crwdns14266:0crwdne14266:0"", ""oc"": ""Sus pla\u00e7a"", ""nl"": ""Ter plaatse""}}",,"[{""type"": ""link"", ""value"": ""https://mesevenementsemploi.francetravail.fr/mes-evenements-emploi/evenement/727384""}]"
45646787,https://openagenda.com/francetravail/events/crepes-sourire-et-talent-on-recherche-nos-futurs-serveurs-et-cuisiniers-3664491,"Crêpes, sourire et talent: On recherche nos futurs serveurs et cuisiniers",Nous ouvrons une crêperie au Muse de Metz et recrutons des serveurs/euses et cuisiniers/ières.,Nous ouvrons une crêperie au Muse de Metz et recrutons des serveurs/euses et cuisiniers/ières. Ce que nous vous offrons: - Une formation rémunérée d'un mois (de fin septembre à fin octobre) - Embauche en CDI à l'issue de la formation - Cadre chaleureux et convivial dans un lieu unique Profil recherché: - serveur/se dynamique et souriant.e avec une expérience dans la restauration traditionnelle - Cuisinier/ière et passionné.e et créatif.ve avec une expérience en cuisine Venez rencontrer le recrut,,"['#TousMobilisés', 'Recrutement']",,"Mercredi 23 septembre, 09h00",2026-09-23 07:00:00+00:00,2026-09-23 09:00:00+00:00,"[{""begin"": ""2026-09-23T09:00:00+02:00"", ""end"": ""2026-09-23T11:00:00+02:00""}]",Agence METZ GARE,57000 Metz,57000,Metz,Moselle,Grand Est,,,,"{""id"": 1, ""label"": {""fr"": ""Sur place"", ""en"": ""In situ"", ""it"": ""In presenza"", ""es"": ""Desconnectad"", ""de"": ""Offline"", ""br"": ""War al lec\u2019h"", ""io"": ""crwdns14266:0crwdne14266:0"", ""oc"": ""Sus pla\u00e7a"", ""nl"": ""Ter plaatse""}}",,"[{""type"": ""link"", ""value"": ""https://mesevenementsemploi.francetravail.fr/mes-evenements-emploi/evenement/731859""}]"
73459973,https://openagenda.com/francetravail/events/atelier-cv-abonnement-aux-offres-carte-de-visite-8408751,ATELIER CV / ABONNEMENT AUX OFFRES/ CARTE DE VISITE .........,ATELIER CV / ABONNEMENT AUX OFFRES/ CARTE DE VISITE .........,ATELIER CV / ABONNEMENT AUX OFFRES/ CARTE DE VISITE ......... Il s'agit d'un accompagnement personnalisé d'une heure avec un agent volontaire service civique permettant de créer mettre à jour votre CV de rendre votre profil visible pour les employeurs et de découvrir les potentialités de votre espace personnel,,['Les outils du numérique'],,"Lundi 10 août, 15h00",2026-08-10 13:00:00+00:00,2026-08-10 14:00:00+00:00,"[{""begin"": ""2026-08-10T15:00:00+02:00"", ""end"": ""2026-08-10T16:00:00+02:00""}]",Agence METZ BLIDA,57000 Metz,57014,Metz,Moselle,Grand Est,,,,"{""id"": 1, ""label"": {""fr"": ""Sur place"", ""en"": ""In situ"", ""it"": ""In presenza"", ""es"": ""Desconnectad"", ""de"": ""Offline"", ""br"": ""War al lec\u2019h"", ""io"": ""crwdns14266:0crwdne14266:0"", ""oc"": ""Sus pla\u00e7a"", ""nl"": ""Ter plaatse""}}",,"[{""type"": ""link"", ""value"": ""https://mesevenementsemploi.francetravail.fr/mes-evenements-emploi/evenement/714711""}]"
19506162,https://openagenda.com/francenum/events/petit-dejeuner-ia-2-creation-de-contenu-avec-les-ia,Petit déjeuner IA #2 : Création de contenu avec les IA,Passer de la création artisanale à la puissance industrielle sans perdre son identité.,"📣 Peako Academy organise un événement dans le cadre de la Semaine de l’IA pour Tous ! 📣 Le 21 mai prochain, nous vous donnons rendez-vous pour notre Petit déjeuner de l'IA #2 ! 🥐☕️ Le thème : Création de contenu avec l’IA — Passer de la création artisanale à la puissance industrielle sans perdre son identité. Le syndrome de la page blanche et les semaines passées à rédiger des fiches produits, c’est terminé. En 2026, le défi n'est plus de savoir s'il faut utiliser l'IA, mais comment le faire sans ressembler à un robot. 🤖 Au programme (08h30 - 10h00) : ✅ Cas concrets : Des exemples réels de transformation digitale. ✅ Démonstrations : Découvrez les outils spécialisés pour l’image, la vidéo et le texte. ✅ Solutions métiers : Apportez vos problématiques (Mode, Tech, Food…) et repartez avec une liste d'outils spécifiques à votre niche. L’objectif : Repartir avec une méthode concrète pour produire plus, plus vite, tout en restant 100% authentique. Ne laissez plus votre contenu au hasard, passez à la vitesse supérieure tout en gardant votre ADN de marque. ✨ 📍 Lieu : Quartier des entrepreneurs, 29 rue de Sarre 57070 Metz 📅 Date : 21 mai 2026 | 08h30/10h 🎟 Inscription : https://peako.academy/date-formation/petit-dejeuner-ia-passer-de-la-creation-artisanale-a-la-puissance-industrielle-sans-perdre-son-identite/ #SemaineIA2026 #PetitDéjeunerIA #IA —- **Du 18 au 24 mai 2026**, partout en France, La Semaine de l’IA pour Tous mobilise citoyens, professionnels, acteurs publics et associatifs pour rendre l’intelligence artificielle plus compréhensible et accessible. Cette initiative nationale est portée notamment par La Mednum, Make.org Fondation et Café IA, aux côtés de nombreux partenaires engagés.",sur inscription,,,"Jeudi 21 mai, 08h30",2026-05-21 06:30:00+00:00,2026-05-21 08:00:00+00:00,"[{""begin"": ""2026-05-21T08:30:00+02:00"", ""end"": ""2026-05-21T10:00:00+02:00""}]",Quartier des entrepreneurs,"29 rue de Sarre, 57070 Metz",57070,Metz,Moselle,Grand Est,"['handicap moteur', 'handicap psychique']",,,"{""id"": 1, ""label"": {""fr"": ""Sur place"", ""en"": ""In situ"", ""it"": ""In presenza"", ""es"": ""Desconnectad"", ""de"": ""Offline"", ""br"": ""War al lec\u2019h"", ""io"": ""crwdns14266:0crwdne14266:0"", ""oc"": ""Sus pla\u00e7a"", ""nl"": ""Ter plaatse""}}",,"[{""type"": ""link"", ""value"": ""https://peako.academy/date-formation/petit-dejeuner-ia-passer-de-la-creation-artisanale-a-la-puissance-industrielle-sans-perdre-son-identite/?occurrence=2026-05-21""}]"
52052882,https://openagenda.com/francetravail/events/rejoignez-une-enseigne-du-centre-commercial-muse-qui-a-le-vent-en-poupe-3103136,Rejoignez une enseigne du Centre Commercial Muse qui a le vent en poupe...,"L'enseigne ""La chaise Longue installée"" au sein du Centre Commercial Muse recrute des conseillers (H/F) de vente...Si vous êtes motivé.e, si vous  aimez le contact avec les clients et  avez à cœur de","L'enseigne ""La chaise Longue installée"" au sein du Centre Commercial Muse recrute des conseillers (H/F) de vente...Si vous êtes motivé.e, si vous  aimez le contact avec les clients et  avez à cœur de vous réaliser professionnellement...Venez rencontrer l'employeur mardi 26 août! Après une présentation de l'enseigne et des modalités contractuelles concernant les postes proposés, vous reçu.e en entretien individuel avec l'employeur",,"['1 jeune  1 solution', '#TousMobilisés', 'Recrutement']",,"Mardi 26 août, 09h00",2025-08-26 07:00:00+00:00,2025-08-26 09:30:00+00:00,"[{""begin"": ""2025-08-26T09:00:00+02:00"", ""end"": ""2025-08-26T11:30:00+02:00""}]",Agence METZ GARE,57000 Metz,57000,Metz,Moselle,Grand Est,,,,"{""id"": 1, ""label"": {""fr"": ""Sur place"", ""en"": ""In situ"", ""it"": ""In presenza"", ""es"": ""Desconnectad"", ""de"": ""Offline"", ""br"": ""War al lec\u2019h"", ""io"": ""crwdns14266:0crwdne14266:0"", ""oc"": ""Sus pla\u00e7a""}}",,"[{""type"": ""link"", ""value"": ""https://mesevenementsemploi.francetravail.fr/mes-evenements-emploi/evenement/481884""}]"
44749566,https://openagenda.com/francetravail/events/docaposte-recrute-ses-futures-teleconseillers-hf-3745458,Docaposte recrute ses futur(e)s téléconseillers H/F,Découverte des opportunités de métiers proposés par Docaposte sur des postes de téléconseillers H/F,"Découverte des opportunités de métiers proposés par Docaposte sur des postes de téléconseillers H/F Une réunion d'information en présence de l'employeur pour présenter la société ET le poste proposé Après la présentation de l'employeur, un entretien de 10 min vous sera proposé. Merci de vous présenter avec un CV",,"['#TousMobilisés', 'Recrutement']",,"Mardi 5 mai, 09h00",2026-05-05 07:00:00+00:00,2026-05-05 10:00:00+00:00,"[{""begin"": ""2026-05-05T09:00:00+02:00"", ""end"": ""2026-05-05T12:00:00+02:00""}]",Agence METZ SEBASTOPOL,57070 Metz,57070,Metz,Moselle,Grand Est,,,,"{""id"": 1, ""label"": {""fr"": ""Sur place"", ""en"": ""In situ"", ""it"": ""In presenza"", ""es"": ""Desconnectad"", ""de"": ""Offline"", ""br"": ""War al lec\u2019h"", ""io"": ""crwdns14266:0crwdne14266:0"", ""oc"": ""Sus pla\u00e7a"", ""nl"": ""Ter plaatse""}}",,"[{""type"": ""link"", ""value"": ""https://mesevenementsemploi.francetravail.fr/mes-evenements-emploi/evenement/640839""}]"
76458094,https://openagenda.com/francetravail/events/relance-ta-carriere-dans-le-sport-participe-au-job-dating-de-metz-magny,Relance ta carrière dans l'e-sport : Participe au Job Dating de Metz Magny !,"Rejoignez-nous le 28 novembre 2025, de 9h à 16h, au Centre Socio-Culturel de Metz Magny pour un événement unique dédié à l'emploi : le matin Gaming, l'après-midi un job dating.","Rejoignez-nous le 28 novembre 2025, de 9h à 16h, au Centre Socio-Culturel de Metz Magny pour un événement unique dédié à l'emploi : le matin Gaming, l'après-midi un job dating. Ce sera l'occasion de rencontrer des recruteurs qui cherchent leurs futurs talents. Plusieurs secteurs d'activités seront représentés : aide à la personne, action sociale, commerce alimentaire, commerce non alimentaire, logistique. Prêts à relever le défi ? Le matin Gaming, l'après-midi un job dating.",,"['Vos futurs collaborateurs', 'Découverte secteur / métier', 'Recrutement']",,"Vendredi 28 novembre 2025, 09h00",2025-11-28 08:00:00+00:00,2025-11-28 15:00:00+00:00,"[{""begin"": ""2025-11-28T09:00:00+01:00"", ""end"": ""2025-11-28T16:00:00+01:00""}]",Agence METZ SEBASTOPOL,57000 Metz,57000,Metz,Moselle,Grand Est,,,,"{""id"": 1, ""label"": {""fr"": ""Sur place"", ""en"": ""In situ"", ""it"": ""In presenza"", ""es"": ""Desconnectad"", ""de"": ""Offline"", ""br"": ""War al lec\u2019h"", ""io"": ""crwdns14266:0crwdne14266:0"", ""oc"": ""Sus pla\u00e7a"", ""nl"": ""Ter plaatse""}}",,"[{""type"": ""link"", ""value"": ""https://mesevenementsemploi.francetravail.fr/mes-evenements-emploi/evenement/516309""}]"
49887189,https://openagenda.com/francetravail/events/parcours-vers-le-metier-demploye-detage,Parcours vers le métier d'employé d'étage,Date de la formation : 06/10/2025 au 30/01/2026 Dates d'IC : Le 10/09/2025 à 13h30 Le 17/09/2025 à 11h00 Le 24/09/2025 à 09h00 Quels sont les objectifs de la formation ? · respect des procédures e...,"Date de la formation : 06/10/2025 au 30/01/2026 Dates d'IC : Le 10/09/2025 à 13h30 Le 17/09/2025 à 11h00 Le 24/09/2025 à 09h00 Quels sont les objectifs de la formation ? · respect des procédures et des règles d'hygiène et de sécurité. · rendre opérationnel dans les fonctions d'employé d'étage · organisation et coordination de son propre travail dans un continuum de service · maîtrise des techniques ""coeur de métier"" · communication efficace avec la clientèle : relation fonctionnelle en français et en anglais.",,"[""Réunion d'information"", 'Découverte formation', 'Public insertion par activité économique', 'Tout public', 'Débutant(e) accepté(e)', 'Bénéficiaires RSA', 'Jeunes', 'Personnes en situation de handicap', 'en physique']",,"Mercredi 10 septembre 2025, 13h30",2025-09-10 11:30:00+00:00,2025-09-10 14:30:00+00:00,"[{""begin"": ""2025-09-10T13:30:00+02:00"", ""end"": ""2025-09-10T16:30:00+02:00""}]",Agence MONTIGNY LES METZ,57070 Metz,57070,Metz,Moselle,Grand Est,,,,"{""id"": 1, ""label"": {""fr"": ""Sur place"", ""en"": ""In situ"", ""it"": ""In presenza"", ""es"": ""Desconnectad"", ""de"": ""Offline"", ""br"": ""War al lec\u2019h"", ""io"": ""crwdns14266:0crwdne14266:0"", ""oc"": ""Sus pla\u00e7a"", ""nl"": ""Ter plaatse""}}",,"[{""type"": ""link"", ""value"": ""https://mesevenementsemploi.francetravail.fr/mes-evenements-emploi/evenement/491182""}]"
41448273,https://openagenda.com/francetravail/events/kiosque-createurs-dentreprises,KIOSQUE CREATEURS D'ENTREPRISES,"Bonjour, Nous avons le plaisir de vous informer de l'organisation d'un kiosque dédié aux créateurs d'entreprises, à destination du public demandeur d'emploi en projet de création ou déjà créateur.","Bonjour, Nous avons le plaisir de vous informer de l'organisation d'un kiosque dédié aux créateurs d'entreprises, à destination du public demandeur d'emploi en projet de création ou déjà créateur. Cet événement sera l'occasion de rencontrer et d'échanger avec différentes structures d'accompagnement à la création d'entreprise, parmi lesquelles : ADIE, CMA, CCI, BGE, URSSAF, Le Carrefour de l'entreprenariat, Alexis Lorraine. Les participants pourront s'informer sur les dispositifs existants, poser",,"[""Création d'entreprise""]",,"Lundi 8 juin, 13h30",2026-06-08 11:30:00+00:00,2026-06-08 12:30:00+00:00,"[{""begin"": ""2026-06-08T13:30:00+02:00"", ""end"": ""2026-06-08T14:30:00+02:00""}]",Agence METZ BLIDA,57000 Metz,57014,Metz,Moselle,Grand Est,,,,"{""id"": 1, ""label"": {""fr"": ""Sur place"", ""en"": ""In situ"", ""it"": ""In presenza"", ""es"": ""Desconnectad"", ""de"": ""Offline"", ""br"": ""War al lec\u2019h"", ""io"": ""crwdns14266:0crwdne14266:0"", ""oc"": ""Sus pla\u00e7a"", ""nl"": ""Ter plaatse""}}",,"[{""type"": ""link"", ""value"": ""https://mesevenementsemploi.francetravail.fr/mes-evenements-emploi/evenement/666724""}]"
97626674,https://openagenda.com/francetravail/events/transdev-recrute-prenez-part-a-lavenir-du-rail-prise-de-poste-et-fin-de-poste-mirecourt-88,TRANSDEV recrute : prenez part à l'avenir du rail ! (Prise de poste et fin de poste Mirecourt 88),"TRANSDEV, groupe multinational français de transport, recrute dans le cadre de la réouverture de la ligne Ferroviaire Nancy-Contrexéville.","TRANSDEV, groupe multinational français de transport, recrute dans le cadre de la réouverture de la ligne Ferroviaire Nancy-Contrexéville. Vous souhaitez donner un nouvel élan à votre carrière et participer activement à la mobilité de demain ? Alors, participez à la visioconférence qui sera organisée et animée par TRANSDEV au cours de laquelle seront évoqués : Les postes à pourvoir Le parcours de formation et les opportunités professionnelles, Les modalités de recrutement ainsi que les perspecti",,"['#TousMobilisés', 'Métiers du transport et de la logistique', 'Marché du travail', ""S'informer"", 'Recrutement', 'Découverte secteur / métier']",,"Mercredi 17 juin, 14h00",2026-06-17 12:00:00+00:00,2026-06-17 14:30:00+00:00,"[{""begin"": ""2026-06-17T14:00:00+02:00"", ""end"": ""2026-06-17T16:30:00+02:00""}]",Agence METZ GARE,57000 Metz,57000,Metz,Moselle,Grand Est,,,,"{""id"": 1, ""label"": {""fr"": ""Sur place"", ""en"": ""In situ"", ""it"": ""In presenza"", ""es"": ""Desconnectad"", ""de"": ""Offline"", ""br"": ""War al lec\u2019h"", ""io"": ""crwdns14266:0crwdne14266:0"", ""oc"": ""Sus pla\u00e7a"", ""nl"": ""Ter plaatse""}}",,"[{""type"": ""link"", ""value"": ""https://mesevenementsemploi.francetravail.fr/mes-evenements-emploi/evenement/682973""}]"
28732788,https://openagenda.com/francetravail/events/portes-ouvertes-aftral-venez-decouvrir-les-metiers-du-transport-and-de-la-logistique-en-partenariat-avec-le2c-et-le-club-des-entreprises-d,"Portes ouvertes AFTRAL : Venez découvrir les métiers du Transport & de la Logistique, en partenariat avec l'E2C et le club des entreprises d",Rejoignez-nous à l'occasion des portes ouvertes de l'AFTRAL pour une expérience unique de découverte des métiers du Transport & de la Logistique.,"Rejoignez-nous à l'occasion des portes ouvertes de l'AFTRAL pour une expérience unique de découverte des métiers du Transport & de la Logistique. Organisé par l'E2C en partenariat avec le Club de entreprises des Rives de Moselle et l'organisme de formation AFTRAL, cet événement vous offrira l'opportunité de rencontrer des professionnels et d'explorer des carrières passionnantes. Au programme : Métiers à découvrir : chauffeur routier, préparateur de commandes, cariste, agent logistique, exploitan",,"['Métiers du transport et de la logistique', 'Découverte secteur / métier', 'Se préparer', ""S'informer"", 'Découverte formation']",,"Mardi 2 juin, 10h00",2026-06-02 08:00:00+00:00,2026-06-02 10:00:00+00:00,"[{""begin"": ""2026-06-02T10:00:00+02:00"", ""end"": ""2026-06-02T12:00:00+02:00""}]",Agence METZ BLIDA,57070 Metz,57070,Metz,Moselle,Grand Est,,,,"{""id"": 1, ""label"": {""fr"": ""Sur place"", ""en"": ""In situ"", ""it"": ""In presenza"", ""es"": ""Desconnectad"", ""de"": ""Offline"", ""br"": ""War al lec\u2019h"", ""io"": ""crwdns14266:0crwdne14266:0"", ""oc"": ""Sus pla\u00e7a"", ""nl"": ""Ter plaatse""}}",,"[{""type"": ""link"", ""value"": ""https://mesevenementsemploi.francetravail.fr/mes-evenements-emploi/evenement/671101""}]"
36449329,https://openagenda.com/francetravail/events/envie-daider-les-autres-filieris-cherche-des-auxiliaires-de-vie-comme-vous-9913490,"""Envie d'Aider les Autres ? Filiéris Cherche des Auxiliaires de Vie comme Vous !""",Rejoignez Filieris : Devenez Auxiliaire de Vie !,"Rejoignez Filieris : Devenez Auxiliaire de Vie ! Vous avez de l'expérience dans l'aide à la personne ou un diplôme dans ce domaine ? Filieris recrute des Auxiliaires de Vie motivés et engagés pour accompagner au quotidien des personnes en situation de dépendance. Pourquoi postuler ? Missions variées et enrichissantes : Aide à la toilette, accompagnement dans les actes de la vie quotidienne, soutien moral, etc. Contrat stable avec des avantages attractifs. Formation continue pour développer vos c",,"['#TousMobilisés', ""Les métiers de l'humain"", 'Recrutement']",,"Mardi 17 février, 09h00",2026-02-17 08:00:00+00:00,2026-02-17 10:00:00+00:00,"[{""begin"": ""2026-02-17T09:00:00+01:00"", ""end"": ""2026-02-17T11:00:00+01:00""}]",Agence METZ GARE,57000 Metz,57000,Metz,Moselle,Grand Est,,,,"{""id"": 1, ""label"": {""fr"": ""Sur place"", ""en"": ""In situ"", ""it"": ""In presenza"", ""es"": ""Desconnectad"", ""de"": ""Offline"", ""br"": ""War al lec\u2019h"", ""io"": ""crwdns14266:0crwdne14266:0"", ""oc"": ""Sus pla\u00e7a"", ""nl"": ""Ter plaatse""}}",,"[{""type"": ""link"", ""value"": ""https://mesevenementsemploi.francetravail.fr/mes-evenements-emploi/evenement/552787""}]"
89085545,https://openagenda.com/culture/events/visite-des-batiments-historiques-du-lycee,Visite des bâtiments historiques du lycée,"Visite des bâtiments historiques du lycée : cloître et bâtiment de l’abbaye, petit lycée, cloître et chapelle Sainte-Constance, bâtiment de l’internat (bâtiment de 1930)…","Visite des bâtiments historiques du lycée : cloître et bâtiment de l’abbaye, petit lycée, cloître et chapelle Sainte-Constance, bâtiment de l’internat (bâtiment de 1930)…",Visite pour des groupes de 20 à 25 personnes d'une durée de 45 minutes environ. Sans réservation.,,,"Samedi 20 septembre 2025, 08h15",2025-09-20 06:15:00+00:00,2025-09-20 09:30:00+00:00,"[{""begin"": ""2025-09-20T08:15:00+02:00"", ""end"": ""2025-09-20T11:30:00+02:00""}]",Lycée Fabert,"12 rue Saint-Vincent, 57000 Metz",57004,Metz,Moselle,Grand Est,,,,"{""id"": 1, ""label"": {""fr"": ""Sur place"", ""en"": ""In situ"", ""it"": ""In presenza"", ""es"": ""Desconnectad"", ""de"": ""Offline"", ""br"": ""War al lec\u2019h"", ""io"": ""crwdns14266:0crwdne14266:0"", ""oc"": ""Sus pla\u00e7a""}}",,
58543012,https://openagenda.com/culture/events/la-balade-robert-hewins-stiles,La balade de « Robert Hewins Stile »,"L’association ""La Chaîne de la Mémoire"" organise la 4ème édition de la balade de ""Robert Hewins Stiles"", entre l’ancienne gare de Marly et le parc aux Trois Nationalités, sur la voie verte circuit et…","L’association ""La Chaîne de la Mémoire"" organise la 4ème édition de la balade de ""Robert Hewins Stiles"", entre l’ancienne gare de Marly et le parc aux Trois Nationalités, sur la voie verte Marly/Pournoy-la-Chétive. Le circuit comprend quatre étapes, dont Marly (départ) et Coin-lès-Cuvry, proches d’anciennes gares datant de la mise en service de la ligne en 1904, encore visibles dans le paysage. Le dernier arrêt mène au parc des Trois Nationalités à Pournoy-la-Chétive, où le monument éponyme, requalifié en 2008, rend hommage aux conflits franco-allemands, notamment celui de 1914-1918, et incarne une mémoire locale à portée internationale.",Chacun est responsable de sa conduite. Les mineurs sont sous la responsabilité de leur représentant légal. Rendez-vous au bout de la rue Charmine. Venez avec votre matériel (vélo et protections).,,,"Dimanche 21 septembre 2025, 10h00",2025-09-21 08:00:00+00:00,2025-09-21 10:00:00+00:00,"[{""begin"": ""2025-09-21T10:00:00+02:00"", ""end"": ""2025-09-21T12:00:00+02:00""}]",Parc aux Trois Nationalités,"Rue de la charmine, 57000 Metz-Magny",57155,Metz,Moselle,Grand Est,['handicap moteur'],,,"{""id"": 1, ""label"": {""fr"": ""Sur place"", ""en"": ""In situ"", ""it"": ""In presenza"", ""es"": ""Desconnectad"", ""de"": ""Offline"", ""br"": ""War al lec\u2019h"", ""io"": ""crwdns14266:0crwdne14266:0"", ""oc"": ""Sus pla\u00e7a""}}",,
71516168,https://openagenda.com/culture/events/visite-libre-chapelle-sainte-blandine,Visite libre de la chapelle Sainte-Blandine,"Découvrez la chapelle emblématique de l'ancien hôpital Sainte-Blandine, symbole de la réhabilitation du site. Lancez-vous dans une visite incontournable pour apprécier l'harmonie entre passé et futur.","Découvrez la chapelle emblématique de l'ancien hôpital Sainte-Blandine, symbole de la réhabilitation du site. Lancez-vous dans une visite incontournable pour apprécier l'harmonie entre passé et futur.",,,,20 et 21 septembre 2025,2025-09-20 08:00:00+00:00,2025-09-21 17:00:00+00:00,"[{""begin"": ""2025-09-20T10:00:00+02:00"", ""end"": ""2025-09-20T19:00:00+02:00""}, {""begin"": ""2025-09-21T10:00:00+02:00"", ""end"": ""2025-09-21T19:00:00+02:00""}]",Chapelle Sainte-Blandine,"6 rue de la Gendarmerie, 57000 Metz",57000,Metz,Moselle,Grand Est,['handicap moteur'],,,"{""id"": 1, ""label"": {""fr"": ""Sur place"", ""en"": ""In situ"", ""it"": ""In presenza"", ""es"": ""Desconnectad"", ""de"": ""Offline"", ""br"": ""War al lec\u2019h"", ""io"": ""crwdns14266:0crwdne14266:0"", ""oc"": ""Sus pla\u00e7a""}}",,
99701430,https://openagenda.com/culture/events/decouvrez-les-salons-et-les-jardins-dun-edifice-etonnant,Découvrez les salons et les jardins d'un édifice étonnant,"Partez à la découverte du palais du Gouverneur, un édifice emblématique hérité de l’annexion, rarement accessible au public. Un parcours ponctué d’informations vous guide à travers ses salons décorés…","Partez à la découverte du palais du Gouverneur, un édifice emblématique hérité de l’annexion, rarement accessible au public. Un parcours ponctué d’informations vous guide à travers ses salons richement décorés et son parc verdoyant. Une immersion dans un décor prestigieux, révélant l’histoire et les usages de ce lieu singulier à Metz.",,,,20 et 21 septembre 2025,2025-09-20 08:00:00+00:00,2025-09-21 16:00:00+00:00,"[{""begin"": ""2025-09-20T10:00:00+02:00"", ""end"": ""2025-09-20T18:00:00+02:00""}, {""begin"": ""2025-09-21T10:00:00+02:00"", ""end"": ""2025-09-21T18:00:00+02:00""}]",Palais du Gouverneur,"9 rue de la Citadelle, 57000 Metz",57045,Metz,Moselle,Grand Est,,,,"{""id"": 1, ""label"": {""fr"": ""Sur place"", ""en"": ""In situ"", ""it"": ""In presenza"", ""es"": ""Desconnectad"", ""de"": ""Offline"", ""br"": ""War al lec\u2019h"", ""io"": ""crwdns14266:0crwdne14266:0"", ""oc"": ""Sus pla\u00e7a""}}",,
99144154,https://openagenda.com/culture/events/rencontre-avec-paul-couturiau,Rencontre avec Paul Couturiau,"Rencontre avec Paul Couturiau pour son nouveau roman ""Retour à la Vallée des anges"", paru aux éditions Presses de la Cité. À cette occasion, l’auteur partagera avec les lecteurs son amour pour le…","Rencontre avec Paul Couturiau pour son nouveau roman ""Retour à la Vallée des anges"", paru aux éditions Presses de la Cité. À cette occasion, l’auteur partagera avec les lecteurs son amour pour le patrimoine messin.",,,,"Samedi 20 septembre 2025, 10h30",2025-09-20 08:30:00+00:00,2025-09-20 09:30:00+00:00,"[{""begin"": ""2025-09-20T10:30:00+02:00"", ""end"": ""2025-09-20T11:30:00+02:00""}]",Médiathèque du Sablon,"4/6 rue des Robert, 57000 Metz",57000,Metz,Moselle,Grand Est,,,,"{""id"": 1, ""label"": {""fr"": ""Sur place"", ""en"": ""In situ"", ""it"": ""In presenza"", ""es"": ""Desconnectad"", ""de"": ""Offline"", ""br"": ""War al lec\u2019h"", ""io"": ""crwdns14266:0crwdne14266:0"", ""oc"": ""Sus pla\u00e7a""}}",,
51482115,https://openagenda.com/culture/events/20-septembre-2025-concert-symphonique,Concert symphonique de l'orchestre Mettensis Symphonia,"Le Palais de justice est un bâtiment public qui abrite le tribunal judiciaire et la cour d’appel de Metz. Lieu emblématique chargé d’histoire, il est situé au cœur de la ville. À cette occasion, nous…","Le Palais de justice est un bâtiment public qui abrite le tribunal judiciaire et la cour d’appel de Metz. Lieu emblématique chargé d’histoire, il est situé au cœur de la ville. À cette occasion, nous vous invitons à découvrir un concert symphonique de l'Orchestre Mettensis Symphonia. Plusieurs animations vous seront proposées : - Une visite guidée historique par un magistrat honoraire : ici - Des visites guidées assurées par des personnels de la Justice : ici - Une présentation des assises et des audiences correctionnelles : ici - Une exposition photo : « Les visages du crime » : ici",,,,"Samedi 20 septembre 2025, 18h00",2025-09-20 16:00:00+00:00,2025-09-20 17:00:00+00:00,"[{""begin"": ""2025-09-20T18:00:00+02:00"", ""end"": ""2025-09-20T19:00:00+02:00""}]",Palais de Justice,"3 rue haute Pierre, 57000 Metz",57045,Metz,Moselle,Grand Est,,,,"{""id"": 1, ""label"": {""fr"": ""Sur place"", ""en"": ""In situ"", ""it"": ""In presenza"", ""es"": ""Desconnectad"", ""de"": ""Offline"", ""br"": ""War al lec\u2019h"", ""io"": ""crwdns14266:0crwdne14266:0"", ""oc"": ""Sus pla\u00e7a""}}",,"[{""type"": ""link"", ""value"": ""https://my.weezevent.com/jep-palais-de-justice-de-metz-200925-concert-symphonique""}]"
57702479,https://openagenda.com/culture/events/visite-libre-du-temple-neuf-7078912,Visite du Temple Neuf,"Venez découvrir librement l’un des monuments les plus emblématiques du paysage messin : le Temple Neuf, situé au cœur de l’île du Petit-Saulcy.","Venez découvrir librement l’un des monuments les plus emblématiques du paysage messin : le Temple Neuf, situé au cœur de l’île du Petit-Saulcy.",,,,20 et 21 septembre 2025,2025-09-20 07:00:00+00:00,2025-09-21 17:00:00+00:00,"[{""begin"": ""2025-09-20T09:00:00+02:00"", ""end"": ""2025-09-20T19:00:00+02:00""}, {""begin"": ""2025-09-21T14:00:00+02:00"", ""end"": ""2025-09-21T19:00:00+02:00""}]",Temple Neuf,"Place de la Comédie, 57000 Metz",57000,Metz,Moselle,Grand Est,,,,"{""id"": 1, ""label"": {""fr"": ""Sur place"", ""en"": ""In situ"", ""it"": ""In presenza"", ""es"": ""Desconnectad"", ""de"": ""Offline"", ""br"": ""War al lec\u2019h"", ""io"": ""crwdns14266:0crwdne14266:0"", ""oc"": ""Sus pla\u00e7a""}}",,
28736276,https://openagenda.com/culture/events/le-moyen-age-comme-vous-ne-lavez-jamais-vecu,Le Moyen Âge comme vous ne l’avez jamais vécu !,"Venez à notre rencontre pour découvrir, grâce à l’histoire vivante, tous les aspects de la vie au Moyen Âge.","Venez à notre rencontre pour découvrir, grâce à l’histoire vivante, tous les aspects de la vie au Moyen Âge. De la science à la guerre, en passant par l’hygiène ou la gastronomie, vous saurez tout de cette période à la richesse historique inégalée, grâce à la compagnie Héraudie Messine.",,,,20 et 21 septembre 2025,2025-09-20 09:00:00+00:00,2025-09-21 16:00:00+00:00,"[{""begin"": ""2025-09-20T11:00:00+02:00"", ""end"": ""2025-09-20T18:00:00+02:00""}, {""begin"": ""2025-09-21T11:00:00+02:00"", ""end"": ""2025-09-21T18:00:00+02:00""}]",Porte des Allemands,"Boulevard André Maginot, 57000 Metz",57000,Metz,Moselle,Grand Est,,,,"{""id"": 1, ""label"": {""fr"": ""Sur place"", ""en"": ""In situ"", ""it"": ""In presenza"", ""es"": ""Desconnectad"", ""de"": ""Offline"", ""br"": ""War al lec\u2019h"", ""io"": ""crwdns14266:0crwdne14266:0"", ""oc"": ""Sus pla\u00e7a""}}",,
46376670,https://openagenda.com/culture/events/visite-libre-eglise-des-trinitaires,Visite de l'Église des Trinitaires,"Venez découvrir l’église des Trinitaires, dernier vestige du couvent de l’ordre des Trinitaires. Préservée de la démolition grâce à son classement au titre des monuments historiques, l’église a été…","Venez découvrir l’église des Trinitaires, dernier vestige du couvent de l’ordre des Trinitaires. Préservée de la démolition grâce à son classement au titre des monuments historiques, l’église a été restaurée dans les années 1990 et accueille depuis des expositions.",,,,20 et 21 septembre 2025,2025-09-20 09:00:00+00:00,2025-09-21 16:00:00+00:00,"[{""begin"": ""2025-09-20T11:00:00+02:00"", ""end"": ""2025-09-20T18:00:00+02:00""}, {""begin"": ""2025-09-21T11:00:00+02:00"", ""end"": ""2025-09-21T18:00:00+02:00""}]",Église des Trinitaires,"1 rue des Trinitaires, 57000 Metz",57045,Metz,Moselle,Grand Est,['handicap moteur'],,,"{""id"": 1, ""label"": {""fr"": ""Sur place"", ""en"": ""In situ"", ""it"": ""In presenza"", ""es"": ""Desconnectad"", ""de"": ""Offline"", ""br"": ""War al lec\u2019h"", ""io"": ""crwdns14266:0crwdne14266:0"", ""oc"": ""Sus pla\u00e7a""}}",,
56388607,https://openagenda.com/francetravail/events/reunion-de-recrutement-volontaire-service-civique-pour-france-travail-1226593,REUNION DE RECRUTEMENT VOLONTAIRE SERVICE CIVIQUE POUR FRANCE TRAVAIL,"Vous êtes jeunes, vous appréciez le contact, vous maitrisez les outils numériques et souhaitez participer à une mission utile et qui a du sens.Votre mission consistera à :Accueillir les demandeurs...","Vous êtes jeunes, vous appréciez le contact, vous maitrisez les outils numériques et souhaitez participer à une mission utile et qui a du sens.Votre mission consistera à :Accueillir les demandeurs d’emploi et les diriger vers le bon interlocuteur Accompagner les usagers dans l’utilisation des outils numériques de France Travail et des services digitauxÊtre en appui des demandeurs d’emploi inscription, actualisation, promotion des outils numérique de France TravailPour réaliser au mieux votre activité :Nous vous formerons aux différentes tâches en interne et vous serez accompagnés par un tuteur et travaillerez en équipe avec les conseillers qui assurent l’accueil, l’information et délivrent des conseils. Vous bénéficierez aussi de formation externe  en centre qui est situé à Metz.Le contrat :La durée du contrat est de 8 mois à partir du 01/10, il s’agit d’un contrat de 24h semaine. Ce contrat peut-être rompu avant son terme en cas de reprise d’emploi, de formation. Les avantages :Vous bénéficiez d’une rémunération en lien avec votre situation, vous pouvez continuer votre recherche d’emploi ou travailler à temps partiel, vous pouvez bénéficier des services de France Travail et des opportunités pour favoriser votre recherche d’emploi.Cet événement se déroulera le 27 août de 15H00 à 16H00 à France Travail 3 avenue de Blida 57000 Metz.N'oubliez de venir avec votre CV à jour.",,"[""Réunion d'information"", '1 jeune  1 solution', '#TousMobilisés', 'Insertion', 'Recrutement', 'Résidents en quartier prioritaire de la ville', 'Jeunes', 'Bénéficiaires RSA', 'Personnes en situation de handicap', 'Débutant(e) accepté(e)', 'Pas de diplôme exigé', ""Opportunité d'emploi"", 'en physique']",,"Mercredi 27 août 2025, 15h00",2025-08-27 13:00:00+00:00,2025-08-27 14:00:00+00:00,"[{""begin"": ""2025-08-27T15:00:00+02:00"", ""end"": ""2025-08-27T16:00:00+02:00""}]",Agence METZ BLIDA,57000 Metz,57014,Metz,Moselle,Grand Est,,,,"{""id"": 1, ""label"": {""fr"": ""Sur place"", ""en"": ""In situ"", ""it"": ""In presenza"", ""es"": ""Desconnectad"", ""de"": ""Offline"", ""br"": ""War al lec\u2019h"", ""io"": ""crwdns14266:0crwdne14266:0"", ""oc"": ""Sus pla\u00e7a"", ""nl"": ""Ter plaatse""}}",,"[{""type"": ""link"", ""value"": ""https://mesevenementsemploi.francetravail.fr/mes-evenements-emploi/evenement/483603""}]"
93108148,https://openagenda.com/francetravail/events/recrutement-pour-lenseigne-toutandbon-service-traiteur-et-livraison,"Recrutement pour l'enseigne ""Tout&Bon"" (service traiteur et livraison)","Tout & Bon, spécialiste de la livraison de plateaux repas et produits traiteur en entreprise (réunions, déjeuners d'affaires, cocktails, afterworks.","Tout & Bon, spécialiste de la livraison de plateaux repas et produits traiteur en entreprise (réunions, déjeuners d'affaires, cocktails, afterworks.), renforce ses équipes pour accompagner sa forte activité ! La société recherche des Équipier(re)s Polyvalent(e)s , Cuisine & Livraison, assistant cuisinier traiteur et préparateur de commandes avant livraison des plats. En lien direct avec le Responsable de Laboratoire, L'EMPLOYE-E POLYVALENT CUISINIER-TRAITEUR-LIVREUR participe aux activités de ré",,['Recrutement'],,"Mercredi 15 juillet, 11h30",2026-07-15 09:30:00+00:00,2026-07-15 13:00:00+00:00,"[{""begin"": ""2026-07-15T11:30:00+02:00"", ""end"": ""2026-07-15T15:00:00+02:00""}]",Agence METZ BLIDA,57000 Metz,57014,Metz,Moselle,Grand Est,,,,"{""id"": 1, ""label"": {""fr"": ""Sur place"", ""en"": ""In situ"", ""it"": ""In presenza"", ""es"": ""Desconnectad"", ""de"": ""Offline"", ""br"": ""War al lec\u2019h"", ""io"": ""crwdns14266:0crwdne14266:0"", ""oc"": ""Sus pla\u00e7a"", ""nl"": ""Ter plaatse""}}",,"[{""type"": ""link"", ""value"": ""https://mesevenementsemploi.francetravail.fr/mes-evenements-emploi/evenement/695609""}]"
42934832,https://openagenda.com/toutes-les-chambres-agriculture-agregees/events/marche-de-noel-fermier,Marché de Noël fermier,Le marché fermier des producteurs est aussi là pour les fêtes de fin d'année,Préparez vos fêtes de fin d'année avec des produits festifs locaux ! Le marché de Noël Fermier saura vous inspirer et vous gâter le week-end du 13 et 14 décembre 2025 Place St Livier à Metz. Acheter sans intermédiaire et rencontrer directement les agriculteurs faire ses courses autrement en privilégiant des produits de qualité.,Entrée libre,"['Marché Noël Fermier', 'Producteurs produits locaux']",,13 et 14 décembre 2025,2025-12-13 09:00:00+00:00,2025-12-14 17:00:00+00:00,"[{""begin"": ""2025-12-13T10:00:00+01:00"", ""end"": ""2025-12-13T18:00:00+01:00""}, {""begin"": ""2025-12-14T10:00:00+01:00"", ""end"": ""2025-12-14T18:00:00+01:00""}]","Place Saint Livier, Metz (57)",Place Saint Livier,57000,Metz,Moselle,Grand Est,,,,"{""id"": 1, ""label"": {""fr"": ""Sur place"", ""en"": ""In situ"", ""it"": ""In presenza"", ""es"": ""Desconnectad"", ""de"": ""Offline"", ""br"": ""War al lec\u2019h"", ""io"": ""crwdns14266:0crwdne14266:0"", ""oc"": ""Sus pla\u00e7a"", ""nl"": ""Ter plaatse""}}",,
24991677,https://openagenda.com/francetravail/events/du-terrain-de-rugby-a-celui-de-lemploi-une-rencontre-gagnante-au-stade-3856248,Du terrain de rugby à celui de l'emploi : Une rencontre gagnante au stade !,Venez rencontrer les employeurs autrement autour d'une journée sportive ! Nous vous invitons à participer à l'évènement Du Stade vers l'emploi spécial Rugby qui aura lieu le 09 Octobre 2025. Du St...,"Venez rencontrer les employeurs autrement autour d'une journée sportive ! Nous vous invitons à participer à l'évènement Du Stade vers l'emploi spécial Rugby qui aura lieu le 09 Octobre 2025. Du Stade Vers l'Emploi , une journée avec des activités sportives mais surtout ludiques associant employeurs et demandeurs d'emploi de manière anonyme durant la matinée. Vous partagerez ensuite un moment convivial autour d'un déjeuner qui vous est offert. Enfin, participez au job dating avec les mêmes employeurs. Préparez-vous à vivre une expérience inoubliable qui pourrait bien changer votre avenir professionnel ! Pour connaitre le déroulé de cette journée et réaliser votre inscription, nous vous attendons à l'agence France Travail 3 TER rue Gambetta le 17 septembre à 10H30.",,"['Job dating', '1 jeune  1 solution', ""Du Stade vers l'Emploi"", 'Construction', 'Bâtiment et Travaux publics', 'Industrie', 'Transport et Logistique', 'Recrutement', 'Recrutement sans CV', 'Insertion', 'Sport et insertion', 'Tout public', 'CDD', 'Temps complet', 'Rencontre recruteur', 'CDI', ""Opportunité d'emploi"", 'Temps partiel', 'en physique']",,"Mercredi 17 septembre 2025, 10h30",2025-09-17 08:30:00+00:00,2025-09-17 09:30:00+00:00,"[{""begin"": ""2025-09-17T10:30:00+02:00"", ""end"": ""2025-09-17T11:30:00+02:00""}]",Agence METZ GARE,57000 Metz,57000,Metz,Moselle,Grand Est,,,,"{""id"": 1, ""label"": {""fr"": ""Sur place"", ""en"": ""In situ"", ""it"": ""In presenza"", ""es"": ""Desconnectad"", ""de"": ""Offline"", ""br"": ""War al lec\u2019h"", ""io"": ""crwdns14266:0crwdne14266:0"", ""oc"": ""Sus pla\u00e7a"", ""nl"": ""Ter plaatse""}}",,"[{""type"": ""link"", ""value"": ""https://mesevenementsemploi.francetravail.fr/mes-evenements-emploi/evenement/473365""}]"
23675116,https://openagenda.com/francetravail/events/envie-de-changement-essayez-le-metier-de-conseiller-clientele-8205426,Envie de Changement ? Essayez le Métier de Conseiller Clientèle !,"À la suite d'une réunion d'information collective prévue le 4 Novembre, vous pouvez rencontrer l'employeur et candidater à l'offre.","À la suite d'une réunion d'information collective prévue le 4 Novembre, vous pouvez rencontrer l'employeur et candidater à l'offre. Les missions d'un(e) conseiller(e) clientèle dans un centre de contact incluent l'intégration dans une équipe solidaire, le traitement des demandes clients par téléphone, tchat, mail ou courrier, l'analyse des besoins des clients pour proposer des solutions adaptées et des services additionnels, la mise à jour des dossiers clients et l'assurance de leur satisfaction",,"['1 jeune  1 solution', 'Recrutement']",,"Mardi 4 novembre 2025, 14h00",2025-11-04 13:00:00+00:00,2025-11-04 15:00:00+00:00,"[{""begin"": ""2025-11-04T14:00:00+01:00"", ""end"": ""2025-11-04T16:00:00+01:00""}]",Agence METZ BLIDA,57050 Metz,57004,Metz,Moselle,Grand Est,,,,"{""id"": 1, ""label"": {""fr"": ""Sur place"", ""en"": ""In situ"", ""it"": ""In presenza"", ""es"": ""Desconnectad"", ""de"": ""Offline"", ""br"": ""War al lec\u2019h"", ""io"": ""crwdns14266:0crwdne14266:0"", ""oc"": ""Sus pla\u00e7a"", ""nl"": ""Ter plaatse""}}",,"[{""type"": ""link"", ""value"": ""https://mesevenementsemploi.francetravail.fr/mes-evenements-emploi/evenement/515343""}]"
43249067,https://openagenda.com/francetravail/events/presentation-des-metiers-de-lautomobile-en-presence-dun-recruteur,Présentation des métiers de l'automobile en présence d'un recruteur,"Si vous recherchez un emploi dans le secteur automobile en concession ou garage, que vous êtes titulaire d'un diplôme dans ce secteur (carrosserie, mécanique VL,...","Si vous recherchez un emploi dans le secteur automobile en concession ou garage, que vous êtes titulaire d'un diplôme dans ce secteur (carrosserie, mécanique VL,...) , venez participer à une présentation des différents métiers possible en présence d'un recruteur et prendre connaissance des postes disponibles. Présentation des différents métiers de l'automobile par un chargé de recrutement et de formation de la société Car Avenue avec également diffusion des postes disponibles dans les différent",,"['TaskForceEntreprise', '#TousMobilisés', 'Découverte secteur / métier', 'Recrutement']",,"Vendredi 10 avril, 08h45",2026-04-10 06:45:00+00:00,2026-04-10 08:15:00+00:00,"[{""begin"": ""2026-04-10T08:45:00+02:00"", ""end"": ""2026-04-10T10:15:00+02:00""}]",Agence METZ BLIDA,57000 Metz,57014,Metz,Moselle,Grand Est,,,,"{""id"": 1, ""label"": {""fr"": ""Sur place"", ""en"": ""In situ"", ""it"": ""In presenza"", ""es"": ""Desconnectad"", ""de"": ""Offline"", ""br"": ""War al lec\u2019h"", ""io"": ""crwdns14266:0crwdne14266:0"", ""oc"": ""Sus pla\u00e7a"", ""nl"": ""Ter plaatse""}}",,"[{""type"": ""link"", ""value"": ""https://mesevenementsemploi.francetravail.fr/mes-evenements-emploi/evenement/598780""}]"
66179654,https://openagenda.com/francetravail/events/visite-de-chantier-venez-decouvrir-les-metiers-du-batiment-avec-bouygues-en-partenariat-avec-le2c-et-le-club-des-entreprises-des-rives-d,"Visite de chantier : Venez découvrir les métiers du Bâtiment avec BOUYGUES, en partenariat avec l'E2C et le club des entreprises des Rives d",Rejoignez-nous pour une expérience unique de découverte des métiers du Bâtiment à l'occasion d'une visite de chantier à Metz Borny.,"Rejoignez-nous pour une expérience unique de découverte des métiers du Bâtiment à l'occasion d'une visite de chantier à Metz Borny. RENDEZ-VOUS DIRECTEMENT SUR LE CHANTIER : 18 rue du Maine, 57070 METZ. Organisé par l'E2C en partenariat avec le club des entreprises des Rives de Moselle et la société BOUYGUES, cet événement vous offrira l'opportunité de rencontrer des professionnels et d'explorer des carrières passionnantes. Au programme : Métiers à découvrir : maçon, conducteur de travaux, chef",,"['Métiers du BTP', ""S'informer"", 'Se préparer', 'Découverte secteur / métier']",,"Vendredi 5 juin, 09h30",2026-06-05 07:30:00+00:00,2026-06-05 09:30:00+00:00,"[{""begin"": ""2026-06-05T09:30:00+02:00"", ""end"": ""2026-06-05T11:30:00+02:00""}]",Agence METZ BLIDA,57070 Metz,57070,Metz,Moselle,Grand Est,,,,"{""id"": 1, ""label"": {""fr"": ""Sur place"", ""en"": ""In situ"", ""it"": ""In presenza"", ""es"": ""Desconnectad"", ""de"": ""Offline"", ""br"": ""War al lec\u2019h"", ""io"": ""crwdns14266:0crwdne14266:0"", ""oc"": ""Sus pla\u00e7a"", ""nl"": ""Ter plaatse""}}",,"[{""type"": ""link"", ""value"": ""https://mesevenementsemploi.francetravail.fr/mes-evenements-emploi/evenement/671210""}]"
3310876,https://openagenda.com/francetravail/events/la-caf-recrute-ses-conseillers-relation-allocataire-3996245,La CAF recrute ses conseillers relation allocataire,La CAF recrute ses futur(e)s conseillers(ères) relation allocataire et vous propose de venir découvrir le poste et l'entreprise lors d'une réunion d'information.,La CAF recrute ses futur(e)s conseillers(ères) relation allocataire et vous propose de venir découvrir le poste et l'entreprise lors d'une réunion d'information. Les conseillers relation allocataire assurent un premier niveau d'accueil physique et téléphonique des allocataires. Ils accompagnent également les allocataires dans l'utilisation des outils de téléservices tels que le site internet caf. FORMATION ET EXPERIENCE OBLIGATOIRES : Bac 2 obtenu minimum ou Bac validé avec 5 années d'expérience,,"['#TousMobilisés', 'Recrutement']",,"Jeudi 30 avril, 10h30",2026-04-30 08:30:00+00:00,2026-04-30 10:00:00+00:00,"[{""begin"": ""2026-04-30T10:30:00+02:00"", ""end"": ""2026-04-30T12:00:00+02:00""}]",Agence METZ BLIDA,57000 Metz,57014,Metz,Moselle,Grand Est,,,,"{""id"": 1, ""label"": {""fr"": ""Sur place"", ""en"": ""In situ"", ""it"": ""In presenza"", ""es"": ""Desconnectad"", ""de"": ""Offline"", ""br"": ""War al lec\u2019h"", ""io"": ""crwdns14266:0crwdne14266:0"", ""oc"": ""Sus pla\u00e7a"", ""nl"": ""Ter plaatse""}}",,"[{""type"": ""link"", ""value"": ""https://mesevenementsemploi.francetravail.fr/mes-evenements-emploi/evenement/641300""}]"
95836870,https://openagenda.com/francetravail/events/envie-de-changement-essayez-le-metier-de-conseiller-clientele-6948672,Envie de Changement ? Essayez le Métier de Conseiller Clientèle !,"À la suite d'une réunion d'information collective prévue le 08 Janvier, vous pouvez rencontrer l'employeur et candidater à l'offre.","À la suite d'une réunion d'information collective prévue le 08 Janvier, vous pouvez rencontrer l'employeur et candidater à l'offre. Les missions d'un(e) conseiller(e) clientèle dans un centre de contact incluent l'intégration dans une équipe solidaire, le traitement des demandes clients par téléphone, tchat, mail ou courrier, l'analyse des besoins des clients pour proposer des solutions adaptées et des services additionnels, la mise à jour des dossiers clients et l'assurance de leur satisfaction",,"['1 jeune  1 solution', 'Recrutement']",,"Jeudi 8 janvier, 10h00",2026-01-08 09:00:00+00:00,2026-01-08 11:00:00+00:00,"[{""begin"": ""2026-01-08T10:00:00+01:00"", ""end"": ""2026-01-08T12:00:00+01:00""}]",Agence METZ BLIDA,57050 Metz,57004,Metz,Moselle,Grand Est,,,,"{""id"": 1, ""label"": {""fr"": ""Sur place"", ""en"": ""In situ"", ""it"": ""In presenza"", ""es"": ""Desconnectad"", ""de"": ""Offline"", ""br"": ""War al lec\u2019h"", ""io"": ""crwdns14266:0crwdne14266:0"", ""oc"": ""Sus pla\u00e7a"", ""nl"": ""Ter plaatse""}}",,"[{""type"": ""link"", ""value"": ""https://mesevenementsemploi.francetravail.fr/mes-evenements-emploi/evenement/556886""}]"
91859034,https://openagenda.com/francetravail/events/chargee-de-clientele-a-distance-concentrix-recrute-1846154,Chargé(e) de clientèle à distance ... CONCENTRIX recrute !,Concentrix recrute ses futurs collaborateurs H/F qui seront chargé(e)s de la relation clients.,Concentrix recrute ses futurs collaborateurs H/F qui seront chargé(e)s de la relation clients. Pas de prospection ! Si vous aimez la relation clients et que vous maitrisez le numérique alors rejoignez-nous ! Prise de poste fin juillet. Venez découvrir ce que Concentrix peut vous proposer ... L'entreprise présentera sa structure implantée sur le Technopole de Metz ainsi que les postes à pourvoir. Un premier entretien sera mené à l'issue de la présentation pour les candidats intéressés. Merci de,,"['#TousMobilisés', 'Recrutement', 'Découverte secteur / métier']",,"Mardi 7 juillet, 09h30",2026-07-07 07:30:00+00:00,2026-07-07 09:30:00+00:00,"[{""begin"": ""2026-07-07T09:30:00+02:00"", ""end"": ""2026-07-07T11:30:00+02:00""}]",Agence METZ SEBASTOPOL,57070 Metz,57070,Metz,Moselle,Grand Est,,,,"{""id"": 1, ""label"": {""fr"": ""Sur place"", ""en"": ""In situ"", ""it"": ""In presenza"", ""es"": ""Desconnectad"", ""de"": ""Offline"", ""br"": ""War al lec\u2019h"", ""io"": ""crwdns14266:0crwdne14266:0"", ""oc"": ""Sus pla\u00e7a"", ""nl"": ""Ter plaatse""}}",,"[{""type"": ""link"", ""value"": ""https://mesevenementsemploi.francetravail.fr/mes-evenements-emploi/evenement/694122""}]"
60195732,https://openagenda.com/culture/events/dimanche-sans-fin-maurizio-cattelan-and-la-collection-du-centre-pompidou,Dimanche sans fin. Maurizio Cattelan & la collection du Centre Pompidou,"Pour ses 15 ans, le Centre Pompidou-Metz investit tous ses espaces avec des centaines d'œuvres de la collection du Centre Pompidou, en dialogue avec celles de l'artiste Maurizio Cattelan.","À l’occasion de ses 15 ans, le Centre Pompidou-Metz investit tous ses espaces – la Grande Nef, la Galerie 1, les toits des galeries et jusqu’aux recoins de son architecture – avec des centaines d'œuvres de la collection du Centre Pompidou, Musée national d'art moderne, dont le bâtiment fait l'objet d'une métamorphose pendant quelques années. Cette exposition présente des œuvres rarement exposées et des pièces dont on ne soupçonnerait pas la présence dans la collection, en dialogue avec les œuvres de l'artiste international Maurizio Cattelan. Suivant les 27 entrées d’un abécédaire, elle met à l’honneur les mouvements de l’histoire de l’art dans leur pluralité et aborde la notion de « dimanche » soulevant des questions sociales, politiques et esthétiques. Y sont présentés en majesté l'extraordinaire mur de l’atelier d’André Breton ainsi que la table de jeu d'échecs de Marcel Duchamp qui a récemment rejoint la collection du Musée national d’art moderne.","7, 10 ou 14€ selon le nombre d'expositions ouvertes le jour de la visite","['exposition', 'art moderne', 'art contemporain', 'maurizio cattelan', 'centre pompidou', 'dimanche']",,8 mai 2025 - 1 février 2027,2025-05-08 08:00:00+00:00,2027-02-01 17:00:00+00:00,"[{""begin"": ""2025-05-08T10:00:00+02:00"", ""end"": ""2025-05-08T18:00:00+02:00""}, {""begin"": ""2025-05-09T10:00:00+02:00"", ""end"": ""2025-05-09T19:00:00+02:00""}, {""begin"": ""2025-05-10T10:00:00+02:00"", ""end"": ""2025-05-10T19:00:00+02:00""}, {""begin"": ""2025-05-11T10:00:00+02:00"", ""end"": ""2025-05-11T19:00:00+02:00""}, {""begin"": ""2025-05-12T10:00:00+02:00"", ""end"": ""2025-05-12T18:00:00+02:00""}, {""begin"": ""2025-05-14T10:00:00+02:00"", ""end"": ""2025-05-14T18:00:00+02:00""}, {""begin"": ""2025-05-15T10:00:00+02:00"", ""end"": ""2025-05-15T18:00:00+02:00""}, {""begin"": ""2025-05-16T10:00:00+02:00"", ""end"": ""2025-05-16T19:00:00+02:00""}, {""begin"": ""2025-05-17T10:00:00+02:00"", ""end"": ""2025-05-17T19:00:00+02:00""}, {""begin"": ""2025-05-18T10:00:00+02:00"", ""end"": ""2025-05-18T19:00:00+02:00""}, {""begin"": ""2025-05-19T10:00:00+02:00"", ""end"": ""2025-05-19T18:00:00+02:00""}, {""begin"": ""2025-05-21T10:00:00+02:00"", ""end"": ""2025-05-21T18:00:00+02:00""}, {""begin"": ""2025-05-22T10:00:00+02:00"", ""end"": ""2025-05-22T18:00:00+02:00""}, {""begin"": ""2025-05-23T10:00:00+02:00"", ""end"": ""2025-05-23T19:00:00+02:00""}, {""begin"": ""2025-05-24T10:00:00+02:00"", ""end"": ""2025-05-24T19:00:00+02:00""}, {""begin"": ""2025-05-25T10:00:00+02:00"", ""end"": ""2025-05-25T19:00:00+02:00""}, {""begin"": ""2025-05-26T10:00:00+02:00"", ""end"": ""2025-05-26T18:00:00+02:00""}, {""begin"": ""2025-05-28T10:00:00+02:00"", ""end"": ""2025-05-28T18:00:00+02:00""}, {""begin"": ""2025-05-29T10:00:00+02:00"", ""end"": ""2025-05-29T18:00:00+02:00""}, {""begin"": ""2025-05-30T10:00:00+02:00"", ""end"": ""2025-05-30T19:00:00+02:00""}, {""begin"": ""2025-05-31T10:00:00+02:00"", ""end"": ""2025-05-31T19:00:00+02:00""}, {""begin"": ""2025-06-01T10:00:00+02:00"", ""end"": ""2025-06-01T19:00:00+02:00""}, {""begin"": ""2025-06-02T10:00:00+02:00"", ""end"": ""2025-06-02T18:00:00+02:00""}, {""begin"": ""2025-06-04T10:00:00+02:00"", ""end"": ""2025-06-04T18:00:00+02:00""}, {""begin"": ""2025-06-05T10:00:00+02:00"", ""end"": ""2025-06-05T18:00:00+02:00""}, {""begin"": ""2025-06-06T10:00:00+02:00"", ""end"": ""2025-06-06T19:00:00+02:00""}, {""begin"": ""2025-06-07T10:00:00+02:00"", ""end"": ""2025-06-07T19:00:00+02:00""}, {""begin"": ""2025-06-08T10:00:00+02:00"", ""end"": ""2025-06-08T19:00:00+02:00""}, {""begin"": ""2025-06-09T10:00:00+02:00"", ""end"": ""2025-06-09T18:00:00+02:00""}, {""begin"": ""2025-06-11T10:00:00+02:00"", ""end"": ""2025-06-11T18:00:00+02:00""}, {""begin"": ""2025-06-12T10:00:00+02:00"", ""end"": ""2025-06-12T18:00:00+02:00""}, {""begin"": ""2025-06-13T10:00:00+02:00"", ""end"": ""2025-06-13T19:00:00+02:00""}, {""begin"": ""2025-06-14T10:00:00+02:00"", ""end"": ""2025-06-14T19:00:00+02:00""}, {""begin"": ""2025-06-15T10:00:00+02:00"", ""end"": ""2025-06-15T19:00:00+02:00""}, {""begin"": ""2025-06-16T10:00:00+02:00"", ""end"": ""2025-06-16T18:00:00+02:00""}, {""begin"": ""2025-06-18T10:00:00+02:00"", ""end"": ""2025-06-18T18:00:00+02:00""}, {""begin"": ""2025-06-19T10:00:00+02:00"", ""end"": ""2025-06-19T18:00:00+02:00""}, {""begin"": ""2025-06-20T10:00:00+02:00"", ""end"": ""2025-06-20T19:00:00+02:00""}, {""begin"": ""2025-06-21T10:00:00+02:00"", ""end"": ""2025-06-21T19:00:00+02:00""}, {""begin"": ""2025-06-22T10:00:00+02:00"", ""end"": ""2025-06-22T19:00:00+02:00""}, {""begin"": ""2025-06-23T10:00:00+02:00"", ""end"": ""2025-06-23T18:00:00+02:00""}, {""begin"": ""2025-06-25T10:00:00+02:00"", ""end"": ""2025-06-25T18:00:00+02:00""}, {""begin"": ""2025-06-26T10:00:00+02:00"", ""end"": ""2025-06-26T18:00:00+02:00""}, {""begin"": ""2025-06-27T10:00:00+02:00"", ""end"": ""2025-06-27T19:00:00+02:00""}, {""begin"": ""2025-06-28T10:00:00+02:00"", ""end"": ""2025-06-28T19:00:00+02:00""}, {""begin"": ""2025-06-29T10:00:00+02:00"", ""end"": ""2025-06-29T19:00:00+02:00""}, {""begin"": ""2025-06-30T10:00:00+02:00"", ""end"": ""2025-06-30T18:00:00+02:00""}, {""begin"": ""2025-07-02T10:00:00+02:00"", ""end"": ""2025-07-02T18:00:00+02:00""}, {""begin"": ""2025-07-03T10:00:00+02:00"", ""end"": ""2025-07-03T18:00:00+02:00""}, {""begin"": ""2025-07-04T10:00:00+02:00"", ""end"": ""2025-07-04T19:00:00+02:00""}, {""begin"": ""2025-07-05T10:00:00+02:00"", ""end"": ""2025-07-05T19:00:00+02:00""}, {""begin"": ""2025-07-06T10:00:00+02:00"", ""end"": ""2025-07-06T19:00:00+02:00""}, {""begin"": ""2025-07-07T10:00:00+02:00"", ""end"": ""2025-07-07T18:00:00+02:00""}, {""begin"": ""2025-07-09T10:00:00+02:00"", ""end"": ""2025-07-09T18:00:00+02:00""}, {""begin"": ""2025-07-10T10:00:00+02:00"", ""end"": ""2025-07-10T18:00:00+02:00""}, {""begin"": ""2025-07-11T10:00:00+02:00"", ""end"": ""2025-07-11T19:00:00+02:00""}, {""begin"": ""2025-07-12T10:00:00+02:00"", ""end"": ""2025-07-12T19:00:00+02:00""}, {""begin"": ""2025-07-13T10:00:00+02:00"", ""end"": ""2025-07-13T19:00:00+02:00""}, {""begin"": ""2025-07-14T10:00:00+02:00"", ""end"": ""2025-07-14T18:00:00+02:00""}, {""begin"": ""2025-07-16T10:00:00+02:00"", ""end"": ""2025-07-16T18:00:00+02:00""}, {""begin"": ""2025-07-17T10:00:00+02:00"", ""end"": ""2025-07-17T18:00:00+02:00""}, {""begin"": ""2025-07-18T10:00:00+02:00"", ""end"": ""2025-07-18T19:00:00+02:00""}, {""begin"": ""2025-07-19T10:00:00+02:00"", ""end"": ""2025-07-19T19:00:00+02:00""}, {""begin"": ""2025-07-20T10:00:00+02:00"", ""end"": ""2025-07-20T19:00:00+02:00""}, {""begin"": ""2025-07-21T10:00:00+02:00"", ""end"": ""2025-07-21T18:00:00+02:00""}, {""begin"": ""2025-07-23T10:00:00+02:00"", ""end"": ""2025-07-23T18:00:00+02:00""}, {""begin"": ""2025-07-24T10:00:00+02:00"", ""end"": ""2025-07-24T18:00:00+02:00""}, {""begin"": ""2025-07-25T10:00:00+02:00"", ""end"": ""2025-07-25T19:00:00+02:00""}, {""begin"": ""2025-07-26T10:00:00+02:00"", ""end"": ""2025-07-26T19:00:00+02:00""}, {""begin"": ""2025-07-27T10:00:00+02:00"", ""end"": ""2025-07-27T19:00:00+02:00""}, {""begin"": ""2025-07-28T10:00:00+02:00"", ""end"": ""2025-07-28T18:00:00+02:00""}, {""begin"": ""2025-07-30T10:00:00+02:00"", ""end"": ""2025-07-30T18:00:00+02:00""}, {""begin"": ""2025-07-31T10:00:00+02:00"", ""end"": ""2025-07-31T18:00:00+02:00""}, {""begin"": ""2025-08-01T10:00:00+02:00"", ""end"": ""2025-08-01T19:00:00+02:00""}, {""begin"": ""2025-08-02T10:00:00+02:00"", ""end"": ""2025-08-02T19:00:00+02:00""}, {""begin"": ""2025-08-03T10:00:00+02:00"", ""end"": ""2025-08-03T19:00:00+02:00""}, {""begin"": ""2025-08-04T10:00:00+02:00"", ""end"": ""2025-08-04T18:00:00+02:00""}, {""begin"": ""2025-08-06T10:00:00+02:00"", ""end"": ""2025-08-06T18:00:00+02:00""}, {""begin"": ""2025-08-07T10:00:00+02:00"", ""end"": ""2025-08-07T18:00:00+02:00""}, {""begin"": ""2025-08-08T10:00:00+02:00"", ""end"": ""2025-08-08T19:00:00+02:00""}, {""begin"": ""2025-08-09T10:00:00+02:00"", ""end"": ""2025-08-09T19:00:00+02:00""}, {""begin"": ""2025-08-10T10:00:00+02:00"", ""end"": ""2025-08-10T19:00:00+02:00""}, {""begin"": ""2025-08-11T10:00:00+02:00"", ""end"": ""2025-08-11T18:00:00+02:00""}, {""begin"": ""2025-08-13T10:00:00+02:00"", ""end"": ""2025-08-13T18:00:00+02:00""}, {""begin"": ""2025-08-14T10:00:00+02:00"", ""end"": ""2025-08-14T18:00:00+02:00""}, {""begin"": ""2025-08-15T10:00:00+02:00"", ""end"": ""2025-08-15T19:00:00+02:00""}, {""begin"": ""2025-08-16T10:00:00+02:00"", ""end"": ""2025-08-16T19:00:00+02:00""}, {""begin"": ""2025-08-17T10:00:00+02:00"", ""end"": ""2025-08-17T19:00:00+02:00""}, {""begin"": ""2025-08-18T10:00:00+02:00"", ""end"": ""2025-08-18T18:00:00+02:00""}, {""begin"": ""2025-08-20T10:00:00+02:00"", ""end"": ""2025-08-20T18:00:00+02:00""}, {""begin"": ""2025-08-21T10:00:00+02:00"", ""end"": ""2025-08-21T18:00:00+02:00""}, {""begin"": ""2025-08-22T10:00:00+02:00"", ""end"": ""2025-08-22T19:00:00+02:00""}, {""begin"": ""2025-08-23T10:00:00+02:00"", ""end"": ""2025-08-23T19:00:00+02:00""}, {""begin"": ""2025-08-24T10:00:00+02:00"", ""end"": ""2025-08-24T19:00:00+02:00""}, {""begin"": ""2025-08-25T10:00:00+02:00"", ""end"": ""2025-08-25T18:00:00+02:00""}, {""begin"": ""2025-08-27T10:00:00+02:00"", ""end"": ""2025-08-27T18:00:00+02:00""}, {""begin"": ""2025-08-28T10:00:00+02:00"", ""end"": ""2025-08-28T18:00:00+02:00""}, {""begin"": ""2025-08-29T10:00:00+02:00"", ""end"": ""2025-08-29T19:00:00+02:00""}, {""begin"": ""2025-08-30T10:00:00+02:00"", ""end"": ""2025-08-30T19:00:00+02:00""}, {""begin"": ""2025-08-31T10:00:00+02:00"", ""end"": ""2025-08-31T19:00:00+02:00""}, {""begin"": ""2025-09-01T10:00:00+02:00"", ""end"": ""2025-09-01T18:00:00+02:00""}, {""begin"": ""2025-09-03T10:00:00+02:00"", ""end"": ""2025-09-03T18:00:00+02:00""}, {""begin"": ""2025-09-04T10:00:00+02:00"", ""end"": ""2025-09-04T18:00:00+02:00""}, {""begin"": ""2025-09-05T10:00:00+02:00"", ""end"": ""2025-09-05T19:00:00+02:00""}, {""begin"": ""2025-09-06T10:00:00+02:00"", ""end"": ""2025-09-06T19:00:00+02:00""}, {""begin"": ""2025-09-07T10:00:00+02:00"", ""end"": ""2025-09-07T19:00:00+02:00""}, {""begin"": ""2025-09-08T10:00:00+02:00"", ""end"": ""2025-09-08T18:00:00+02:00""}, {""begin"": ""2025-09-10T10:00:00+02:00"", ""end"": ""2025-09-10T18:00:00+02:00""}, {""begin"": ""2025-09-11T10:00:00+02:00"", ""end"": ""2025-09-11T18:00:00+02:00""}, {""begin"": ""2025-09-12T10:00:00+02:00"", ""end"": ""2025-09-12T19:00:00+02:00""}, {""begin"": ""2025-09-13T10:00:00+02:00"", ""end"": ""2025-09-13T19:00:00+02:00""}, {""begin"": ""2025-09-14T10:00:00+02:00"", ""end"": ""2025-09-14T19:00:00+02:00""}, {""begin"": ""2025-09-15T10:00:00+02:00"", ""end"": ""2025-09-15T18:00:00+02:00""}, {""begin"": ""2025-09-17T10:00:00+02:00"", ""end"": ""2025-09-17T18:00:00+02:00""}, {""begin"": ""2025-09-18T10:00:00+02:00"", ""end"": ""2025-09-18T18:00:00+02:00""}, {""begin"": ""2025-09-19T10:00:00+02:00"", ""end"": ""2025-09-19T19:00:00+02:00""}, {""begin"": ""2025-09-20T10:00:00+02:00"", ""end"": ""2025-09-20T19:00:00+02:00""}, {""begin"": ""2025-09-21T10:00:00+02:00"", ""end"": ""2025-09-21T19:00:00+02:00""}, {""begin"": ""2025-09-22T10:00:00+02:00"", ""end"": ""2025-09-22T18:00:00+02:00""}, {""begin"": ""2025-09-24T10:00:00+02:00"", ""end"": ""2025-09-24T18:00:00+02:00""}, {""begin"": ""2025-09-25T10:00:00+02:00"", ""end"": ""2025-09-25T18:00:00+02:00""}, {""begin"": ""2025-09-26T10:00:00+02:00"", ""end"": ""2025-09-26T19:00:00+02:00""}, {""begin"": ""2025-09-27T10:00:00+02:00"", ""end"": ""2025-09-27T19:00:00+02:00""}, {""begin"": ""2025-09-28T10:00:00+02:00"", ""end"": ""2025-09-28T19:00:00+02:00""}, {""begin"": ""2025-09-29T10:00:00+02:00"", ""end"": ""2025-09-29T18:00:00+02:00""}, {""begin"": ""2025-10-01T10:00:00+02:00"", ""end"": ""2025-10-01T18:00:00+02:00""}, {""begin"": ""2025-10-02T10:00:00+02:00"", ""end"": ""2025-10-02T18:00:00+02:00""}, {""begin"": ""2025-10-03T10:00:00+02:00"", ""end"": ""2025-10-03T19:00:00+02:00""}, {""begin"": ""2025-10-04T10:00:00+02:00"", ""end"": ""2025-10-04T19:00:00+02:00""}, {""begin"": ""2025-10-05T10:00:00+02:00"", ""end"": ""2025-10-05T19:00:00+02:00""}, {""begin"": ""2025-10-06T10:00:00+02:00"", ""end"": ""2025-10-06T18:00:00+02:00""}, {""begin"": ""2025-10-08T10:00:00+02:00"", ""end"": ""2025-10-08T18:00:00+02:00""}, {""begin"": ""2025-10-09T10:00:00+02:00"", ""end"": ""2025-10-09T18:00:00+02:00""}, {""begin"": ""2025-10-10T10:00:00+02:00"", ""end"": ""2025-10-10T19:00:00+02:00""}, {""begin"": ""2025-10-11T10:00:00+02:00"", ""end"": ""2025-10-11T19:00:00+02:00""}, {""begin"": ""2025-10-12T10:00:00+02:00"", ""end"": ""2025-10-12T19:00:00+02:00""}, {""begin"": ""2025-10-13T10:00:00+02:00"", ""end"": ""2025-10-13T18:00:00+02:00""}, {""begin"": ""2025-10-15T10:00:00+02:00"", ""end"": ""2025-10-15T18:00:00+02:00""}, {""begin"": ""2025-10-16T10:00:00+02:00"", ""end"": ""2025-10-16T18:00:00+02:00""}, {""begin"": ""2025-10-17T10:00:00+02:00"", ""end"": ""2025-10-17T19:00:00+02:00""}, {""begin"": ""2025-10-18T10:00:00+02:00"", ""end"": ""2025-10-18T19:00:00+02:00""}, {""begin"": ""2025-10-19T10:00:00+02:00"", ""end"": ""2025-10-19T19:00:00+02:00""}, {""begin"": ""2025-10-20T10:00:00+02:00"", ""end"": ""2025-10-20T18:00:00+02:00""}, {""begin"": ""2025-10-22T10:00:00+02:00"", ""end"": ""2025-10-22T18:00:00+02:00""}, {""begin"": ""2025-10-23T10:00:00+02:00"", ""end"": ""2025-10-23T18:00:00+02:00""}, {""begin"": ""2025-10-24T10:00:00+02:00"", ""end"": ""2025-10-24T19:00:00+02:00""}, {""begin"": ""2025-10-25T10:00:00+02:00"", ""end"": ""2025-10-25T19:00:00+02:00""}, {""begin"": ""2025-10-26T10:00:00+01:00"", ""end"": ""2025-10-26T19:00:00+01:00""}, {""begin"": ""2025-10-27T10:00:00+01:00"", ""end"": ""2025-10-27T18:00:00+01:00""}, {""begin"": ""2025-10-29T10:00:00+01:00"", ""end"": ""2025-10-29T18:00:00+01:00""}, {""begin"": ""2025-10-30T10:00:00+01:00"", ""end"": ""2025-10-30T18:00:00+01:00""}, {""begin"": ""2025-10-31T10:00:00+01:00"", ""end"": ""2025-10-31T19:00:00+01:00""}, {""begin"": ""2025-11-01T10:00:00+01:00"", ""end"": ""2025-11-01T18:00:00+01:00""}, {""begin"": ""2025-11-02T10:00:00+01:00"", ""end"": ""2025-11-02T18:00:00+01:00""}, {""begin"": ""2025-11-03T10:00:00+01:00"", ""end"": ""2025-11-03T18:00:00+01:00""}, {""begin"": ""2025-11-05T10:00:00+01:00"", ""end"": ""2025-11-05T18:00:00+01:00""}, {""begin"": ""2025-11-06T10:00:00+01:00"", ""end"": ""2025-11-06T18:00:00+01:00""}, {""begin"": ""2025-11-07T10:00:00+01:00"", ""end"": ""2025-11-07T18:00:00+01:00""}, {""begin"": ""2025-11-08T10:00:00+01:00"", ""end"": ""2025-11-08T18:00:00+01:00""}, {""begin"": ""2025-11-09T10:00:00+01:00"", ""end"": ""2025-11-09T18:00:00+01:00""}, {""begin"": ""2025-11-10T10:00:00+01:00"", ""end"": ""2025-11-10T18:00:00+01:00""}, {""begin"": ""2025-11-12T10:00:00+01:00"", ""end"": ""2025-11-12T18:00:00+01:00""}, {""begin"": ""2025-11-13T10:00:00+01:00"", ""end"": ""2025-11-13T18:00:00+01:00""}, {""begin"": ""2025-11-14T10:00:00+01:00"", ""end"": ""2025-11-14T18:00:00+01:00""}, {""begin"": ""2025-11-15T10:00:00+01:00"", ""end"": ""2025-11-15T18:00:00+01:00""}, {""begin"": ""2025-11-16T10:00:00+01:00"", ""end"": ""2025-11-16T18:00:00+01:00""}, {""begin"": ""2025-11-17T10:00:00+01:00"", ""end"": ""2025-11-17T18:00:00+01:00""}, {""begin"": ""2025-11-19T10:00:00+01:00"", ""end"": ""2025-11-19T18:00:00+01:00""}, {""begin"": ""2025-11-20T10:00:00+01:00"", ""end"": ""2025-11-20T18:00:00+01:00""}, {""begin"": ""2025-11-21T10:00:00+01:00"", ""end"": ""2025-11-21T18:00:00+01:00""}, {""begin"": ""2025-11-22T10:00:00+01:00"", ""end"": ""2025-11-22T18:00:00+01:00""}, {""begin"": ""2025-11-23T10:00:00+01:00"", ""end"": ""2025-11-23T18:00:00+01:00""}, {""begin"": ""2025-11-24T10:00:00+01:00"", ""end"": ""2025-11-24T18:00:00+01:00""}, {""begin"": ""2025-11-26T10:00:00+01:00"", ""end"": ""2025-11-26T18:00:00+01:00""}, {""begin"": ""2025-11-27T10:00:00+01:00"", ""end"": ""2025-11-27T18:00:00+01:00""}, {""begin"": ""2025-11-28T10:00:00+01:00"", ""end"": ""2025-11-28T18:00:00+01:00""}, {""begin"": ""2025-11-29T10:00:00+01:00"", ""end"": ""2025-11-29T18:00:00+01:00""}, {""begin"": ""2025-11-30T10:00:00+01:00"", ""end"": ""2025-11-30T18:00:00+01:00""}, {""begin"": ""2025-12-01T10:00:00+01:00"", ""end"": ""2025-12-01T18:00:00+01:00""}, {""begin"": ""2025-12-03T10:00:00+01:00"", ""end"": ""2025-12-03T18:00:00+01:00""}, {""begin"": ""2025-12-04T10:00:00+01:00"", ""end"": ""2025-12-04T18:00:00+01:00""}, {""begin"": ""2025-12-05T10:00:00+01:00"", ""end"": ""2025-12-05T18:00:00+01:00""}, {""begin"": ""2025-12-06T10:00:00+01:00"", ""end"": ""2025-12-06T18:00:00+01:00""}, {""begin"": ""2025-12-07T10:00:00+01:00"", ""end"": ""2025-12-07T18:00:00+01:00""}, {""begin"": ""2025-12-08T10:00:00+01:00"", ""end"": ""2025-12-08T18:00:00+01:00""}, {""begin"": ""2025-12-10T10:00:00+01:00"", ""end"": ""2025-12-10T18:00:00+01:00""}, {""begin"": ""2025-12-11T10:00:00+01:00"", ""end"": ""2025-12-11T18:00:00+01:00""}, {""begin"": ""2025-12-12T10:00:00+01:00"", ""end"": ""2025-12-12T18:00:00+01:00""}, {""begin"": ""2025-12-13T10:00:00+01:00"", ""end"": ""2025-12-13T18:00:00+01:00""}, {""begin"": ""2025-12-14T10:00:00+01:00"", ""end"": ""2025-12-14T18:00:00+01:00""}, {""begin"": ""2025-12-15T10:00:00+01:00"", ""end"": ""2025-12-15T18:00:00+01:00""}, {""begin"": ""2025-12-17T10:00:00+01:00"", ""end"": ""2025-12-17T18:00:00+01:00""}, {""begin"": ""2025-12-18T10:00:00+01:00"", ""end"": ""2025-12-18T18:00:00+01:00""}, {""begin"": ""2025-12-19T10:00:00+01:00"", ""end"": ""2025-12-19T18:00:00+01:00""}, {""begin"": ""2025-12-20T10:00:00+01:00"", ""end"": ""2025-12-20T18:00:00+01:00""}, {""begin"": ""2025-12-21T10:00:00+01:00"", ""end"": ""2025-12-21T18:00:00+01:00""}, {""begin"": ""2025-12-22T10:00:00+01:00"", ""end"": ""2025-12-22T18:00:00+01:00""}, {""begin"": ""2025-12-24T10:00:00+01:00"", ""end"": ""2025-12-24T18:00:00+01:00""}, {""begin"": ""2025-12-25T10:00:00+01:00"", ""end"": ""2025-12-25T18:00:00+01:00""}, {""begin"": ""2025-12-26T10:00:00+01:00"", ""end"": ""2025-12-26T18:00:00+01:00""}, {""begin"": ""2025-12-27T10:00:00+01:00"", ""end"": ""2025-12-27T18:00:00+01:00""}, {""begin"": ""2025-12-28T10:00:00+01:00"", ""end"": ""2025-12-28T18:00:00+01:00""}, {""begin"": ""2025-12-29T10:00:00+01:00"", ""end"": ""2025-12-29T18:00:00+01:00""}, {""begin"": ""2025-12-31T10:00:00+01:00"", ""end"": ""2025-12-31T18:00:00+01:00""}, {""begin"": ""2026-01-01T10:00:00+01:00"", ""end"": ""2026-01-01T18:00:00+01:00""}, {""begin"": ""2026-01-02T10:00:00+01:00"", ""end"": ""2026-01-02T18:00:00+01:00""}, {""begin"": ""2026-01-03T10:00:00+01:00"", ""end"": ""2026-01-03T18:00:00+01:00""}, {""begin"": ""2026-01-04T10:00:00+01:00"", ""end"": ""2026-01-04T18:00:00+01:00""}, {""begin"": ""2026-01-05T10:00:00+01:00"", ""end"": ""2026-01-05T18:00:00+01:00""}, {""begin"": ""2026-01-07T10:00:00+01:00"", ""end"": ""2026-01-07T18:00:00+01:00""}, {""begin"": ""2026-01-08T10:00:00+01:00"", ""end"": ""2026-01-08T18:00:00+01:00""}, {""begin"": ""2026-01-09T10:00:00+01:00"", ""end"": ""2026-01-09T18:00:00+01:00""}, {""begin"": ""2026-01-10T10:00:00+01:00"", ""end"": ""2026-01-10T18:00:00+01:00""}, {""begin"": ""2026-01-11T10:00:00+01:00"", ""end"": ""2026-01-11T18:00:00+01:00""}, {""begin"": ""2026-01-12T10:00:00+01:00"", ""end"": ""2026-01-12T18:00:00+01:00""}, {""begin"": ""2026-01-14T10:00:00+01:00"", ""end"": ""2026-01-14T18:00:00+01:00""}, {""begin"": ""2026-01-15T10:00:00+01:00"", ""end"": ""2026-01-15T18:00:00+01:00""}, {""begin"": ""2026-01-16T10:00:00+01:00"", ""end"": ""2026-01-16T18:00:00+01:00""}, {""begin"": ""2026-01-17T10:00:00+01:00"", ""end"": ""2026-01-17T18:00:00+01:00""}, {""begin"": ""2026-01-18T10:00:00+01:00"", ""end"": ""2026-01-18T18:00:00+01:00""}, {""begin"": ""2026-01-19T10:00:00+01:00"", ""end"": ""2026-01-19T18:00:00+01:00""}, {""begin"": ""2026-01-21T10:00:00+01:00"", ""end"": ""2026-01-21T18:00:00+01:00""}, {""begin"": ""2026-01-22T10:00:00+01:00"", ""end"": ""2026-01-22T18:00:00+01:00""}, {""begin"": ""2026-01-23T10:00:00+01:00"", ""end"": ""2026-01-23T18:00:00+01:00""}, {""begin"": ""2026-01-24T10:00:00+01:00"", ""end"": ""2026-01-24T18:00:00+01:00""}, {""begin"": ""2026-01-25T10:00:00+01:00"", ""end"": ""2026-01-25T18:00:00+01:00""}, {""begin"": ""2026-01-26T10:00:00+01:00"", ""end"": ""2026-01-26T18:00:00+01:00""}, {""begin"": ""2026-01-28T10:00:00+01:00"", ""end"": ""2026-01-28T18:00:00+01:00""}, {""begin"": ""2026-01-29T10:00:00+01:00"", ""end"": ""2026-01-29T18:00:00+01:00""}, {""begin"": ""2026-01-30T10:00:00+01:00"", ""end"": ""2026-01-30T18:00:00+01:00""}, {""begin"": ""2026-01-31T10:00:00+01:00"", ""end"": ""2026-01-31T18:00:00+01:00""}, {""begin"": ""2026-02-01T10:00:00+01:00"", ""end"": ""2026-02-01T18:00:00+01:00""}, {""begin"": ""2026-02-02T10:00:00+01:00"", ""end"": ""2026-02-02T18:00:00+01:00""}, {""begin"": ""2026-02-04T10:00:00+01:00"", ""end"": ""2026-02-04T18:00:00+01:00""}, {""begin"": ""2026-02-05T10:00:00+01:00"", ""end"": ""2026-02-05T18:00:00+01:00""}, {""begin"": ""2026-02-06T10:00:00+01:00"", ""end"": ""2026-02-06T18:00:00+01:00""}, {""begin"": ""2026-02-07T10:00:00+01:00"", ""end"": ""2026-02-07T18:00:00+01:00""}, {""begin"": ""2026-02-08T10:00:00+01:00"", ""end"": ""2026-02-08T18:00:00+01:00""}, {""begin"": ""2026-02-09T10:00:00+01:00"", ""end"": ""2026-02-09T18:00:00+01:00""}, {""begin"": ""2026-02-11T10:00:00+01:00"", ""end"": ""2026-02-11T18:00:00+01:00""}, {""begin"": ""2026-02-12T10:00:00+01:00"", ""end"": ""2026-02-12T18:00:00+01:00""}, {""begin"": ""2026-02-13T10:00:00+01:00"", ""end"": ""2026-02-13T18:00:00+01:00""}, {""begin"": ""2026-02-14T10:00:00+01:00"", ""end"": ""2026-02-14T18:00:00+01:00""}, {""begin"": ""2026-02-15T10:00:00+01:00"", ""end"": ""2026-02-15T18:00:00+01:00""}, {""begin"": ""2026-02-16T10:00:00+01:00"", ""end"": ""2026-02-16T18:00:00+01:00""}, {""begin"": ""2026-02-18T10:00:00+01:00"", ""end"": ""2026-02-18T18:00:00+01:00""}, {""begin"": ""2026-02-19T10:00:00+01:00"", ""end"": ""2026-02-19T18:00:00+01:00""}, {""begin"": ""2026-02-20T10:00:00+01:00"", ""end"": ""2026-02-20T18:00:00+01:00""}, {""begin"": ""2026-02-21T10:00:00+01:00"", ""end"": ""2026-02-21T18:00:00+01:00""}, {""begin"": ""2026-02-22T10:00:00+01:00"", ""end"": ""2026-02-22T18:00:00+01:00""}, {""begin"": ""2026-02-23T10:00:00+01:00"", ""end"": ""2026-02-23T18:00:00+01:00""}, {""begin"": ""2026-02-25T10:00:00+01:00"", ""end"": ""2026-02-25T18:00:00+01:00""}, {""begin"": ""2026-02-26T10:00:00+01:00"", ""end"": ""2026-02-26T18:00:00+01:00""}, {""begin"": ""2026-02-27T10:00:00+01:00"", ""end"": ""2026-02-27T18:00:00+01:00""}, {""begin"": ""2026-02-28T10:00:00+01:00"", ""end"": ""2026-02-28T18:00:00+01:00""}, {""begin"": ""2026-03-01T10:00:00+01:00"", ""end"": ""2026-03-01T18:00:00+01:00""}, {""begin"": ""2026-03-02T10:00:00+01:00"", ""end"": ""2026-03-02T18:00:00+01:00""}, {""begin"": ""2026-03-04T10:00:00+01:00"", ""end"": ""2026-03-04T18:00:00+01:00""}, {""begin"": ""2026-03-05T10:00:00+01:00"", ""end"": ""2026-03-05T18:00:00+01:00""}, {""begin"": ""2026-03-06T10:00:00+01:00"", ""end"": ""2026-03-06T18:00:00+01:00""}, {""begin"": ""2026-03-07T10:00:00+01:00"", ""end"": ""2026-03-07T18:00:00+01:00""}, {""begin"": ""2026-03-08T10:00:00+01:00"", ""end"": ""2026-03-08T18:00:00+01:00""}, {""begin"": ""2026-03-09T10:00:00+01:00"", ""end"": ""2026-03-09T18:00:00+01:00""}, {""begin"": ""2026-03-11T10:00:00+01:00"", ""end"": ""2026-03-11T18:00:00+01:00""}, {""begin"": ""2026-03-12T10:00:00+01:00"", ""end"": ""2026-03-12T18:00:00+01:00""}, {""begin"": ""2026-03-13T10:00:00+01:00"", ""end"": ""2026-03-13T18:00:00+01:00""}, {""begin"": ""2026-03-14T10:00:00+01:00"", ""end"": ""2026-03-14T18:00:00+01:00""}, {""begin"": ""2026-03-15T10:00:00+01:00"", ""end"": ""2026-03-15T18:00:00+01:00""}, {""begin"": ""2026-03-16T10:00:00+01:00"", ""end"": ""2026-03-16T18:00:00+01:00""}, {""begin"": ""2026-03-18T10:00:00+01:00"", ""end"": ""2026-03-18T18:00:00+01:00""}, {""begin"": ""2026-03-19T10:00:00+01:00"", ""end"": ""2026-03-19T18:00:00+01:00""}, {""begin"": ""2026-03-20T10:00:00+01:00"", ""end"": ""2026-03-20T18:00:00+01:00""}, {""begin"": ""2026-03-21T10:00:00+01:00"", ""end"": ""2026-03-21T18:00:00+01:00""}, {""begin"": ""2026-03-22T10:00:00+01:00"", ""end"": ""2026-03-22T18:00:00+01:00""}, {""begin"": ""2026-03-23T10:00:00+01:00"", ""end"": ""2026-03-23T18:00:00+01:00""}, {""begin"": ""2026-03-25T10:00:00+01:00"", ""end"": ""2026-03-25T18:00:00+01:00""}, {""begin"": ""2026-03-26T10:00:00+01:00"", ""end"": ""2026-03-26T18:00:00+01:00""}, {""begin"": ""2026-03-27T10:00:00+01:00"", ""end"": ""2026-03-27T18:00:00+01:00""}, {""begin"": ""2026-03-28T10:00:00+01:00"", ""end"": ""2026-03-28T18:00:00+01:00""}, {""begin"": ""2026-03-29T10:00:00+02:00"", ""end"": ""2026-03-29T18:00:00+02:00""}, {""begin"": ""2026-03-30T10:00:00+02:00"", ""end"": ""2026-03-30T18:00:00+02:00""}, {""begin"": ""2026-04-01T10:00:00+02:00"", ""end"": ""2026-04-01T18:00:00+02:00""}, {""begin"": ""2026-04-02T10:00:00+02:00"", ""end"": ""2026-04-02T18:00:00+02:00""}, {""begin"": ""2026-04-03T10:00:00+02:00"", ""end"": ""2026-04-03T19:00:00+02:00""}, {""begin"": ""2026-04-04T10:00:00+02:00"", ""end"": ""2026-04-04T19:00:00+02:00""}, {""begin"": ""2026-04-05T10:00:00+02:00"", ""end"": ""2026-04-05T19:00:00+02:00""}, {""begin"": ""2026-04-06T10:00:00+02:00"", ""end"": ""2026-04-06T18:00:00+02:00""}, {""begin"": ""2026-04-08T10:00:00+02:00"", ""end"": ""2026-04-08T18:00:00+02:00""}, {""begin"": ""2026-04-09T10:00:00+02:00"", ""end"": ""2026-04-09T18:00:00+02:00""}, {""begin"": ""2026-04-10T10:00:00+02:00"", ""end"": ""2026-04-10T19:00:00+02:00""}, {""begin"": ""2026-04-11T10:00:00+02:00"", ""end"": ""2026-04-11T19:00:00+02:00""}, {""begin"": ""2026-04-12T10:00:00+02:00"", ""end"": ""2026-04-12T19:00:00+02:00""}, {""begin"": ""2026-04-13T10:00:00+02:00"", ""end"": ""2026-04-13T18:00:00+02:00""}, {""begin"": ""2026-04-15T10:00:00+02:00"", ""end"": ""2026-04-15T18:00:00+02:00""}, {""begin"": ""2026-04-16T10:00:00+02:00"", ""end"": ""2026-04-16T18:00:00+02:00""}, {""begin"": ""2026-04-17T10:00:00+02:00"", ""end"": ""2026-04-17T19:00:00+02:00""}, {""begin"": ""2026-04-18T10:00:00+02:00"", ""end"": ""2026-04-18T19:00:00+02:00""}, {""begin"": ""2026-04-19T10:00:00+02:00"", ""end"": ""2026-04-19T19:00:00+02:00""}, {""begin"": ""2026-04-20T10:00:00+02:00"", ""end"": ""2026-04-20T18:00:00+02:00""}, {""begin"": ""2026-04-22T10:00:00+02:00"", ""end"": ""2026-04-22T18:00:00+02:00""}, {""begin"": ""2026-04-23T10:00:00+02:00"", ""end"": ""2026-04-23T18:00:00+02:00""}, {""begin"": ""2026-04-24T10:00:00+02:00"", ""end"": ""2026-04-24T19:00:00+02:00""}, {""begin"": ""2026-04-25T10:00:00+02:00"", ""end"": ""2026-04-25T19:00:00+02:00""}, {""begin"": ""2026-04-26T10:00:00+02:00"", ""end"": ""2026-04-26T19:00:00+02:00""}, {""begin"": ""2026-04-27T10:00:00+02:00"", ""end"": ""2026-04-27T18:00:00+02:00""}, {""begin"": ""2026-04-29T10:00:00+02:00"", ""end"": ""2026-04-29T18:00:00+02:00""}, {""begin"": ""2026-04-30T10:00:00+02:00"", ""end"": ""2026-04-30T18:00:00+02:00""}, {""begin"": ""2026-05-02T10:00:00+02:00"", ""end"": ""2026-05-02T19:00:00+02:00""}, {""begin"": ""2026-05-03T10:00:00+02:00"", ""end"": ""2026-05-03T19:00:00+02:00""}, {""begin"": ""2026-05-04T10:00:00+02:00"", ""end"": ""2026-05-04T18:00:00+02:00""}, {""begin"": ""2026-05-06T10:00:00+02:00"", ""end"": ""2026-05-06T18:00:00+02:00""}, {""begin"": ""2026-05-07T10:00:00+02:00"", ""end"": ""2026-05-07T18:00:00+02:00""}, {""begin"": ""2026-05-08T10:00:00+02:00"", ""end"": ""2026-05-08T19:00:00+02:00""}, {""begin"": ""2026-05-09T10:00:00+02:00"", ""end"": ""2026-05-09T19:00:00+02:00""}, {""begin"": ""2026-05-10T10:00:00+02:00"", ""end"": ""2026-05-10T19:00:00+02:00""}, {""begin"": ""2026-05-11T10:00:00+02:00"", ""end"": ""2026-05-11T18:00:00+02:00""}, {""begin"": ""2026-05-13T10:00:00+02:00"", ""end"": ""2026-05-13T18:00:00+02:00""}, {""begin"": ""2026-05-14T10:00:00+02:00"", ""end"": ""2026-05-14T18:00:00+02:00""}, {""begin"": ""2026-05-15T10:00:00+02:00"", ""end"": ""2026-05-15T19:00:00+02:00""}, {""begin"": ""2026-05-16T10:00:00+02:00"", ""end"": ""2026-05-16T19:00:00+02:00""}, {""begin"": ""2026-05-17T10:00:00+02:00"", ""end"": ""2026-05-17T19:00:00+02:00""}, {""begin"": ""2026-05-18T10:00:00+02:00"", ""end"": ""2026-05-18T18:00:00+02:00""}, {""begin"": ""2026-05-20T10:00:00+02:00"", ""end"": ""2026-05-20T18:00:00+02:00""}, {""begin"": ""2026-05-21T10:00:00+02:00"", ""end"": ""2026-05-21T18:00:00+02:00""}, {""begin"": ""2026-05-22T10:00:00+02:00"", ""end"": ""2026-05-22T19:00:00+02:00""}, {""begin"": ""2026-05-23T10:00:00+02:00"", ""end"": ""2026-05-23T19:00:00+02:00""}, {""begin"": ""2026-05-24T10:00:00+02:00"", ""end"": ""2026-05-24T19:00:00+02:00""}, {""begin"": ""2026-05-25T10:00:00+02:00"", ""end"": ""2026-05-25T18:00:00+02:00""}, {""begin"": ""2026-05-27T10:00:00+02:00"", ""end"": ""2026-05-27T18:00:00+02:00""}, {""begin"": ""2026-05-28T10:00:00+02:00"", ""end"": ""2026-05-28T18:00:00+02:00""}, {""begin"": ""2026-05-29T10:00:00+02:00"", ""end"": ""2026-05-29T19:00:00+02:00""}, {""begin"": ""2026-05-30T10:00:00+02:00"", ""end"": ""2026-05-30T19:00:00+02:00""}, {""begin"": ""2026-05-31T10:00:00+02:00"", ""end"": ""2026-05-31T19:00:00+02:00""}, {""begin"": ""2026-06-01T10:00:00+02:00"", ""end"": ""2026-06-01T18:00:00+02:00""}, {""begin"": ""2026-06-03T10:00:00+02:00"", ""end"": ""2026-06-03T18:00:00+02:00""}, {""begin"": ""2026-06-04T10:00:00+02:00"", ""end"": ""2026-06-04T18:00:00+02:00""}, {""begin"": ""2026-06-05T10:00:00+02:00"", ""end"": ""2026-06-05T19:00:00+02:00""}, {""begin"": ""2026-06-06T10:00:00+02:00"", ""end"": ""2026-06-06T19:00:00+02:00""}, {""begin"": ""2026-06-07T10:00:00+02:00"", ""end"": ""2026-06-07T19:00:00+02:00""}, {""begin"": ""2026-06-08T10:00:00+02:00"", ""end"": ""2026-06-08T18:00:00+02:00""}, {""begin"": ""2026-06-10T10:00:00+02:00"", ""end"": ""2026-06-10T18:00:00+02:00""}, {""begin"": ""2026-06-11T10:00:00+02:00"", ""end"": ""2026-06-11T18:00:00+02:00""}, {""begin"": ""2026-06-12T10:00:00+02:00"", ""end"": ""2026-06-12T19:00:00+02:00""}, {""begin"": ""2026-06-13T10:00:00+02:00"", ""end"": ""2026-06-13T19:00:00+02:00""}, {""begin"": ""2026-06-14T10:00:00+02:00"", ""end"": ""2026-06-14T19:00:00+02:00""}, {""begin"": ""2026-06-15T10:00:00+02:00"", ""end"": ""2026-06-15T18:00:00+02:00""}, {""begin"": ""2026-06-17T10:00:00+02:00"", ""end"": ""2026-06-17T18:00:00+02:00""}, {""begin"": ""2026-06-18T10:00:00+02:00"", ""end"": ""2026-06-18T18:00:00+02:00""}, {""begin"": ""2026-06-19T10:00:00+02:00"", ""end"": ""2026-06-19T19:00:00+02:00""}, {""begin"": ""2026-06-20T10:00:00+02:00"", ""end"": ""2026-06-20T19:00:00+02:00""}, {""begin"": ""2026-06-21T10:00:00+02:00"", ""end"": ""2026-06-21T19:00:00+02:00""}, {""begin"": ""2026-06-22T10:00:00+02:00"", ""end"": ""2026-06-22T18:00:00+02:00""}, {""begin"": ""2026-06-24T10:00:00+02:00"", ""end"": ""2026-06-24T18:00:00+02:00""}, {""begin"": ""2026-06-25T10:00:00+02:00"", ""end"": ""2026-06-25T18:00:00+02:00""}, {""begin"": ""2026-06-26T10:00:00+02:00"", ""end"": ""2026-06-26T19:00:00+02:00""}, {""begin"": ""2026-06-27T10:00:00+02:00"", ""end"": ""2026-06-27T19:00:00+02:00""}, {""begin"": ""2026-06-28T10:00:00+02:00"", ""end"": ""2026-06-28T19:00:00+02:00""}, {""begin"": ""2026-06-29T10:00:00+02:00"", ""end"": ""2026-06-29T18:00:00+02:00""}, {""begin"": ""2026-07-01T10:00:00+02:00"", ""end"": ""2026-07-01T18:00:00+02:00""}, {""begin"": ""2026-07-02T10:00:00+02:00"", ""end"": ""2026-07-02T18:00:00+02:00""}, {""begin"": ""2026-07-03T10:00:00+02:00"", ""end"": ""2026-07-03T19:00:00+02:00""}, {""begin"": ""2026-07-04T10:00:00+02:00"", ""end"": ""2026-07-04T19:00:00+02:00""}, {""begin"": ""2026-07-05T10:00:00+02:00"", ""end"": ""2026-07-05T19:00:00+02:00""}, {""begin"": ""2026-07-06T10:00:00+02:00"", ""end"": ""2026-07-06T18:00:00+02:00""}, {""begin"": ""2026-07-08T10:00:00+02:00"", ""end"": ""2026-07-08T18:00:00+02:00""}, {""begin"": ""2026-07-09T10:00:00+02:00"", ""end"": ""2026-07-09T18:00:00+02:00""}, {""begin"": ""2026-07-10T10:00:00+02:00"", ""end"": ""2026-07-10T19:00:00+02:00""}, {""begin"": ""2026-07-11T10:00:00+02:00"", ""end"": ""2026-07-11T19:00:00+02:00""}, {""begin"": ""2026-07-12T10:00:00+02:00"", ""end"": ""2026-07-12T19:00:00+02:00""}, {""begin"": ""2026-07-13T10:00:00+02:00"", ""end"": ""2026-07-13T18:00:00+02:00""}, {""begin"": ""2026-07-15T10:00:00+02:00"", ""end"": ""2026-07-15T18:00:00+02:00""}, {""begin"": ""2026-07-16T10:00:00+02:00"", ""end"": ""2026-07-16T18:00:00+02:00""}, {""begin"": ""2026-07-17T10:00:00+02:00"", ""end"": ""2026-07-17T19:00:00+02:00""}, {""begin"": ""2026-07-18T10:00:00+02:00"", ""end"": ""2026-07-18T19:00:00+02:00""}, {""begin"": ""2026-07-19T10:00:00+02:00"", ""end"": ""2026-07-19T19:00:00+02:00""}, {""begin"": ""2026-07-20T10:00:00+02:00"", ""end"": ""2026-07-20T18:00:00+02:00""}, {""begin"": ""2026-07-22T10:00:00+02:00"", ""end"": ""2026-07-22T18:00:00+02:00""}, {""begin"": ""2026-07-23T10:00:00+02:00"", ""end"": ""2026-07-23T18:00:00+02:00""}, {""begin"": ""2026-07-24T10:00:00+02:00"", ""end"": ""2026-07-24T19:00:00+02:00""}, {""begin"": ""2026-07-25T10:00:00+02:00"", ""end"": ""2026-07-25T19:00:00+02:00""}, {""begin"": ""2026-07-26T10:00:00+02:00"", ""end"": ""2026-07-26T19:00:00+02:00""}, {""begin"": ""2026-07-27T10:00:00+02:00"", ""end"": ""2026-07-27T18:00:00+02:00""}, {""begin"": ""2026-07-29T10:00:00+02:00"", ""end"": ""2026-07-29T18:00:00+02:00""}, {""begin"": ""2026-07-30T10:00:00+02:00"", ""end"": ""2026-07-30T18:00:00+02:00""}, {""begin"": ""2026-07-31T10:00:00+02:00"", ""end"": ""2026-07-31T19:00:00+02:00""}, {""begin"": ""2026-08-01T10:00:00+02:00"", ""end"": ""2026-08-01T19:00:00+02:00""}, {""begin"": ""2026-08-02T10:00:00+02:00"", ""end"": ""2026-08-02T19:00:00+02:00""}, {""begin"": ""2026-08-03T10:00:00+02:00"", ""end"": ""2026-08-03T18:00:00+02:00""}, {""begin"": ""2026-08-05T10:00:00+02:00"", ""end"": ""2026-08-05T18:00:00+02:00""}, {""begin"": ""2026-08-06T10:00:00+02:00"", ""end"": ""2026-08-06T18:00:00+02:00""}, {""begin"": ""2026-08-07T10:00:00+02:00"", ""end"": ""2026-08-07T19:00:00+02:00""}, {""begin"": ""2026-08-08T10:00:00+02:00"", ""end"": ""2026-08-08T19:00:00+02:00""}, {""begin"": ""2026-08-09T10:00:00+02:00"", ""end"": ""2026-08-09T19:00:00+02:00""}, {""begin"": ""2026-08-10T10:00:00+02:00"", ""end"": ""2026-08-10T18:00:00+02:00""}, {""begin"": ""2026-08-12T10:00:00+02:00"", ""end"": ""2026-08-12T18:00:00+02:00""}, {""begin"": ""2026-08-13T10:00:00+02:00"", ""end"": ""2026-08-13T18:00:00+02:00""}, {""begin"": ""2026-08-14T10:00:00+02:00"", ""end"": ""2026-08-14T19:00:00+02:00""}, {""begin"": ""2026-08-15T10:00:00+02:00"", ""end"": ""2026-08-15T19:00:00+02:00""}, {""begin"": ""2026-08-16T10:00:00+02:00"", ""end"": ""2026-08-16T19:00:00+02:00""}, {""begin"": ""2026-08-17T10:00:00+02:00"", ""end"": ""2026-08-17T18:00:00+02:00""}, {""begin"": ""2026-08-19T10:00:00+02:00"", ""end"": ""2026-08-19T18:00:00+02:00""}, {""begin"": ""2026-08-20T10:00:00+02:00"", ""end"": ""2026-08-20T18:00:00+02:00""}, {""begin"": ""2026-08-21T10:00:00+02:00"", ""end"": ""2026-08-21T19:00:00+02:00""}, {""begin"": ""2026-08-22T10:00:00+02:00"", ""end"": ""2026-08-22T19:00:00+02:00""}, {""begin"": ""2026-08-23T10:00:00+02:00"", ""end"": ""2026-08-23T19:00:00+02:00""}, {""begin"": ""2026-08-24T10:00:00+02:00"", ""end"": ""2026-08-24T18:00:00+02:00""}, {""begin"": ""2026-08-26T10:00:00+02:00"", ""end"": ""2026-08-26T18:00:00+02:00""}, {""begin"": ""2026-08-27T10:00:00+02:00"", ""end"": ""2026-08-27T18:00:00+02:00""}, {""begin"": ""2026-08-28T10:00:00+02:00"", ""end"": ""2026-08-28T19:00:00+02:00""}, {""begin"": ""2026-08-29T10:00:00+02:00"", ""end"": ""2026-08-29T19:00:00+02:00""}, {""begin"": ""2026-08-30T10:00:00+02:00"", ""end"": ""2026-08-30T19:00:00+02:00""}, {""begin"": ""2026-08-31T10:00:00+02:00"", ""end"": ""2026-08-31T18:00:00+02:00""}, {""begin"": ""2026-09-02T10:00:00+02:00"", ""end"": ""2026-09-02T18:00:00+02:00""}, {""begin"": ""2026-09-03T10:00:00+02:00"", ""end"": ""2026-09-03T18:00:00+02:00""}, {""begin"": ""2026-09-04T10:00:00+02:00"", ""end"": ""2026-09-04T19:00:00+02:00""}, {""begin"": ""2026-09-05T10:00:00+02:00"", ""end"": ""2026-09-05T19:00:00+02:00""}, {""begin"": ""2026-09-06T10:00:00+02:00"", ""end"": ""2026-09-06T19:00:00+02:00""}, {""begin"": ""2026-09-07T10:00:00+02:00"", ""end"": ""2026-09-07T18:00:00+02:00""}, {""begin"": ""2026-09-09T10:00:00+02:00"", ""end"": ""2026-09-09T18:00:00+02:00""}, {""begin"": ""2026-09-10T10:00:00+02:00"", ""end"": ""2026-09-10T18:00:00+02:00""}, {""begin"": ""2026-09-11T10:00:00+02:00"", ""end"": ""2026-09-11T19:00:00+02:00""}, {""begin"": ""2026-09-12T10:00:00+02:00"", ""end"": ""2026-09-12T19:00:00+02:00""}, {""begin"": ""2026-09-13T10:00:00+02:00"", ""end"": ""2026-09-13T19:00:00+02:00""}, {""begin"": ""2026-09-14T10:00:00+02:00"", ""end"": ""2026-09-14T18:00:00+02:00""}, {""begin"": ""2026-09-16T10:00:00+02:00"", ""end"": ""2026-09-16T18:00:00+02:00""}, {""begin"": ""2026-09-17T10:00:00+02:00"", ""end"": ""2026-09-17T18:00:00+02:00""}, {""begin"": ""2026-09-18T10:00:00+02:00"", ""end"": ""2026-09-18T19:00:00+02:00""}, {""begin"": ""2026-09-19T10:00:00+02:00"", ""end"": ""2026-09-19T19:00:00+02:00""}, {""begin"": ""2026-09-20T10:00:00+02:00"", ""end"": ""2026-09-20T19:00:00+02:00""}, {""begin"": ""2026-09-21T10:00:00+02:00"", ""end"": ""2026-09-21T18:00:00+02:00""}, {""begin"": ""2026-09-23T10:00:00+02:00"", ""end"": ""2026-09-23T18:00:00+02:00""}, {""begin"": ""2026-09-24T10:00:00+02:00"", ""end"": ""2026-09-24T18:00:00+02:00""}, {""begin"": ""2026-09-25T10:00:00+02:00"", ""end"": ""2026-09-25T19:00:00+02:00""}, {""begin"": ""2026-09-26T10:00:00+02:00"", ""end"": ""2026-09-26T19:00:00+02:00""}, {""begin"": ""2026-09-27T10:00:00+02:00"", ""end"": ""2026-09-27T19:00:00+02:00""}, {""begin"": ""2026-09-28T10:00:00+02:00"", ""end"": ""2026-09-28T18:00:00+02:00""}, {""begin"": ""2026-09-30T10:00:00+02:00"", ""end"": ""2026-09-30T18:00:00+02:00""}, {""begin"": ""2026-10-01T10:00:00+02:00"", ""end"": ""2026-10-01T18:00:00+02:00""}, {""begin"": ""2026-10-02T10:00:00+02:00"", ""end"": ""2026-10-02T19:00:00+02:00""}, {""begin"": ""2026-10-03T10:00:00+02:00"", ""end"": ""2026-10-03T19:00:00+02:00""}, {""begin"": ""2026-10-04T10:00:00+02:00"", ""end"": ""2026-10-04T19:00:00+02:00""}, {""begin"": ""2026-10-05T10:00:00+02:00"", ""end"": ""2026-10-05T18:00:00+02:00""}, {""begin"": ""2026-10-07T10:00:00+02:00"", ""end"": ""2026-10-07T18:00:00+02:00""}, {""begin"": ""2026-10-08T10:00:00+02:00"", ""end"": ""2026-10-08T18:00:00+02:00""}, {""begin"": ""2026-10-09T10:00:00+02:00"", ""end"": ""2026-10-09T19:00:00+02:00""}, {""begin"": ""2026-10-10T10:00:00+02:00"", ""end"": ""2026-10-10T19:00:00+02:00""}, {""begin"": ""2026-10-11T10:00:00+02:00"", ""end"": ""2026-10-11T19:00:00+02:00""}, {""begin"": ""2026-10-12T10:00:00+02:00"", ""end"": ""2026-10-12T18:00:00+02:00""}, {""begin"": ""2026-10-14T10:00:00+02:00"", ""end"": ""2026-10-14T18:00:00+02:00""}, {""begin"": ""2026-10-15T10:00:00+02:00"", ""end"": ""2026-10-15T18:00:00+02:00""}, {""begin"": ""2026-10-16T10:00:00+02:00"", ""end"": ""2026-10-16T19:00:00+02:00""}, {""begin"": ""2026-10-17T10:00:00+02:00"", ""end"": ""2026-10-17T19:00:00+02:00""}, {""begin"": ""2026-10-18T10:00:00+02:00"", ""end"": ""2026-10-18T19:00:00+02:00""}, {""begin"": ""2026-10-19T10:00:00+02:00"", ""end"": ""2026-10-19T18:00:00+02:00""}, {""begin"": ""2026-10-21T10:00:00+02:00"", ""end"": ""2026-10-21T18:00:00+02:00""}, {""begin"": ""2026-10-22T10:00:00+02:00"", ""end"": ""2026-10-22T18:00:00+02:00""}, {""begin"": ""2026-10-23T10:00:00+02:00"", ""end"": ""2026-10-23T19:00:00+02:00""}, {""begin"": ""2026-10-24T10:00:00+02:00"", ""end"": ""2026-10-24T19:00:00+02:00""}, {""begin"": ""2026-10-25T10:00:00+01:00"", ""end"": ""2026-10-25T19:00:00+01:00""}, {""begin"": ""2026-10-26T10:00:00+01:00"", ""end"": ""2026-10-26T18:00:00+01:00""}, {""begin"": ""2026-10-28T10:00:00+01:00"", ""end"": ""2026-10-28T18:00:00+01:00""}, {""begin"": ""2026-10-29T10:00:00+01:00"", ""end"": ""2026-10-29T18:00:00+01:00""}, {""begin"": ""2026-10-30T10:00:00+01:00"", ""end"": ""2026-10-30T19:00:00+01:00""}, {""begin"": ""2026-10-31T10:00:00+01:00"", ""end"": ""2026-10-31T19:00:00+01:00""}, {""begin"": ""2026-11-01T10:00:00+01:00"", ""end"": ""2026-11-01T18:00:00+01:00""}, {""begin"": ""2026-11-02T10:00:00+01:00"", ""end"": ""2026-11-02T18:00:00+01:00""}, {""begin"": ""2026-11-04T10:00:00+01:00"", ""end"": ""2026-11-04T18:00:00+01:00""}, {""begin"": ""2026-11-05T10:00:00+01:00"", ""end"": ""2026-11-05T18:00:00+01:00""}, {""begin"": ""2026-11-06T10:00:00+01:00"", ""end"": ""2026-11-06T18:00:00+01:00""}, {""begin"": ""2026-11-07T10:00:00+01:00"", ""end"": ""2026-11-07T18:00:00+01:00""}, {""begin"": ""2026-11-08T10:00:00+01:00"", ""end"": ""2026-11-08T18:00:00+01:00""}, {""begin"": ""2026-11-09T10:00:00+01:00"", ""end"": ""2026-11-09T18:00:00+01:00""}, {""begin"": ""2026-11-11T10:00:00+01:00"", ""end"": ""2026-11-11T18:00:00+01:00""}, {""begin"": ""2026-11-12T10:00:00+01:00"", ""end"": ""2026-11-12T18:00:00+01:00""}, {""begin"": ""2026-11-13T10:00:00+01:00"", ""end"": ""2026-11-13T18:00:00+01:00""}, {""begin"": ""2026-11-14T10:00:00+01:00"", ""end"": ""2026-11-14T18:00:00+01:00""}, {""begin"": ""2026-11-15T10:00:00+01:00"", ""end"": ""2026-11-15T18:00:00+01:00""}, {""begin"": ""2026-11-16T10:00:00+01:00"", ""end"": ""2026-11-16T18:00:00+01:00""}, {""begin"": ""2026-11-18T10:00:00+01:00"", ""end"": ""2026-11-18T18:00:00+01:00""}, {""begin"": ""2026-11-19T10:00:00+01:00"", ""end"": ""2026-11-19T18:00:00+01:00""}, {""begin"": ""2026-11-20T10:00:00+01:00"", ""end"": ""2026-11-20T18:00:00+01:00""}, {""begin"": ""2026-11-21T10:00:00+01:00"", ""end"": ""2026-11-21T18:00:00+01:00""}, {""begin"": ""2026-11-22T10:00:00+01:00"", ""end"": ""2026-11-22T18:00:00+01:00""}, {""begin"": ""2026-11-23T10:00:00+01:00"", ""end"": ""2026-11-23T18:00:00+01:00""}, {""begin"": ""2026-11-25T10:00:00+01:00"", ""end"": ""2026-11-25T18:00:00+01:00""}, {""begin"": ""2026-11-26T10:00:00+01:00"", ""end"": ""2026-11-26T18:00:00+01:00""}, {""begin"": ""2026-11-27T10:00:00+01:00"", ""end"": ""2026-11-27T18:00:00+01:00""}, {""begin"": ""2026-11-28T10:00:00+01:00"", ""end"": ""2026-11-28T18:00:00+01:00""}, {""begin"": ""2026-11-29T10:00:00+01:00"", ""end"": ""2026-11-29T18:00:00+01:00""}, {""begin"": ""2026-11-30T10:00:00+01:00"", ""end"": ""2026-11-30T18:00:00+01:00""}, {""begin"": ""2026-12-02T10:00:00+01:00"", ""end"": ""2026-12-02T18:00:00+01:00""}, {""begin"": ""2026-12-03T10:00:00+01:00"", ""end"": ""2026-12-03T18:00:00+01:00""}, {""begin"": ""2026-12-04T10:00:00+01:00"", ""end"": ""2026-12-04T18:00:00+01:00""}, {""begin"": ""2026-12-05T10:00:00+01:00"", ""end"": ""2026-12-05T18:00:00+01:00""}, {""begin"": ""2026-12-06T10:00:00+01:00"", ""end"": ""2026-12-06T18:00:00+01:00""}, {""begin"": ""2026-12-07T10:00:00+01:00"", ""end"": ""2026-12-07T18:00:00+01:00""}, {""begin"": ""2026-12-09T10:00:00+01:00"", ""end"": ""2026-12-09T18:00:00+01:00""}, {""begin"": ""2026-12-10T10:00:00+01:00"", ""end"": ""2026-12-10T18:00:00+01:00""}, {""begin"": ""2026-12-11T10:00:00+01:00"", ""end"": ""2026-12-11T18:00:00+01:00""}, {""begin"": ""2026-12-12T10:00:00+01:00"", ""end"": ""2026-12-12T18:00:00+01:00""}, {""begin"": ""2026-12-13T10:00:00+01:00"", ""end"": ""2026-12-13T18:00:00+01:00""}, {""begin"": ""2026-12-14T10:00:00+01:00"", ""end"": ""2026-12-14T18:00:00+01:00""}, {""begin"": ""2026-12-16T10:00:00+01:00"", ""end"": ""2026-12-16T18:00:00+01:00""}, {""begin"": ""2026-12-17T10:00:00+01:00"", ""end"": ""2026-12-17T18:00:00+01:00""}, {""begin"": ""2026-12-18T10:00:00+01:00"", ""end"": ""2026-12-18T18:00:00+01:00""}, {""begin"": ""2026-12-19T10:00:00+01:00"", ""end"": ""2026-12-19T18:00:00+01:00""}, {""begin"": ""2026-12-20T10:00:00+01:00"", ""end"": ""2026-12-20T18:00:00+01:00""}, {""begin"": ""2026-12-21T10:00:00+01:00"", ""end"": ""2026-12-21T18:00:00+01:00""}, {""begin"": ""2026-12-23T10:00:00+01:00"", ""end"": ""2026-12-23T18:00:00+01:00""}, {""begin"": ""2026-12-24T10:00:00+01:00"", ""end"": ""2026-12-24T18:00:00+01:00""}, {""begin"": ""2026-12-25T10:00:00+01:00"", ""end"": ""2026-12-25T18:00:00+01:00""}, {""begin"": ""2026-12-26T10:00:00+01:00"", ""end"": ""2026-12-26T18:00:00+01:00""}, {""begin"": ""2026-12-27T10:00:00+01:00"", ""end"": ""2026-12-27T18:00:00+01:00""}, {""begin"": ""2026-12-28T10:00:00+01:00"", ""end"": ""2026-12-28T18:00:00+01:00""}, {""begin"": ""2026-12-30T10:00:00+01:00"", ""end"": ""2026-12-30T18:00:00+01:00""}, {""begin"": ""2026-12-31T10:00:00+01:00"", ""end"": ""2026-12-31T18:00:00+01:00""}, {""begin"": ""2027-01-01T10:00:00+01:00"", ""end"": ""2027-01-01T18:00:00+01:00""}, {""begin"": ""2027-01-02T10:00:00+01:00"", ""end"": ""2027-01-02T18:00:00+01:00""}, {""begin"": ""2027-01-03T10:00:00+01:00"", ""end"": ""2027-01-03T18:00:00+01:00""}, {""begin"": ""2027-01-04T10:00:00+01:00"", ""end"": ""2027-01-04T18:00:00+01:00""}, {""begin"": ""2027-01-06T10:00:00+01:00"", ""end"": ""2027-01-06T18:00:00+01:00""}, {""begin"": ""2027-01-07T10:00:00+01:00"", ""end"": ""2027-01-07T18:00:00+01:00""}, {""begin"": ""2027-01-08T10:00:00+01:00"", ""end"": ""2027-01-08T18:00:00+01:00""}, {""begin"": ""2027-01-09T10:00:00+01:00"", ""end"": ""2027-01-09T18:00:00+01:00""}, {""begin"": ""2027-01-10T10:00:00+01:00"", ""end"": ""2027-01-10T18:00:00+01:00""}, {""begin"": ""2027-01-11T10:00:00+01:00"", ""end"": ""2027-01-11T18:00:00+01:00""}, {""begin"": ""2027-01-13T10:00:00+01:00"", ""end"": ""2027-01-13T18:00:00+01:00""}, {""begin"": ""2027-01-14T10:00:00+01:00"", ""end"": ""2027-01-14T18:00:00+01:00""}, {""begin"": ""2027-01-15T10:00:00+01:00"", ""end"": ""2027-01-15T18:00:00+01:00""}, {""begin"": ""2027-01-16T10:00:00+01:00"", ""end"": ""2027-01-16T18:00:00+01:00""}, {""begin"": ""2027-01-17T10:00:00+01:00"", ""end"": ""2027-01-17T18:00:00+01:00""}, {""begin"": ""2027-01-18T10:00:00+01:00"", ""end"": ""2027-01-18T18:00:00+01:00""}, {""begin"": ""2027-01-20T10:00:00+01:00"", ""end"": ""2027-01-20T18:00:00+01:00""}, {""begin"": ""2027-01-21T10:00:00+01:00"", ""end"": ""2027-01-21T18:00:00+01:00""}, {""begin"": ""2027-01-22T10:00:00+01:00"", ""end"": ""2027-01-22T18:00:00+01:00""}, {""begin"": ""2027-01-23T10:00:00+01:00"", ""end"": ""2027-01-23T18:00:00+01:00""}, {""begin"": ""2027-01-24T10:00:00+01:00"", ""end"": ""2027-01-24T18:00:00+01:00""}, {""begin"": ""2027-01-25T10:00:00+01:00"", ""end"": ""2027-01-25T18:00:00+01:00""}, {""begin"": ""2027-01-27T10:00:00+01:00"", ""end"": ""2027-01-27T18:00:00+01:00""}, {""begin"": ""2027-01-28T10:00:00+01:00"", ""end"": ""2027-01-28T18:00:00+01:00""}, {""begin"": ""2027-01-29T10:00:00+01:00"", ""end"": ""2027-01-29T18:00:00+01:00""}, {""begin"": ""2027-01-30T10:00:00+01:00"", ""end"": ""2027-01-30T18:00:00+01:00""}, {""begin"": ""2027-01-31T10:00:00+01:00"", ""end"": ""2027-01-31T18:00:00+01:00""}, {""begin"": ""2027-02-01T10:00:00+01:00"", ""end"": ""2027-02-01T18:00:00+01:00""}]",Centre Pompidou - Metz,"1 parvis des droits de l'Homme, Metz",57000,Metz,Moselle,Grand Est,,,,"{""id"": 1, ""label"": {""fr"": ""Sur place"", ""en"": ""In situ"", ""it"": ""In presenza"", ""es"": ""Desconnectad"", ""de"": ""Offline"", ""br"": ""War al lec\u2019h"", ""io"": ""crwdns14266:0crwdne14266:0"", ""oc"": ""Sus pla\u00e7a""}}",,"[{""type"": ""link"", ""value"": ""https://billetterie.centrepompidou-metz.fr/selection/timeslotpass?productId=10229309087096""}]"
95923619,https://openagenda.com/culture/events/spectacle-descrime-artistique-3523952,Spectacle d'escrime artistique,"L’association Quinte Septime est une troupe d’escrime artistique basée à Metz. Elle a pour but de partager sa passion à travers des duels. Théâtre et passes d’armes s’allient et prennent vie, donnant…","L’association Quinte Septime est une troupe d’escrime artistique basée à Metz. Elle a pour but de partager sa passion à travers des duels. Théâtre et passes d’armes s’allient et prennent vie, donnant lieu à des saynètes, toutes réalisées en costume.",,,,20 et 21 septembre 2025,2025-09-20 11:00:00+00:00,2025-09-21 13:30:00+00:00,"[{""begin"": ""2025-09-20T13:00:00+02:00"", ""end"": ""2025-09-20T13:30:00+02:00""}, {""begin"": ""2025-09-20T16:30:00+02:00"", ""end"": ""2025-09-20T17:00:00+02:00""}, {""begin"": ""2025-09-21T11:30:00+02:00"", ""end"": ""2025-09-21T12:00:00+02:00""}, {""begin"": ""2025-09-21T15:00:00+02:00"", ""end"": ""2025-09-21T15:30:00+02:00""}]",Place d'Armes,"Place d'Armes, 57000 Metz",57014,Metz,Moselle,Grand Est,,,,"{""id"": 1, ""label"": {""fr"": ""Sur place"", ""en"": ""In situ"", ""it"": ""In presenza"", ""es"": ""Desconnectad"", ""de"": ""Offline"", ""br"": ""War al lec\u2019h"", ""io"": ""crwdns14266:0crwdne14266:0"", ""oc"": ""Sus pla\u00e7a""}}",,
16292331,https://openagenda.com/culture/events/visite-le-patrimoine-architectural-du-musee,Visitez le patrimoine architectural du musée,"De la chapelle des Petits-Carmes aux thermes gallo-romains, en passant par le grenier de Chèvremont, venez découvrir le patrimoine exceptionnel du musée de La Cour d’Or !","De la chapelle des Petits-Carmes aux thermes gallo-romains, en passant par le grenier de Chèvremont, venez découvrir le patrimoine exceptionnel du musée de La Cour d’Or !",Date d'ouverture des réservations : 20 août 2025.,,,"Samedi 20 septembre 2025, 14h30, 16h30",2025-09-20 12:30:00+00:00,2025-09-20 15:45:00+00:00,"[{""begin"": ""2025-09-20T14:30:00+02:00"", ""end"": ""2025-09-20T15:45:00+02:00""}, {""begin"": ""2025-09-20T16:30:00+02:00"", ""end"": ""2025-09-20T17:45:00+02:00""}]",Musée de La Cour d'Or - Eurométropole,"2 rue du haut-poirier, 57000 Metz",57000,Metz,Moselle,Grand Est,,,,"{""id"": 1, ""label"": {""fr"": ""Sur place"", ""en"": ""In situ"", ""it"": ""In presenza"", ""es"": ""Desconnectad"", ""de"": ""Offline"", ""br"": ""War al lec\u2019h"", ""io"": ""crwdns14266:0crwdne14266:0"", ""oc"": ""Sus pla\u00e7a""}}",,"[{""type"": ""link"", ""value"": ""https://demarches.services.eurometropolemetz.eu/musee-de-la-cour-d-or/s-inscrire-a-un-evenement-organise-par-le-musee-de-la-cour""}]"
20988084,https://openagenda.com/culture/events/visite-guidee-de-lexposition-pierre-de-jaumont-le-soleil-de-metz-special-famille,Visite en famille de l’exposition «Pierre de Jaumont – Le soleil de Metz»,"Venez en apprendre davantage sur la pierre de Jaumont, matériau typique de Metz, grâce à une visite guidée de l’exposition qui lui est consacrée. Une découverte pour petits et grands.","Venez en apprendre davantage sur la pierre de Jaumont, matériau typique de Metz, grâce à une visite guidée de l’exposition qui lui est consacrée. Une découverte pour petits et grands.",,,,20 et 21 septembre 2025,2025-09-20 12:30:00+00:00,2025-09-21 15:00:00+00:00,"[{""begin"": ""2025-09-20T14:30:00+02:00"", ""end"": ""2025-09-20T15:00:00+02:00""}, {""begin"": ""2025-09-20T16:30:00+02:00"", ""end"": ""2025-09-20T17:00:00+02:00""}, {""begin"": ""2025-09-21T11:30:00+02:00"", ""end"": ""2025-09-21T12:00:00+02:00""}, {""begin"": ""2025-09-21T16:30:00+02:00"", ""end"": ""2025-09-21T17:00:00+02:00""}]",Porte des Allemands,"Boulevard André Maginot, 57000 Metz",57000,Metz,Moselle,Grand Est,['handicap moteur'],,,"{""id"": 1, ""label"": {""fr"": ""Sur place"", ""en"": ""In situ"", ""it"": ""In presenza"", ""es"": ""Desconnectad"", ""de"": ""Offline"", ""br"": ""War al lec\u2019h"", ""io"": ""crwdns14266:0crwdne14266:0"", ""oc"": ""Sus pla\u00e7a""}}",,
53490240,https://openagenda.com/culture/events/visite-libre-oeuvre-de-la-cathedrale-saint-etienne-de-metz,Découvrez la cathédrale de Metz,Découvrez la cathédrale Saint-Etienne de Metz en visite libre.,Découvrez la cathédrale Saint-Etienne de Metz en visite libre.,,,,20 et 21 septembre 2025,2025-09-20 06:00:00+00:00,2025-09-21 16:00:00+00:00,"[{""begin"": ""2025-09-20T08:00:00+02:00"", ""end"": ""2025-09-20T18:00:00+02:00""}, {""begin"": ""2025-09-21T12:00:00+02:00"", ""end"": ""2025-09-21T18:00:00+02:00""}]",Cathédrale Saint-Étienne,"Place d'Armes, 57000 Metz, France",57000,Metz,Moselle,Grand Est,,,,"{""id"": 1, ""label"": {""fr"": ""Sur place"", ""en"": ""In situ"", ""it"": ""In presenza"", ""es"": ""Desconnectad"", ""de"": ""Offline"", ""br"": ""War al lec\u2019h"", ""io"": ""crwdns14266:0crwdne14266:0"", ""oc"": ""Sus pla\u00e7a""}}",,
61295302,https://openagenda.com/saison-mediterranee-2026/events/3-saisons-et-1-corps-6880002,3 Saisons et 1 corps,"Après un an de résidence entre Dijon,Thionville et Metz – où il rencontre Martha Kiss Perrone en mai 25- , le jeune poète palestinien Mohammed Al Qudwa revient à Metz pour sa première création !","Après un an de résidence entre Dijon,Thionville et Metz – où il rencontre Martha Kiss Perrone en mai 25- , le jeune poète palestinien Mohammed Al Qudwa revient à Metz pour sa première création ! Que transmettre lorsque l’on a tout perdu, que l’on a dû partir précipitamment,sans bagage ? Mohammed Al Qudwa transforme l’exil en parole, la douleur en geste. Lorsque la guerre éclate, Mohammed a cinq, huit, douze, quinze, dix-huit puis vingt ans. Cinq guerres traversent sa jeunesse à Gaza, la dernière n’est toujours pas terminée. Et lorsque l’exil devient la seule voie possible, il écrit. Il recueille les voix dispersées, les souvenirs brisés, les silences lourds de celles et ceux restés derrière et les transforme en un théâtre du corps et de la parole, où le karaté se mêle au verbe pour traduire l’inconcevable. Par ses mots, Mohammed reconstruit un territoire : celui de la parole partagée, du geste qui résiste, de la mémoire qui s’obstine à rester vivante. Dans le cadre de Passages Transfestival - édition 26 Nouveaux Rivages du 14 au 28 mai à Metz. - Mohammed Al Qudwa est lauréat du programme PAUSE de décembre 2025 à décembre 2026 – programme national d’accueil en urgence des scientifiques et des artistes en exil, porté par le Collège de France. Il était lauréat du dispositif SAWA SAWA d’avril à novembre 2025 porté par l’Institut français de Jérusalem.","5 à 22€, dès 14 ans. En arabe, surtitré en français",,,"Dimanche 24 mai, 16h30",2026-05-24 14:30:00+00:00,2026-05-24 15:40:00+00:00,"[{""begin"": ""2026-05-24T16:30:00+02:00"", ""end"": ""2026-05-24T17:40:00+02:00""}]",Les Trinitaires Metz,rue des Trinitaires Metz,57000,Metz,Moselle,Grand Est,,,,"{""id"": 1, ""label"": {""fr"": ""Sur place""}}",,
29042930,https://openagenda.com/culture/events/decouvrez-la-magie-du-papier-marbre-lors-dun-atelier-ouvert-a-toutes-et-tous,Découvrez la magie du papier marbré lors d’un atelier ouvert à toutes et tous !,Petits et grands sont invités à s’initier à cette technique fascinante qui consiste à faire danser les couleurs à la surface de l’eau pour créer des motifs uniques et poétiques. Chacun pourra laisser…,"Petits et grands sont invités à s’initier à cette technique fascinante qui consiste à faire danser les couleurs à la surface de l’eau pour créer des motifs uniques et poétiques. Chacun pourra expérimenter, laisser libre cours à sa créativité et repartir avec ses propres réalisations. Cet atelier sera également l’occasion de plonger dans l’histoire du papier marbré grâce à une exposition dédiée à cette pratique artistique ancestrale, utilisée depuis des siècles pour orner livres et documents précieux. Quelques ouvrages anciens seront présentés afin d’illustrer la richesse et la diversité des motifs obtenus grâce à cette technique délicate et surprenante. Un moment de découverte, de création et d’émerveillement à partager en famille !",en continu sur l'après-midi,,,"Samedi 19 septembre, 14h00",2026-09-19 12:00:00+00:00,2026-09-19 15:00:00+00:00,"[{""begin"": ""2026-09-19T14:00:00+02:00"", ""end"": ""2026-09-19T17:00:00+02:00""}]",Médiathèque du Phénix,"10, rue du Bon Pasteur 57070 Metz",57070,Metz,Moselle,Grand Est,"['handicap moteur', 'handicap auditif']",,,"{""id"": 1, ""label"": {""fr"": ""Sur place"", ""en"": ""In situ"", ""it"": ""In presenza"", ""es"": ""Desconnectad"", ""de"": ""Offline"", ""br"": ""War al lec\u2019h"", ""io"": ""crwdns14266:0crwdne14266:0"", ""oc"": ""Sus pla\u00e7a"", ""nl"": ""Ter plaatse""}}",,
40193398,https://openagenda.com/culture/events/jep-palais-de-justice-de-metz-19-septembre-2026-concert-symphonique,Concert symphonique au Palais de Justice,"Le Palais de Justice est un bâtiment public qui abrite le tribunal judiciaire et la cour d'appel de Metz. Lieu emblématique chargé d'histoire, il est situé au coeur de la ville de Metz.","Le Palais de Justice est un bâtiment public qui abrite le tribunal judiciaire et la cour d'appel de Metz. Lieu emblématique chargé d'histoire, il est situé au coeur de la ville de Metz. A l'occasion des Journées européennes du patrimoine, nous vous invitons à découvrir ce monument majestueux, qui témoigne de l'évolution de la Justice à travers les siècles. Plusieurs animations vous seront proposées, dont un concert symphonique de l’orchestre Mettensis Symphonia d’une durée d’une heure, en salle des pas perdus.",Limité à 100 personnes,,,"Samedi 19 septembre, 18h00",2026-09-19 16:00:00+00:00,2026-09-19 17:00:00+00:00,"[{""begin"": ""2026-09-19T18:00:00+02:00"", ""end"": ""2026-09-19T19:00:00+02:00""}]",Palais de Justice,"3 rue haute Pierre, 57000 Metz",57045,Metz,Moselle,Grand Est,,,,"{""id"": 1, ""label"": {""fr"": ""Sur place"", ""en"": ""In situ"", ""it"": ""In presenza"", ""es"": ""Desconnectad"", ""de"": ""Offline"", ""br"": ""War al lec\u2019h"", ""io"": ""crwdns14266:0crwdne14266:0"", ""oc"": ""Sus pla\u00e7a"", ""nl"": ""Ter plaatse""}}",,"[{""type"": ""link"", ""value"": ""https://my.weezevent.com/jep-palais-de-justice-de-metz-190926-concert-symphonique""}]"
65370895,https://openagenda.com/semaine-des-metiers-du-tourisme-2026/events/semaine-des-metiers-du-tourisme-2026-2639421,Semaine des Métiers du Tourisme 2026,"Rencontres à l'agence Inspire Metz avec des professionnels du tourisme, de l'hôtellerie et de la restauration","L'agence Inspire Metz et l'UMIH 57 proposent aux classes de 4ème et 3ème de venir les rencontrer à l'agence Inspire Metz, place d'Armes J.F Blondel, pour échanger et découvrir les métiers et les formations attendues pour travailler dans ces domaines.",,"['tourisme', 'hôtel', 'restaurant', 'UMIH', 'office de tourisme', 'attractivité']",,"Mercredi 4 février, 10h00",2026-02-04 09:00:00+00:00,2026-02-04 11:00:00+00:00,"[{""begin"": ""2026-02-04T10:00:00+01:00"", ""end"": ""2026-02-04T12:00:00+01:00""}]",Agence Inspire Metz,"2, place d'Armes",57014,Metz,Moselle,Grand Est,"['handicap visuel', 'handicap auditif', 'handicap moteur']",,,"{""id"": 1, ""label"": {""fr"": ""Sur place"", ""en"": ""In situ"", ""it"": ""In presenza"", ""es"": ""Desconnectad"", ""de"": ""Offline"", ""br"": ""War al lec\u2019h"", ""io"": ""crwdns14266:0crwdne14266:0"", ""oc"": ""Sus pla\u00e7a"", ""nl"": ""Ter plaatse""}}",,"[{""type"": ""email"", ""value"": ""sdiaz@inspire-metz.com""}]"
64253263,https://openagenda.com/semaine-industrie-2025/events/soiree-annuelle-evolutive-learning-factories-elf-5317735,Soirée annuelle Evolutive Learning Factories (ELF),"Découvrez comment les ELF transforment la pédagogie à Arts et Métiers, lors d’une soirée en présence de Célia Fox, ingénieure méthodes chez Transluminal et marraine de l’événement.","La soirée débutera à 17H. Au programme : Table ronde : Les ELF, un outil pédagogique au service l’industrie. Visite du campus et de ses équipements ELF : jumeaux numériques, centre d'expertise d'énergétique, laboratoire de matériaux (projet Aciers Verts), projet Delage V12 et corner immersif. Moment convivial.",,"['usine école', ""apprendre l'industrie""]",,"Vendredi 21 novembre 2025, 17h00",2025-11-21 16:00:00+00:00,2025-11-21 19:00:00+00:00,"[{""begin"": ""2025-11-21T17:00:00+01:00"", ""end"": ""2025-11-21T20:00:00+01:00""}]",Campus Arts et Métiers de Metz,4 rue Augustin Fresnel,57073,Metz,Moselle,Grand Est,,,,"{""id"": 1, ""label"": {""fr"": ""Sur place"", ""en"": ""In situ"", ""it"": ""In presenza"", ""es"": ""Desconnectad"", ""de"": ""Offline"", ""br"": ""War al lec\u2019h"", ""io"": ""crwdns14266:0crwdne14266:0"", ""oc"": ""Sus pla\u00e7a"", ""nl"": ""Ter plaatse""}}",,"[{""type"": ""link"", ""value"": ""https://my.weezevent.com/soiree-annuelle-evolutive-learning-factories-2025?_gl=1*kv0q4c*_gcl_au*MTE2NDE4NTM2NS4xNzUwMTcyMTU5LjE2NjQ0ODMzMjAuMTc1NjE5NzAwMy4xNzU2MTk3MDAy*_ga*MTczNDk1NjMyNy4xNzQ2MDA0NjQ0*_ga_39H9VBFX7G*czE3NTYyMTUwODAkbzE3JGcxJHQxNzU2MjE1MDgxJGo1OSRsMCRoMTc5ODg2NTQ2OQ""}]"
10785579,https://openagenda.com/maiavelo/events/mai-a-velo-2026-2355785,Mai à Vélo 2026,Faites parcourir à votre communauté le plus de kilomètres au mois de mai !,,,['challenge-id=212943'],,1 - 31 mai,2026-04-30 22:00:00+00:00,2026-05-31 21:59:59+00:00,"[{""begin"": ""2026-05-01T00:00:00+02:00"", ""end"": ""2026-05-01T01:59:59+02:00""}, {""begin"": ""2026-05-01T02:00:00+02:00"", ""end"": ""2026-05-02T01:59:59+02:00""}, {""begin"": ""2026-05-02T02:00:00+02:00"", ""end"": ""2026-05-03T01:59:59+02:00""}, {""begin"": ""2026-05-03T02:00:00+02:00"", ""end"": ""2026-05-04T01:59:59+02:00""}, {""begin"": ""2026-05-04T02:00:00+02:00"", ""end"": ""2026-05-05T01:59:59+02:00""}, {""begin"": ""2026-05-05T02:00:00+02:00"", ""end"": ""2026-05-06T01:59:59+02:00""}, {""begin"": ""2026-05-06T02:00:00+02:00"", ""end"": ""2026-05-07T01:59:59+02:00""}, {""begin"": ""2026-05-07T02:00:00+02:00"", ""end"": ""2026-05-08T01:59:59+02:00""}, {""begin"": ""2026-05-08T02:00:00+02:00"", ""end"": ""2026-05-09T01:59:59+02:00""}, {""begin"": ""2026-05-09T02:00:00+02:00"", ""end"": ""2026-05-10T01:59:59+02:00""}, {""begin"": ""2026-05-10T02:00:00+02:00"", ""end"": ""2026-05-11T01:59:59+02:00""}, {""begin"": ""2026-05-11T02:00:00+02:00"", ""end"": ""2026-05-12T01:59:59+02:00""}, {""begin"": ""2026-05-12T02:00:00+02:00"", ""end"": ""2026-05-13T01:59:59+02:00""}, {""begin"": ""2026-05-13T02:00:00+02:00"", ""end"": ""2026-05-14T01:59:59+02:00""}, {""begin"": ""2026-05-14T02:00:00+02:00"", ""end"": ""2026-05-15T01:59:59+02:00""}, {""begin"": ""2026-05-15T02:00:00+02:00"", ""end"": ""2026-05-16T01:59:59+02:00""}, {""begin"": ""2026-05-16T02:00:00+02:00"", ""end"": ""2026-05-17T01:59:59+02:00""}, {""begin"": ""2026-05-17T02:00:00+02:00"", ""end"": ""2026-05-18T01:59:59+02:00""}, {""begin"": ""2026-05-18T02:00:00+02:00"", ""end"": ""2026-05-19T01:59:59+02:00""}, {""begin"": ""2026-05-19T02:00:00+02:00"", ""end"": ""2026-05-20T01:59:59+02:00""}, {""begin"": ""2026-05-20T02:00:00+02:00"", ""end"": ""2026-05-21T01:59:59+02:00""}, {""begin"": ""2026-05-21T02:00:00+02:00"", ""end"": ""2026-05-22T01:59:59+02:00""}, {""begin"": ""2026-05-22T02:00:00+02:00"", ""end"": ""2026-05-23T01:59:59+02:00""}, {""begin"": ""2026-05-23T02:00:00+02:00"", ""end"": ""2026-05-24T01:59:59+02:00""}, {""begin"": ""2026-05-24T02:00:00+02:00"", ""end"": ""2026-05-25T01:59:59+02:00""}, {""begin"": ""2026-05-25T02:00:00+02:00"", ""end"": ""2026-05-26T01:59:59+02:00""}, {""begin"": ""2026-05-26T02:00:00+02:00"", ""end"": ""2026-05-27T01:59:59+02:00""}, {""begin"": ""2026-05-27T02:00:00+02:00"", ""end"": ""2026-05-28T01:59:59+02:00""}, {""begin"": ""2026-05-28T02:00:00+02:00"", ""end"": ""2026-05-29T01:59:59+02:00""}, {""begin"": ""2026-05-29T02:00:00+02:00"", ""end"": ""2026-05-30T01:59:59+02:00""}, {""begin"": ""2026-05-30T02:00:00+02:00"", ""end"": ""2026-05-31T01:59:59+02:00""}, {""begin"": ""2026-05-31T02:00:00+02:00"", ""end"": ""2026-05-31T23:59:59+02:00""}]",HRIA Legouest,"27 Avenue de Plantières, 57000 Metz, France",57070,Metz,Moselle,Grand Est,,,,"{""id"": 1, ""label"": {""fr"": ""Sur place"", ""en"": ""In situ"", ""it"": ""In presenza"", ""es"": ""Desconnectad"", ""de"": ""Offline"", ""br"": ""War al lec\u2019h"", ""io"": ""crwdns14266:0crwdne14266:0"", ""oc"": ""Sus pla\u00e7a"", ""nl"": ""Ter plaatse""}}",,"[{""type"": ""link"", ""value"": ""https://challenge-maiavelo.geovelo.fr/""}]"
91886736,https://openagenda.com/francetravail/events/cqp-de-negociateur-immobilier-3506496,CQP de négociateur immobilier,Vous êtes intéressé par le secteur immobilier? Ca tombe bien! Une formation pour obtenir le CQP négociateur immobilier est organisé du 17/11/25 au 12/02/26 à la CCI de Metz.,"Vous êtes intéressé par le secteur immobilier? Ca tombe bien! Une formation pour obtenir le CQP négociateur immobilier est organisé du 17/11/25 au 12/02/26 à la CCI de Metz. Au-delà du métier de négociateur immobilier, cette certification peut ouvrir vers d'autres fonctions comme la gestion locative ou la copropriété. Pour plus d'informations, inscrivez vous à la réunion d'information prévue dans les locaux de la CCI. Merci de venir avec un CV. Pré-requis nécessaires - Demandeurs d'emploi inscr",,"[""Aides à l'emploi"", 'Recrutement', 'Découverte formation']",,"Mardi 28 octobre 2025, 13h00",2025-10-28 12:00:00+00:00,2025-10-28 15:30:00+00:00,"[{""begin"": ""2025-10-28T13:00:00+01:00"", ""end"": ""2025-10-28T16:30:00+01:00""}]",Agence METZ GARE,57070 Metz,57070,Metz,Moselle,Grand Est,,,,"{""id"": 1, ""label"": {""fr"": ""Sur place"", ""en"": ""In situ"", ""it"": ""In presenza"", ""es"": ""Desconnectad"", ""de"": ""Offline"", ""br"": ""War al lec\u2019h"", ""io"": ""crwdns14266:0crwdne14266:0"", ""oc"": ""Sus pla\u00e7a"", ""nl"": ""Ter plaatse""}}",,"[{""type"": ""link"", ""value"": ""https://mesevenementsemploi.francetravail.fr/mes-evenements-emploi/evenement/507149""}]"
45711893,https://openagenda.com/francetravail/events/ouverture-restaurant-foodfactory-a-metzanine,OUVERTURE RESTAURANT FOODFACTORY A METZANINE,"Nous sommes à la recherche de plusieurs Equipiers polyvalents de restauration F/H dans le cadre de l'ouverture de notre nouveau restaurant situé dans la zone Metzanine (Asian food, tradifood - bagel -","Nous sommes à la recherche de plusieurs Equipiers polyvalents de restauration F/H dans le cadre de l'ouverture de notre nouveau restaurant situé dans la zone Metzanine (Asian food, tradifood - bagel - burger). vos missions : Préparation des commandes avec précision et rapidité Gestion des approvisionnements et qualité des aliments Service client et encaissement Conseil et prise de commandes Horaires : Restaurant ouvert 7j/7 de 10h à minuit Postes disponibles en matinée ou après-midi Temps de tra",,['Recrutement'],,"Mercredi 13 mai, 09h00",2026-05-13 07:00:00+00:00,2026-05-13 10:30:00+00:00,"[{""begin"": ""2026-05-13T09:00:00+02:00"", ""end"": ""2026-05-13T12:30:00+02:00""}]",Agence METZ SEBASTOPOL,57070 Metz,57070,Metz,Moselle,Grand Est,,,,"{""id"": 1, ""label"": {""fr"": ""Sur place"", ""en"": ""In situ"", ""it"": ""In presenza"", ""es"": ""Desconnectad"", ""de"": ""Offline"", ""br"": ""War al lec\u2019h"", ""io"": ""crwdns14266:0crwdne14266:0"", ""oc"": ""Sus pla\u00e7a"", ""nl"": ""Ter plaatse""}}",,"[{""type"": ""link"", ""value"": ""https://mesevenementsemploi.francetravail.fr/mes-evenements-emploi/evenement/649835""}]"
5379627,https://openagenda.com/francetravail/events/formation-en-alternance-devenez-mecanicien-de-vehicules-de-transport-et-boostez-votre-carriere,Formation en Alternance : Devenez Mécanicien de Véhicules de Transport et Boostez Votre Carrière !,Plongez au coeur des métiers de la maintenance des véhicules de transport routier - personnes et de marchandises lors de cet événement dédié !,"Plongez au coeur des métiers de la maintenance des véhicules de transport routier - personnes et de marchandises lors de cet événement dédié ! Rencontrez des formateurs expérimentés et des professionnels du secteur qui vous présenteront les modalités de la formation en alternance, débutant en octobre 2026. Cet événement est spécialement conçu pour les demandeurs d'emploi et les jeunes en recherche d'orientation professionnelle. Vous découvrirez les débouchés professionnels, les attendus de la fo",,"['L alternance', 'Découverte secteur / métier', 'Découverte formation']",,"Jeudi 28 mai, 09h00",2026-05-28 07:00:00+00:00,2026-05-28 09:30:00+00:00,"[{""begin"": ""2026-05-28T09:00:00+02:00"", ""end"": ""2026-05-28T11:30:00+02:00""}]",Agence METZ BLIDA,57050 Metz,57004,Metz,Moselle,Grand Est,,,,"{""id"": 1, ""label"": {""fr"": ""Sur place"", ""en"": ""In situ"", ""it"": ""In presenza"", ""es"": ""Desconnectad"", ""de"": ""Offline"", ""br"": ""War al lec\u2019h"", ""io"": ""crwdns14266:0crwdne14266:0"", ""oc"": ""Sus pla\u00e7a"", ""nl"": ""Ter plaatse""}}",,"[{""type"": ""link"", ""value"": ""https://mesevenementsemploi.francetravail.fr/mes-evenements-emploi/evenement/645463""}]"
70247203,https://openagenda.com/francetravail/events/vous-souhaitez-exercer-un-metier-inspirant-porteur-de-sens-le-rectorat-de-lacademie-de-nancy-metz-recrute-des-enseignants,"Vous souhaitez exercer un métier inspirant, porteur de sens? Le rectorat de l'académie de Nancy-Metz recrute des enseignants !",Nostalgique des bancs de l'école? Envie de donner du sens à votre carrière ? Devenez enseignant.,"Nostalgique des bancs de l'école? Envie de donner du sens à votre carrière ? Devenez enseignant.e! À l'occasion des ** Rendez-vous de l'emploi public du Grand Est **, du 5 mai au 12 juin 2026, le rectorat de l'académie de Nancy-Metz recrute et vient à votre rencontre! Qui peut candidater ? * Titulaire d'un BAC 3 minimum , * Ou BAC 2 avec au moins 5 ans d'expérience professionnelle . Pourquoi participer ? Venez découvrir un métier utile, engagé et porteur de sens, et explorez concrè",,"['#TousMobilisés', 'Métiers de l emploi public', 'Recrutement', 'Découverte secteur / métier']",,"Mercredi 3 juin, 09h30",2026-06-03 07:30:00+00:00,2026-06-03 10:00:00+00:00,"[{""begin"": ""2026-06-03T09:30:00+02:00"", ""end"": ""2026-06-03T12:00:00+02:00""}]",Agence METZ GARE,57000 Metz,57000,Metz,Moselle,Grand Est,,,,"{""id"": 1, ""label"": {""fr"": ""Sur place"", ""en"": ""In situ"", ""it"": ""In presenza"", ""es"": ""Desconnectad"", ""de"": ""Offline"", ""br"": ""War al lec\u2019h"", ""io"": ""crwdns14266:0crwdne14266:0"", ""oc"": ""Sus pla\u00e7a"", ""nl"": ""Ter plaatse""}}",,"[{""type"": ""link"", ""value"": ""https://mesevenementsemploi.francetravail.fr/mes-evenements-emploi/evenement/662400""}]"
62689909,https://openagenda.com/francetravail/events/devenez-agent-de-securite-5185147,Devenez agent de sécurité !,"Venez rencontrer l'entreprise IPS lors d'une réunion d'information ou vous découvrirez les prérequis pour devenir ""agent de sécurité"". A l'issue de cette réunion vous pourrez passer un entretien a...","Venez rencontrer l'entreprise IPS lors d'une réunion d'information ou vous découvrirez les prérequis pour devenir ""agent de sécurité"". A l'issue de cette réunion vous pourrez passer un entretien avec le recruteur qui vous expliquera les modalités de la formation et les postes proposés. Venez avec votre CV. Venez rencontrer l'entreprise IPS lors d'une réunion d'information ou vous découvrirez les prérequis pour devenir ""agent de sécurité"". A l'issue de cette réunion vous pourrez passer un entretien avec le recruteur qui vous expliquera les modalités de la formation et les postes proposés. Venez avec votre CV.",,"[""Réunion d'information"", '1 jeune  1 solution', '#TousMobilisés', 'Recrutement', 'Tout public', ""Opportunité d'emploi"", 'en physique']",,"Mercredi 1 octobre 2025, 09h00",2025-10-01 07:00:00+00:00,2025-10-01 10:00:00+00:00,"[{""begin"": ""2025-10-01T09:00:00+02:00"", ""end"": ""2025-10-01T12:00:00+02:00""}]",Agence METZ BLIDA,57000 Metz,57014,Metz,Moselle,Grand Est,,,,"{""id"": 1, ""label"": {""fr"": ""Sur place"", ""en"": ""In situ"", ""it"": ""In presenza"", ""es"": ""Desconnectad"", ""de"": ""Offline"", ""br"": ""War al lec\u2019h"", ""io"": ""crwdns14266:0crwdne14266:0"", ""oc"": ""Sus pla\u00e7a"", ""nl"": ""Ter plaatse""}}",,"[{""type"": ""link"", ""value"": ""https://mesevenementsemploi.francetravail.fr/mes-evenements-emploi/evenement/485647""}]"
74379805,https://openagenda.com/culture/events/visite-libre-chapelle-sainte-glossinde-cloitre-et-parc-de-leveche-de-metz,Découvrez les bâtiments et le parc d'un évêché,"Au sein de ce havre de verdure niché au cœur de Metz, profitez d’un parcours libre à travers l’Évêché de Metz. Vous pourrez découvrir la chapelle Sainte-Glossinde, ainsi que le parc de l'Évêché.","Au sein de ce havre de verdure niché au cœur de Metz, profitez d’un parcours libre à travers l’Évêché de Metz. Vous pourrez découvrir la chapelle Sainte-Glossinde, ainsi que le parc de l'Évêché.",,,,20 et 21 septembre 2025,2025-09-20 11:00:00+00:00,2025-09-21 15:00:00+00:00,"[{""begin"": ""2025-09-20T13:00:00+02:00"", ""end"": ""2025-09-20T17:00:00+02:00""}, {""begin"": ""2025-09-21T13:00:00+02:00"", ""end"": ""2025-09-21T17:00:00+02:00""}]",Ancienne abbaye Sainte-Glossinde,"15 Pl. Sainte-Glossinde, 57000 Metz, France",57000,Metz,Moselle,Grand Est,"['handicap visuel', 'handicap intellectuel', 'handicap psychique', 'handicap auditif', 'handicap moteur']",,,"{""id"": 1, ""label"": {""fr"": ""Sur place"", ""en"": ""In situ"", ""it"": ""In presenza"", ""es"": ""Desconnectad"", ""de"": ""Offline"", ""br"": ""War al lec\u2019h"", ""io"": ""crwdns14266:0crwdne14266:0"", ""oc"": ""Sus pla\u00e7a""}}",,
28110174,https://openagenda.com/culture/events/le-circuit-des-remparts-architecture-militaire,Marchez sur les traces des remparts de la ville,"Remontez les lignes de défense de Metz en découvrant ses tours cachées, bastions médiévaux et portes majestueuses. Ce parcours dévoile l’évolution d’une cité fortifiée entre conflits et paix durable,…","Remontez les lignes de défense de Metz en découvrant ses tours cachées, bastions médiévaux et portes majestueuses. Ce parcours dévoile l’évolution d’une cité fortifiée entre conflits et paix durable, offrant une lecture stratégique et sensible du paysage urbain.",Maximum 25 participants; Rdv Office de Tourisme place d'Armes,,,"Samedi 20 septembre 2025, 14h00",2025-09-20 12:00:00+00:00,2025-09-20 13:30:00+00:00,"[{""begin"": ""2025-09-20T14:00:00+02:00"", ""end"": ""2025-09-20T15:30:00+02:00""}]","Corps de garde - Agence ""Inspire Metz""","2 place d'armes, 57000 Metz",57014,Metz,Moselle,Grand Est,,,,"{""id"": 1, ""label"": {""fr"": ""Sur place"", ""en"": ""In situ"", ""it"": ""In presenza"", ""es"": ""Desconnectad"", ""de"": ""Offline"", ""br"": ""War al lec\u2019h"", ""io"": ""crwdns14266:0crwdne14266:0"", ""oc"": ""Sus pla\u00e7a""}}",,"[{""type"": ""phone"", ""value"": ""03 87 39 00 00""}, {""type"": ""email"", ""value"": ""tourisme@inspire-metz.com""}]"
82569359,https://openagenda.com/culture/events/le-quartier-de-lamphitheatre-architecture-moderne,Explorez un quartier à l’architecture innovante,"Découvrez le quartier de l’Amphithéâtre, haut lieu d’audace architecturale à Metz. Du Centre Pompidou aux lignes contemporaines environnantes, explorez un paysage urbain en pleine mutation, entre et…","Découvrez le quartier de l’Amphithéâtre, haut lieu d’audace architecturale à Metz. Du Centre Pompidou aux lignes contemporaines environnantes, explorez un paysage urbain en pleine mutation, entre lumière, créativité et modernité, repensant le patrimoine d’aujourd’hui et de demain.",Maximum 25 participants; Rdv Parvis des  Droits de l'Homme,,,"Samedi 20 septembre 2025, 10h00",2025-09-20 08:00:00+00:00,2025-09-20 09:30:00+00:00,"[{""begin"": ""2025-09-20T10:00:00+02:00"", ""end"": ""2025-09-20T11:30:00+02:00""}]","Corps de garde - Agence ""Inspire Metz""","2 place d'armes, 57000 Metz",57014,Metz,Moselle,Grand Est,,,,"{""id"": 1, ""label"": {""fr"": ""Sur place"", ""en"": ""In situ"", ""it"": ""In presenza"", ""es"": ""Desconnectad"", ""de"": ""Offline"", ""br"": ""War al lec\u2019h"", ""io"": ""crwdns14266:0crwdne14266:0"", ""oc"": ""Sus pla\u00e7a""}}",,"[{""type"": ""phone"", ""value"": ""03 87 39 00 00""}, {""type"": ""email"", ""value"": ""tourisme@inspire-metz.com""}]"
7732717,https://openagenda.com/culture/events/visite-libre-du-temple-protestant-de-queuleu,Visite du temple protestant de Queuleu,"Venez découvrir le temple protestant de Queuleu : le bâtiment est un exemple frappant d’architecture néoromane, mêlant grès rose et pierre de Jaumont, un choix rare pour l’époque.","Venez découvrir le temple protestant de Queuleu : le bâtiment est un exemple frappant d’architecture néoromane, mêlant grès rose et pierre de Jaumont, un choix rare pour l’époque. Au-delà de l’édifice religieux, le temple est entouré d’un espace vert remarquable, avec notamment un séquoia géant planté lors de sa construction. Ce conifère majestueux est classé arbre remarquable de la ville.",,,,20 et 21 septembre 2025,2025-09-20 08:00:00+00:00,2025-09-21 16:30:00+00:00,"[{""begin"": ""2025-09-20T10:00:00+02:00"", ""end"": ""2025-09-20T20:00:00+02:00""}, {""begin"": ""2025-09-21T10:00:00+02:00"", ""end"": ""2025-09-21T18:30:00+02:00""}]",Temple protestant de Queuleu,"Rue du Roi Albert, 57070 Metz",57000,Metz,Moselle,Grand Est,,,,"{""id"": 1, ""label"": {""fr"": ""Sur place"", ""en"": ""In situ"", ""it"": ""In presenza"", ""es"": ""Desconnectad"", ""de"": ""Offline"", ""br"": ""War al lec\u2019h"", ""io"": ""crwdns14266:0crwdne14266:0"", ""oc"": ""Sus pla\u00e7a""}}",,
65917365,https://openagenda.com/francetravail/events/du-terrain-de-rugby-a-celui-de-lemploi-une-rencontre-gagnante-au-stade-3378884,Du terrain de rugby à celui de l'emploi : Une rencontre gagnante au stade !,Venez rencontrer les employeurs autrement autour d'une journée sportive !Nous vous invitons à participer à l’évènement « Du Stade vers l’emploi spécial Rugby » qui aura lieu le 09 Octobre 2025.« Du St,"Venez rencontrer les employeurs autrement autour d'une journée sportive !Nous vous invitons à participer à l’évènement « Du Stade vers l’emploi spécial Rugby » qui aura lieu le 09 Octobre 2025.« Du Stade Vers l’Emploi », une journée avec des activités sportives mais surtout ludiques associant employeurs et demandeurs d’emploi de manière anonyme durant la matinée. Vous partagerez ensuite un moment convivial autour d'un déjeuner qui vous est offert.  Enfin, participez au job dating avec les mêmes",,"[""Du Stade vers l'Emploi"", '1 jeune  1 solution', 'Recrutement', 'Insertion', 'Recrutement sans CV', 'Sport et insertion']",,"Mercredi 24 septembre 2025, 09h00",2025-09-24 07:00:00+00:00,2025-09-24 08:00:00+00:00,"[{""begin"": ""2025-09-24T09:00:00+02:00"", ""end"": ""2025-09-24T10:00:00+02:00""}]",Agence METZ SEBASTOPOL,57070 Metz,57070,Metz,Moselle,Grand Est,,,,"{""id"": 1, ""label"": {""fr"": ""Sur place"", ""en"": ""In situ"", ""it"": ""In presenza"", ""es"": ""Desconnectad"", ""de"": ""Offline"", ""br"": ""War al lec\u2019h"", ""io"": ""crwdns14266:0crwdne14266:0"", ""oc"": ""Sus pla\u00e7a"", ""nl"": ""Ter plaatse""}}",,"[{""type"": ""link"", ""value"": ""https://mesevenementsemploi.francetravail.fr/mes-evenements-emploi/evenement/473512""}]"
88176886,https://openagenda.com/toutes-les-chambres-agriculture-agregees/events/parlons-de-lelevage-en-grand-est,Parlons de l'élevage en Grand Est !,"En Grand Est, un grand débat citoyen sur l’élevage se tiendra à l'occasion du salon AGRIMAX à Metz le vendredi 31 octobre sous forme de deux demi-journées.","Métier de passion, l'élevage est également l'objet de débats passionnés où s'entrechoquent parfois vision idéalisée et réalité vécue. Lors du salon de l'élevage AGRIMAX , vous êtes les bienvenus à "" Parlons de l'élevage en Grand Est "" pour (re)découvrir enjeux et problématiques de l'élevage et des territoires du Grand Est, et au travers d'une projection cinématographique, de 3 tables rondes les points de convergence et points de divergences à travailler ensemble pour la résilience/l'avenir de l'élevage en Grand Est. Sous le patronage de Chambres d'Agriculture France et du MASA Programme détaillé à télécharger .",Sur inscription,"['élevage', 'grandest', 'débat citoyen', 'dialogue sociétal']",,"Vendredi 31 octobre 2025, 09h00",2025-10-31 08:00:00+00:00,2025-10-31 15:30:00+00:00,"[{""begin"": ""2025-10-31T09:00:00+01:00"", ""end"": ""2025-10-31T16:30:00+01:00""}]","Centre Foires et Conventions de l'Eurométropole, Metz (57)",Rue de la Grange aux bois 57000 - Metz,57072,Metz,Moselle,Grand Est,"['handicap visuel', 'handicap psychique', 'handicap moteur']",,,"{""id"": 1, ""label"": {""fr"": ""Sur place"", ""en"": ""In situ"", ""it"": ""In presenza"", ""es"": ""Desconnectad"", ""de"": ""Offline"", ""br"": ""War al lec\u2019h"", ""io"": ""crwdns14266:0crwdne14266:0"", ""oc"": ""Sus pla\u00e7a"", ""nl"": ""Ter plaatse""}}",,"[{""type"": ""link"", ""value"": ""https://forms.office.com/Pages/ResponsePage.aspx?id=l5GK4XsCCkis6wvl_bQpIOlkFTtVakNItkqU6HBpWTxURFYxRU43WVJEWjBEVFRKV0ZGNlJLS08wUC4u""}]"
85182640,https://openagenda.com/francetravail/events/salon-agrimax-forum-decouverte-des-metiers-de-la-nature-et-du-vivant-330280,Salon AGRIMAX : Forum découverte des métiers de la nature et du vivant,"A l'occasion du Salon AGRIMAX, l'Euro-Métropole de Metz, l'ANEFA Lorraine, l'APECITA et France Travail organisent une nouvelle édition du Forum des Métiers de la Nature et du Vivant, le jeudi 29 octob","A l'occasion du Salon AGRIMAX, l'Euro-Métropole de Metz, l'ANEFA Lorraine, l'APECITA et France Travail organisent une nouvelle édition du Forum des Métiers de la Nature et du Vivant, le jeudi 29 octobre de 10h30 à 13h30. Sur le stand de l'Eurométropole de Metz : venez échanger avec une vingtaine d'entreprises des secteurs agricole, de l'équipement agricole et du paysage : découvrez leurs métiers et leurs offres d'emploi ou de stage. Sur l'espace Métiers / Emploi / Formation , des structures d'ac",,"['#TousMobilisés', 'Transition écologique', ""Métiers de l'agriculture"", 'Recrutement', ""S'informer"", 'Découverte formation', 'Découverte secteur / métier']",,"Jeudi 29 octobre, 10h30",2026-10-29 09:30:00+00:00,2026-10-29 11:30:00+00:00,"[{""begin"": ""2026-10-29T10:30:00+01:00"", ""end"": ""2026-10-29T12:30:00+01:00""}]",Agence METZ BLIDA,57070 Metz,57070,Metz,Moselle,Grand Est,,,,"{""id"": 1, ""label"": {""fr"": ""Sur place"", ""en"": ""In situ"", ""it"": ""In presenza"", ""es"": ""Desconnectad"", ""de"": ""Offline"", ""br"": ""War al lec\u2019h"", ""io"": ""crwdns14266:0crwdne14266:0"", ""oc"": ""Sus pla\u00e7a"", ""nl"": ""Ter plaatse""}}",,"[{""type"": ""link"", ""value"": ""https://mesevenementsemploi.francetravail.fr/mes-evenements-emploi/evenement/727252""}]"
75364741,https://openagenda.com/francetravail/events/le-sport-comme-levier-vers-lemploi-rejoignez-le-stade-vers-lemploi-metz-rugby-3270321,Le sport comme levier vers l'emploi : Rejoignez le Stade vers l'emploi ! ! Metz Rugby,Venez rencontrer les employeurs autrement autour d'un après-midi sportif ! Nous vous invitons à participer à l'évènement Du Stade vers l'emploi spécial Rugby qui aura lieu le jeudi 24 septembre 2026.,"Venez rencontrer les employeurs autrement autour d'un après-midi sportif ! Nous vous invitons à participer à l'évènement Du Stade vers l'emploi spécial Rugby qui aura lieu le jeudi 24 septembre 2026. Du Stade Vers l'Emploi , une journée avec des activités sportives mais surtout ludiques associant employeurs et demandeurs d'emploi de manière anonyme. Vous partagerez un moment convivial autour d'une collation. Enfin, participez au job dating avec les mêmes employeurs. Préparez-vous à vivre une ex",,"[""Du Stade vers l'Emploi"", 'Recrutement par le sport']",,"Mardi 8 septembre, 13h45",2026-09-08 11:45:00+00:00,2026-09-08 13:15:00+00:00,"[{""begin"": ""2026-09-08T13:45:00+02:00"", ""end"": ""2026-09-08T15:15:00+02:00""}]",Agence METZ BLIDA,57000 Metz,57014,Metz,Moselle,Grand Est,,,,"{""id"": 1, ""label"": {""fr"": ""Sur place"", ""en"": ""In situ"", ""it"": ""In presenza"", ""es"": ""Desconnectad"", ""de"": ""Offline"", ""br"": ""War al lec\u2019h"", ""io"": ""crwdns14266:0crwdne14266:0"", ""oc"": ""Sus pla\u00e7a"", ""nl"": ""Ter plaatse""}}",,"[{""type"": ""link"", ""value"": ""https://mesevenementsemploi.francetravail.fr/mes-evenements-emploi/evenement/701338""}]"
76924523,https://openagenda.com/francetravail/events/la-caf-recrute-ses-conseillers-relation-allocataire-2856218,La CAF recrute ses conseillers relation allocataire,"La CAF recrute ses futur(e)s conseillers(ères) relation allocataire et vous propose de venir découvrir le parcours de recrutement, le poste et l'entreprise lors d'une réunion d'information dans ses lo","La CAF recrute ses futur(e)s conseillers(ères) relation allocataire et vous propose de venir découvrir le parcours de recrutement, le poste et l'entreprise lors d'une réunion d'information dans ses locaux. Les conseillers relation allocataire assurent un premier niveau d'accueil physique et téléphonique des allocataires. Ils accompagnent également les allocataires dans l'utilisation des outils de téléservices tels que le site internet caf. FORMATION ET EXPERIENCE OBLIGATOIRES : Bac 2 obtenu mini",,"['#TousMobilisés', 'Recrutement']",,"Lundi 7 septembre, 14h45",2026-09-07 12:45:00+00:00,2026-09-07 13:45:00+00:00,"[{""begin"": ""2026-09-07T14:45:00+02:00"", ""end"": ""2026-09-07T15:45:00+02:00""}]",Agence METZ BLIDA,57000 Metz,57014,Metz,Moselle,Grand Est,,,,"{""id"": 1, ""label"": {""fr"": ""Sur place"", ""en"": ""In situ"", ""it"": ""In presenza"", ""es"": ""Desconnectad"", ""de"": ""Offline"", ""br"": ""War al lec\u2019h"", ""io"": ""crwdns14266:0crwdne14266:0"", ""oc"": ""Sus pla\u00e7a"", ""nl"": ""Ter plaatse""}}",,"[{""type"": ""link"", ""value"": ""https://mesevenementsemploi.francetravail.fr/mes-evenements-emploi/evenement/722935""}]"
65954441,https://openagenda.com/solutionscse/events/animation-pronos-et-e-cartes-offertes-5903075,Animation Pronos et E-cartes offertes !,"Pour toute souscription advanGO sur le salon, bénéficiez d'une animation Pronostics sportifs offerte et recevez des e-cartes cadeaux Shoppa (3% de la valeur de votre contrat).","Dynamisez votre CSE avec l'offre exclusive Spécial Salons d'advanGO ! Vous cherchez une solution innovante pour engager vos salariés ? Pour toute nouvelle souscription effectuée sur notre stand, nous accompagnons votre lancement avec deux avantages majeurs offerts : - Une animation ""Pronostics Sportifs"" offerte, - Des e-cartes cadeaux Shoppa créditées,",,,,5 et 6 mars,2026-03-05 08:00:00+00:00,2026-03-06 16:00:00+00:00,"[{""begin"": ""2026-03-05T09:00:00+01:00"", ""end"": ""2026-03-05T17:00:00+01:00""}, {""begin"": ""2026-03-06T09:00:00+01:00"", ""end"": ""2026-03-06T17:00:00+01:00""}]",Metz - Centre de convention du technopôle,Rue de la grange aux Bois 57072 Metz,57072,Metz,Moselle,Grand Est,,,,"{""id"": 1, ""label"": {""fr"": ""Sur place"", ""en"": ""In situ"", ""it"": ""In presenza"", ""es"": ""Desconnectad"", ""de"": ""Offline"", ""br"": ""War al lec\u2019h"", ""io"": ""crwdns14266:0crwdne14266:0"", ""oc"": ""Sus pla\u00e7a"", ""nl"": ""Ter plaatse""}}",,
8937962,https://openagenda.com/eteculturel/events/jeunes-estivants-2025-mohammed-al-qudwa-corridors-and-le-centre-socio-culturel-de-borny,"Jeunes ESTivants 2025 - Mohammed Al Qudwa ""Corridors"" & le Centre socio-culturel de Borny",Résidence artistique de Mohammed Al Qudwa (théâtre) au Centre socio-culturel de Borny à Metz (Moselle),,,,,1 juillet - 30 septembre 2025,2025-07-01 06:00:00+00:00,2025-09-30 15:00:00+00:00,"[{""begin"": ""2025-07-01T08:00:00+02:00"", ""end"": ""2025-07-01T17:00:00+02:00""}, {""begin"": ""2025-07-02T08:00:00+02:00"", ""end"": ""2025-07-02T17:00:00+02:00""}, {""begin"": ""2025-07-03T08:00:00+02:00"", ""end"": ""2025-07-03T17:00:00+02:00""}, {""begin"": ""2025-07-04T08:00:00+02:00"", ""end"": ""2025-07-04T17:00:00+02:00""}, {""begin"": ""2025-07-05T08:00:00+02:00"", ""end"": ""2025-07-05T17:00:00+02:00""}, {""begin"": ""2025-07-06T08:00:00+02:00"", ""end"": ""2025-07-06T17:00:00+02:00""}, {""begin"": ""2025-07-07T08:00:00+02:00"", ""end"": ""2025-07-07T17:00:00+02:00""}, {""begin"": ""2025-07-08T08:00:00+02:00"", ""end"": ""2025-07-08T17:00:00+02:00""}, {""begin"": ""2025-07-09T08:00:00+02:00"", ""end"": ""2025-07-09T17:00:00+02:00""}, {""begin"": ""2025-07-10T08:00:00+02:00"", ""end"": ""2025-07-10T17:00:00+02:00""}, {""begin"": ""2025-07-11T08:00:00+02:00"", ""end"": ""2025-07-11T17:00:00+02:00""}, {""begin"": ""2025-07-12T08:00:00+02:00"", ""end"": ""2025-07-12T17:00:00+02:00""}, {""begin"": ""2025-07-13T08:00:00+02:00"", ""end"": ""2025-07-13T17:00:00+02:00""}, {""begin"": ""2025-07-14T08:00:00+02:00"", ""end"": ""2025-07-14T17:00:00+02:00""}, {""begin"": ""2025-07-15T08:00:00+02:00"", ""end"": ""2025-07-15T17:00:00+02:00""}, {""begin"": ""2025-07-16T08:00:00+02:00"", ""end"": ""2025-07-16T17:00:00+02:00""}, {""begin"": ""2025-07-17T08:00:00+02:00"", ""end"": ""2025-07-17T17:00:00+02:00""}, {""begin"": ""2025-07-18T08:00:00+02:00"", ""end"": ""2025-07-18T17:00:00+02:00""}, {""begin"": ""2025-07-19T08:00:00+02:00"", ""end"": ""2025-07-19T17:00:00+02:00""}, {""begin"": ""2025-07-20T08:00:00+02:00"", ""end"": ""2025-07-20T17:00:00+02:00""}, {""begin"": ""2025-07-21T08:00:00+02:00"", ""end"": ""2025-07-21T17:00:00+02:00""}, {""begin"": ""2025-07-22T08:00:00+02:00"", ""end"": ""2025-07-22T17:00:00+02:00""}, {""begin"": ""2025-07-23T08:00:00+02:00"", ""end"": ""2025-07-23T17:00:00+02:00""}, {""begin"": ""2025-07-24T08:00:00+02:00"", ""end"": ""2025-07-24T17:00:00+02:00""}, {""begin"": ""2025-07-25T08:00:00+02:00"", ""end"": ""2025-07-25T17:00:00+02:00""}, {""begin"": ""2025-07-26T08:00:00+02:00"", ""end"": ""2025-07-26T17:00:00+02:00""}, {""begin"": ""2025-07-27T08:00:00+02:00"", ""end"": ""2025-07-27T17:00:00+02:00""}, {""begin"": ""2025-07-28T08:00:00+02:00"", ""end"": ""2025-07-28T17:00:00+02:00""}, {""begin"": ""2025-07-29T08:00:00+02:00"", ""end"": ""2025-07-29T17:00:00+02:00""}, {""begin"": ""2025-07-30T08:00:00+02:00"", ""end"": ""2025-07-30T17:00:00+02:00""}, {""begin"": ""2025-07-31T08:00:00+02:00"", ""end"": ""2025-07-31T17:00:00+02:00""}, {""begin"": ""2025-08-01T08:00:00+02:00"", ""end"": ""2025-08-01T17:00:00+02:00""}, {""begin"": ""2025-08-02T08:00:00+02:00"", ""end"": ""2025-08-02T17:00:00+02:00""}, {""begin"": ""2025-08-03T08:00:00+02:00"", ""end"": ""2025-08-03T17:00:00+02:00""}, {""begin"": ""2025-08-04T08:00:00+02:00"", ""end"": ""2025-08-04T17:00:00+02:00""}, {""begin"": ""2025-08-05T08:00:00+02:00"", ""end"": ""2025-08-05T17:00:00+02:00""}, {""begin"": ""2025-08-06T08:00:00+02:00"", ""end"": ""2025-08-06T17:00:00+02:00""}, {""begin"": ""2025-08-07T08:00:00+02:00"", ""end"": ""2025-08-07T17:00:00+02:00""}, {""begin"": ""2025-08-08T08:00:00+02:00"", ""end"": ""2025-08-08T17:00:00+02:00""}, {""begin"": ""2025-08-09T08:00:00+02:00"", ""end"": ""2025-08-09T17:00:00+02:00""}, {""begin"": ""2025-08-10T08:00:00+02:00"", ""end"": ""2025-08-10T17:00:00+02:00""}, {""begin"": ""2025-08-11T08:00:00+02:00"", ""end"": ""2025-08-11T17:00:00+02:00""}, {""begin"": ""2025-08-12T08:00:00+02:00"", ""end"": ""2025-08-12T17:00:00+02:00""}, {""begin"": ""2025-08-13T08:00:00+02:00"", ""end"": ""2025-08-13T17:00:00+02:00""}, {""begin"": ""2025-08-14T08:00:00+02:00"", ""end"": ""2025-08-14T17:00:00+02:00""}, {""begin"": ""2025-08-15T08:00:00+02:00"", ""end"": ""2025-08-15T17:00:00+02:00""}, {""begin"": ""2025-08-16T08:00:00+02:00"", ""end"": ""2025-08-16T17:00:00+02:00""}, {""begin"": ""2025-08-17T08:00:00+02:00"", ""end"": ""2025-08-17T17:00:00+02:00""}, {""begin"": ""2025-08-18T08:00:00+02:00"", ""end"": ""2025-08-18T17:00:00+02:00""}, {""begin"": ""2025-08-19T08:00:00+02:00"", ""end"": ""2025-08-19T17:00:00+02:00""}, {""begin"": ""2025-08-20T08:00:00+02:00"", ""end"": ""2025-08-20T17:00:00+02:00""}, {""begin"": ""2025-08-21T08:00:00+02:00"", ""end"": ""2025-08-21T17:00:00+02:00""}, {""begin"": ""2025-08-22T08:00:00+02:00"", ""end"": ""2025-08-22T17:00:00+02:00""}, {""begin"": ""2025-08-23T08:00:00+02:00"", ""end"": ""2025-08-23T17:00:00+02:00""}, {""begin"": ""2025-08-24T08:00:00+02:00"", ""end"": ""2025-08-24T17:00:00+02:00""}, {""begin"": ""2025-08-25T08:00:00+02:00"", ""end"": ""2025-08-25T17:00:00+02:00""}, {""begin"": ""2025-08-26T08:00:00+02:00"", ""end"": ""2025-08-26T17:00:00+02:00""}, {""begin"": ""2025-08-27T08:00:00+02:00"", ""end"": ""2025-08-27T17:00:00+02:00""}, {""begin"": ""2025-08-28T08:00:00+02:00"", ""end"": ""2025-08-28T17:00:00+02:00""}, {""begin"": ""2025-08-29T08:00:00+02:00"", ""end"": ""2025-08-29T17:00:00+02:00""}, {""begin"": ""2025-08-30T08:00:00+02:00"", ""end"": ""2025-08-30T17:00:00+02:00""}, {""begin"": ""2025-08-31T08:00:00+02:00"", ""end"": ""2025-08-31T17:00:00+02:00""}, {""begin"": ""2025-09-01T08:00:00+02:00"", ""end"": ""2025-09-01T17:00:00+02:00""}, {""begin"": ""2025-09-02T08:00:00+02:00"", ""end"": ""2025-09-02T17:00:00+02:00""}, {""begin"": ""2025-09-03T08:00:00+02:00"", ""end"": ""2025-09-03T17:00:00+02:00""}, {""begin"": ""2025-09-04T08:00:00+02:00"", ""end"": ""2025-09-04T17:00:00+02:00""}, {""begin"": ""2025-09-05T08:00:00+02:00"", ""end"": ""2025-09-05T17:00:00+02:00""}, {""begin"": ""2025-09-06T08:00:00+02:00"", ""end"": ""2025-09-06T17:00:00+02:00""}, {""begin"": ""2025-09-07T08:00:00+02:00"", ""end"": ""2025-09-07T17:00:00+02:00""}, {""begin"": ""2025-09-08T08:00:00+02:00"", ""end"": ""2025-09-08T17:00:00+02:00""}, {""begin"": ""2025-09-09T08:00:00+02:00"", ""end"": ""2025-09-09T17:00:00+02:00""}, {""begin"": ""2025-09-10T08:00:00+02:00"", ""end"": ""2025-09-10T17:00:00+02:00""}, {""begin"": ""2025-09-11T08:00:00+02:00"", ""end"": ""2025-09-11T17:00:00+02:00""}, {""begin"": ""2025-09-12T08:00:00+02:00"", ""end"": ""2025-09-12T17:00:00+02:00""}, {""begin"": ""2025-09-13T08:00:00+02:00"", ""end"": ""2025-09-13T17:00:00+02:00""}, {""begin"": ""2025-09-14T08:00:00+02:00"", ""end"": ""2025-09-14T17:00:00+02:00""}, {""begin"": ""2025-09-15T08:00:00+02:00"", ""end"": ""2025-09-15T17:00:00+02:00""}, {""begin"": ""2025-09-16T08:00:00+02:00"", ""end"": ""2025-09-16T17:00:00+02:00""}, {""begin"": ""2025-09-17T08:00:00+02:00"", ""end"": ""2025-09-17T17:00:00+02:00""}, {""begin"": ""2025-09-18T08:00:00+02:00"", ""end"": ""2025-09-18T17:00:00+02:00""}, {""begin"": ""2025-09-19T08:00:00+02:00"", ""end"": ""2025-09-19T17:00:00+02:00""}, {""begin"": ""2025-09-20T08:00:00+02:00"", ""end"": ""2025-09-20T17:00:00+02:00""}, {""begin"": ""2025-09-21T08:00:00+02:00"", ""end"": ""2025-09-21T17:00:00+02:00""}, {""begin"": ""2025-09-22T08:00:00+02:00"", ""end"": ""2025-09-22T17:00:00+02:00""}, {""begin"": ""2025-09-23T08:00:00+02:00"", ""end"": ""2025-09-23T17:00:00+02:00""}, {""begin"": ""2025-09-24T08:00:00+02:00"", ""end"": ""2025-09-24T17:00:00+02:00""}, {""begin"": ""2025-09-25T08:00:00+02:00"", ""end"": ""2025-09-25T17:00:00+02:00""}, {""begin"": ""2025-09-26T08:00:00+02:00"", ""end"": ""2025-09-26T17:00:00+02:00""}, {""begin"": ""2025-09-27T08:00:00+02:00"", ""end"": ""2025-09-27T17:00:00+02:00""}, {""begin"": ""2025-09-28T08:00:00+02:00"", ""end"": ""2025-09-28T17:00:00+02:00""}, {""begin"": ""2025-09-29T08:00:00+02:00"", ""end"": ""2025-09-29T17:00:00+02:00""}, {""begin"": ""2025-09-30T08:00:00+02:00"", ""end"": ""2025-09-30T17:00:00+02:00""}]",Centre socio-culturel de Borny,"Rue du Vermandois, 57070 Metz",57070,Metz,Moselle,Grand Est,,,,"{""id"": 1, ""label"": {""fr"": ""Sur place"", ""en"": ""In situ"", ""it"": ""In presenza"", ""es"": ""Desconnectad"", ""de"": ""Offline"", ""br"": ""War al lec\u2019h"", ""io"": ""crwdns14266:0crwdne14266:0"", ""oc"": ""Sus pla\u00e7a""}}",,
96265026,https://openagenda.com/catalogue-departemental-des-structures-daccueil-et-dhebergement-moselle/events/auberge-de-jeunesse-de-metz-plage,Auberge de Jeunesse de Metz Plage,PEH,"L’auberge de jeunesse de Metz-Plage vous accueille dans une ambiance chaleureuse. En plus de rencontres inoubliables avec d’autres voyageurs, c’est une ville chargée d’histoire que vous découvrirez. La cathédrale Saint-Étienne, les musées de la Cour d’Or, la place d’Armes, le quartier impérial autour de la gare,… Tous les monuments du centre-ville méritent d’être visités. Située à 10 Minutes à pieds de la Cathédrale et à 200 Mètres du veloroute Charles le témeraire, vous ètes entre Campagne et Centre Ville.",,,,"Jeudi 1 janvier 2032, 02h00",2032-01-01 01:00:00+00:00,2032-01-01 03:00:00+00:00,"[{""begin"": ""2032-01-01T02:00:00+01:00"", ""end"": ""2032-01-01T04:00:00+01:00""}]",Auberge de Jeunesse,1 allée de Metz Plage 57000 Metz,57045,Metz,Moselle,Grand Est,,6.0,15.0,"{""id"": 1, ""label"": {""fr"": ""Sur place"", ""en"": ""In situ"", ""it"": ""In situ"", ""es"": ""Desconnectad"", ""de"": ""Offline"", ""br"": ""War al lec\u2019h"", ""io"": ""crwdns14266:0crwdne14266:0""}}",,"[{""type"": ""phone"", ""value"": ""0387304402""}, {""type"": ""email"", ""value"": ""contact@ajmetz.fr""}, {""type"": ""link"", ""value"": ""http://www.ajmetz.fr""}]"
42762710,https://openagenda.com/francetravail/events/lagence-onela-recrute-des-auxiliaires-de-vie-et-aides-de-menage-pour-la-saison-estivale,L'agence ONELA recrute des auxiliaires de vie et aides de ménage pour la saison estivale !,Rejoignez l'agence ONELA pour une matinée de recrutement dédiée aux postes d'auxiliaire de vie et d'aide de ménage pour la période estivale.,"Rejoignez l'agence ONELA pour une matinée de recrutement dédiée aux postes d'auxiliaire de vie et d'aide de ménage pour la période estivale. Cet événement est une excellente opportunité pour ceux qui souhaitent travailler dans le secteur du soutien à domicile et bénéficier d'une expérience enrichissante. Au cours de cette matinée, vous aurez l'occasion de rencontrer les recruteurs de l'agence ONELA, qui vous présenteront les missions et les avantages de travailler avec eux. Vous pourrez égalemen",,"['#TousMobilisés', 'Métiers du Prendre soin', 'Recrutement', 'Découverte secteur / métier', ""S'informer"", 'Marché du travail']",,"Mardi 16 juin, 09h00",2026-06-16 07:00:00+00:00,2026-06-16 09:00:00+00:00,"[{""begin"": ""2026-06-16T09:00:00+02:00"", ""end"": ""2026-06-16T11:00:00+02:00""}]",Agence METZ GARE,57000 Metz,57000,Metz,Moselle,Grand Est,,,,"{""id"": 1, ""label"": {""fr"": ""Sur place"", ""en"": ""In situ"", ""it"": ""In presenza"", ""es"": ""Desconnectad"", ""de"": ""Offline"", ""br"": ""War al lec\u2019h"", ""io"": ""crwdns14266:0crwdne14266:0"", ""oc"": ""Sus pla\u00e7a"", ""nl"": ""Ter plaatse""}}",,"[{""type"": ""link"", ""value"": ""https://mesevenementsemploi.francetravail.fr/mes-evenements-emploi/evenement/661284""}]"
69046869,https://openagenda.com/francetravail/events/assistante-des-ventes-tu-es-rigoureuxse-polyvalente-et-tu-aimes-le-contact-client-ce-job-est-fait-pour-toi,"Assistant(e) des Ventes : Tu es rigoureux(se), polyvalent(e) et tu aimes le contact client ? Ce job est fait pour toi !",Participez à notre réunion d'information collective dédiée au recrutement d'un(e) Assistant(e) des ventes pour notre succursale à Ste Marie Aux Chênes.,"Participez à notre réunion d'information collective dédiée au recrutement d'un(e) Assistant(e) des ventes pour notre succursale à Ste Marie Aux Chênes. Cet événement est ouvert à tous les publics et vise à vous présenter les opportunités de carrière au sein de notre entreprise de distribution d'équipements industriels. Rencontrez nos responsables des ventes et découvrez les missions passionnantes qui vous attendent : gestion de portefeuille client, développement commercial, résolution de litiges",,"['#TousMobilisés', 'Recrutement']",,"Mercredi 29 avril, 10h00",2026-04-29 08:00:00+00:00,2026-04-29 09:30:00+00:00,"[{""begin"": ""2026-04-29T10:00:00+02:00"", ""end"": ""2026-04-29T11:30:00+02:00""}]",Agence METZ BLIDA,57000 Metz,57014,Metz,Moselle,Grand Est,,,,"{""id"": 1, ""label"": {""fr"": ""Sur place"", ""en"": ""In situ"", ""it"": ""In presenza"", ""es"": ""Desconnectad"", ""de"": ""Offline"", ""br"": ""War al lec\u2019h"", ""io"": ""crwdns14266:0crwdne14266:0"", ""oc"": ""Sus pla\u00e7a"", ""nl"": ""Ter plaatse""}}",,"[{""type"": ""link"", ""value"": ""https://mesevenementsemploi.francetravail.fr/mes-evenements-emploi/evenement/643929""}]"
53378767,https://openagenda.com/culture/events/visite-libre-eglise-saint-fiacre,Découvrez un fleuron du style « néo-gothique »,"Découvrez cette église catholique restaurée complètement à l’extérieur. Plusieurs curiosités internes, les vitraux du chœur et d’autres éléments, attireront l’attention du visiteur.","Découvrez cette église catholique restaurée complètement à l’extérieur. Plusieurs curiosités internes, les vitraux du chœur et d’autres éléments, attireront l’attention du visiteur. L’église néo-gothique du Sablon présente quelques particularités architecturales. Elle est d’abord consacrée au Sacré-Cœur. Vous aurez ensuite l’occasion d’observer de plus près le bas-relief du tabernacle : trois parties intéressantes. Enfin, une exposition d’objets atypiques évoque le second saint patron de l’église : Saint-Fiacre.",,,,20 et 21 septembre 2025,2025-09-20 12:00:00+00:00,2025-09-21 16:00:00+00:00,"[{""begin"": ""2025-09-20T14:00:00+02:00"", ""end"": ""2025-09-20T18:00:00+02:00""}, {""begin"": ""2025-09-21T14:00:00+02:00"", ""end"": ""2025-09-21T18:00:00+02:00""}]",Église Saint-Fiacre,"87 rue de la chapelle, 57000 Metz",57000,Metz,Moselle,Grand Est,['handicap moteur'],,,"{""id"": 1, ""label"": {""fr"": ""Sur place"", ""en"": ""In situ"", ""it"": ""In presenza"", ""es"": ""Desconnectad"", ""de"": ""Offline"", ""br"": ""War al lec\u2019h"", ""io"": ""crwdns14266:0crwdne14266:0"", ""oc"": ""Sus pla\u00e7a""}}",,
46758844,https://openagenda.com/culture/events/secrets-des-plantes-et-savoirs-des-apothicaires,Secrets des plantes et savoirs des apothicaires,"Accompagné d’un guide, découvrez un jardin dédié aux plantes médicinales et toxiques, leurs usages traditionnels et leurs propriétés. La visite se prolonge dans une salle de l’Apothicarium, où sont à…","Accompagné d’un guide, découvrez un jardin dédié aux plantes médicinales et toxiques, leurs usages traditionnels et leurs propriétés. La visite se prolonge dans une salle de l’Apothicarium, où sont exposés anciens pots, instruments et préparations liés à l’art de guérir d’autrefois.",Sur inscription téléphonique à partir du 8 septembre au 03 87 74 88 89,,,"Samedi 20 septembre 2025, 15h00",2025-09-20 13:00:00+00:00,2025-09-20 14:00:00+00:00,"[{""begin"": ""2025-09-20T15:00:00+02:00"", ""end"": ""2025-09-20T16:00:00+02:00""}]",Cloître des Récollets,"1-3 rue des Récollets, 57000 Metz",57000,Metz,Moselle,Grand Est,,,,"{""id"": 1, ""label"": {""fr"": ""Sur place"", ""en"": ""In situ"", ""it"": ""In presenza"", ""es"": ""Desconnectad"", ""de"": ""Offline"", ""br"": ""War al lec\u2019h"", ""io"": ""crwdns14266:0crwdne14266:0"", ""oc"": ""Sus pla\u00e7a""}}",,"[{""type"": ""phone"", ""value"": ""03 87 74 88 89""}]"
72962320,https://openagenda.com/francetravail/events/du-terrain-de-rugby-a-celui-de-lemploi-une-rencontre-gagnante-au-stade-4567518,Du terrain de rugby à celui de l'emploi : Une rencontre gagnante au stade !,Venez rencontrer les employeurs autrement autour d'une journée sportive !Nous vous invitons à participer à l’évènement « Du Stade vers l’emploi spécial Rugby » qui aura lieu le 09 Octobre 2025.« Du St,"Venez rencontrer les employeurs autrement autour d'une journée sportive !Nous vous invitons à participer à l’évènement « Du Stade vers l’emploi spécial Rugby » qui aura lieu le 09 Octobre 2025.« Du Stade Vers l’Emploi », une journée avec des activités sportives mais surtout ludiques associant employeurs et demandeurs d’emploi de manière anonyme durant la matinée. Vous partagerez ensuite un moment convivial autour d'un déjeuner qui vous est offert.  Enfin, participez au job dating avec les mêmes",,"['1 jeune  1 solution', ""Du Stade vers l'Emploi"", 'Insertion', 'Recrutement', 'Sport et insertion', 'Recrutement sans CV']",,"Mercredi 10 septembre 2025, 09h00",2025-09-10 07:00:00+00:00,2025-09-10 08:15:00+00:00,"[{""begin"": ""2025-09-10T09:00:00+02:00"", ""end"": ""2025-09-10T10:15:00+02:00""}]",Agence METZ GARE,57000 Metz,57000,Metz,Moselle,Grand Est,,,,"{""id"": 1, ""label"": {""fr"": ""Sur place"", ""en"": ""In situ"", ""it"": ""In presenza"", ""es"": ""Desconnectad"", ""de"": ""Offline"", ""br"": ""War al lec\u2019h"", ""io"": ""crwdns14266:0crwdne14266:0"", ""oc"": ""Sus pla\u00e7a"", ""nl"": ""Ter plaatse""}}",,"[{""type"": ""link"", ""value"": ""https://mesevenementsemploi.francetravail.fr/mes-evenements-emploi/evenement/473350""}]"
17972702,https://openagenda.com/francetravail/events/reunion-de-recrutement-volontaire-service-civique-pour-france-travail,REUNION DE RECRUTEMENT VOLONTAIRE SERVICE CIVIQUE POUR FRANCE TRAVAIL,"Vous êtes jeunes, vous appréciez le contact, vous maitrisez les outils numériques et souhaitez participer à une mission utile et qui a du sens.Votre mission consistera à :Accueillir les demandeurs d’e","Vous êtes jeunes, vous appréciez le contact, vous maitrisez les outils numériques et souhaitez participer à une mission utile et qui a du sens.Votre mission consistera à :Accueillir les demandeurs d’emploi et les diriger vers le bon interlocuteur Accompagner les usagers dans l’utilisation des outils numériques de France Travail et des services digitauxÊtre en appui des demandeurs d’emploi inscription, actualisation, promotion des outils numérique de France TravailPour réaliser au mieux votre act",,"['1 jeune  1 solution', '#TousMobilisés', 'Recrutement', 'Insertion']",,"Mercredi 27 août 2025, 14h00",2025-08-27 12:00:00+00:00,2025-08-27 13:00:00+00:00,"[{""begin"": ""2025-08-27T14:00:00+02:00"", ""end"": ""2025-08-27T15:00:00+02:00""}]",Agence METZ BLIDA,57000 Metz,57014,Metz,Moselle,Grand Est,,,,"{""id"": 1, ""label"": {""fr"": ""Sur place"", ""en"": ""In situ"", ""it"": ""In presenza"", ""es"": ""Desconnectad"", ""de"": ""Offline"", ""br"": ""War al lec\u2019h"", ""io"": ""crwdns14266:0crwdne14266:0"", ""oc"": ""Sus pla\u00e7a"", ""nl"": ""Ter plaatse""}}",,"[{""type"": ""link"", ""value"": ""https://mesevenementsemploi.francetravail.fr/mes-evenements-emploi/evenement/483286""}]"
62884637,https://openagenda.com/saison-mediterranee-2026/events/les-chateaux-de-mes-tantes,Les châteaux de mes tantes,"**Des voix de femmes maghrébines, des récits suspendus, un jukebox de mémoire et de partage qui fait danser les souvenirs. Yasmine Yahiatène nous livre avec cette installation des moments suspendus à…","Des voix de femmes maghrébines, des récits suspendus, un jukebox de mémoire et de partage qui fait danser les souvenirs. Yasmine Yahiatène nous livre avec cette installation des moments suspendus à écouter et à ressentir. Les châteaux de mes tantes est une installation interactive née des récits de femmes issues de l’immigration tunisienne, algérienne et marocaine. Danse, rires, larmes et discussions ont façonné ce projet collectif. Au centre, un jukebox maghrébin, conçu par les participantes et réalisé par Samy Barras, invite à écouter ces voix dans un salon chaleureux, avec coussins, thé et images filmées par Pauline Vanden Neste. Installation évolutive, elle accumule les mémoires, mêlant ludique et poétique, et ouvre une réflexion sur la prochaine création de Yasmine Yahiatène Les châteaux de ma mère à découvrir prochainement. Dans le cadre de Passages Transfestival - édition 26 Nouveaux Rivages du 14 au 28 mai à Metz",En accès libre aux horaires d'ouverture du Hall de l'Arsenal,,,15 - 28 mai,2026-05-15 11:00:00+00:00,2026-05-28 18:00:00+00:00,"[{""begin"": ""2026-05-15T13:00:00+02:00"", ""end"": ""2026-05-15T20:00:00+02:00""}, {""begin"": ""2026-05-16T13:00:00+02:00"", ""end"": ""2026-05-16T20:00:00+02:00""}, {""begin"": ""2026-05-17T13:00:00+02:00"", ""end"": ""2026-05-17T20:00:00+02:00""}, {""begin"": ""2026-05-19T13:00:00+02:00"", ""end"": ""2026-05-19T20:00:00+02:00""}, {""begin"": ""2026-05-20T13:00:00+02:00"", ""end"": ""2026-05-20T20:00:00+02:00""}, {""begin"": ""2026-05-21T13:00:00+02:00"", ""end"": ""2026-05-21T20:00:00+02:00""}, {""begin"": ""2026-05-22T13:00:00+02:00"", ""end"": ""2026-05-22T20:00:00+02:00""}, {""begin"": ""2026-05-23T13:00:00+02:00"", ""end"": ""2026-05-23T20:00:00+02:00""}, {""begin"": ""2026-05-24T13:00:00+02:00"", ""end"": ""2026-05-24T20:00:00+02:00""}, {""begin"": ""2026-05-26T13:00:00+02:00"", ""end"": ""2026-05-26T20:00:00+02:00""}, {""begin"": ""2026-05-27T13:00:00+02:00"", ""end"": ""2026-05-27T20:00:00+02:00""}, {""begin"": ""2026-05-28T13:00:00+02:00"", ""end"": ""2026-05-28T20:00:00+02:00""}]",Arsenal Jean-Marie Rausch Metz,avenue Ney Metz,57000,Metz,Moselle,Grand Est,,,,"{""id"": 1, ""label"": {""fr"": ""Sur place""}}",,
84509335,https://openagenda.com/saison-mediterranee-2026/events/3-saisons-et-1-corps,3 Saisons et 1 corps,"Après un an de résidence entre Dijon,Thionville et Metz – où il rencontre Martha Kiss Perrone en mai 25- , le jeune poète palestinien Mohammed Al Qudwa revient à Metz pour sa première création !","Après un an de résidence entre Dijon,Thionville et Metz – où il rencontre Martha Kiss Perrone en mai 25- , le jeune poète palestinien Mohammed Al Qudwa revient à Metz pour sa première création ! Que transmettre lorsque l’on a tout perdu, que l’on a dû partir précipitamment,sans bagage ? Mohammed Al Qudwa transforme l’exil en parole, la douleur en geste. Lorsque la guerre éclate, Mohammed a cinq, huit, douze, quinze, dix-huit puis vingt ans. Cinq guerres traversent sa jeunesse à Gaza, la dernière n’est toujours pas terminée. Et lorsque l’exil devient la seule voie possible, il écrit. Il recueille les voix dispersées, les souvenirs brisés, les silences lourds de celles et ceux restés derrière et les transforme en un théâtre du corps et de la parole, où le karaté se mêle au verbe pour traduire l’inconcevable. Par ses mots, Mohammed reconstruit un territoire : celui de la parole partagée, du geste qui résiste, de la mémoire qui s’obstine à rester vivante. Dans le cadre de Passages Transfestival - édition 2026 Nouveaux Rivages du 14 au 28 mai à Metz - Mohammed Al Qudwa est lauréat du programme PAUSE de décembre 2025 à décembre 2026 – programme national d’accueil en urgence des scientifiques et des artistes en exil, porté par le Collège de France. Il était lauréat du dispositif SAWA SAWA d’avril à novembre 2025 porté par l’Institut français de Jérusalem.","5 à 22€, dès 14 ans. En arabe, surtitré en français",,,"Samedi 23 mai, 16h00",2026-05-23 14:00:00+00:00,2026-05-23 15:10:00+00:00,"[{""begin"": ""2026-05-23T16:00:00+02:00"", ""end"": ""2026-05-23T17:10:00+02:00""}]",Les Trinitaires Metz,rue des Trinitaires Metz,57000,Metz,Moselle,Grand Est,,,,"{""id"": 1, ""label"": {""fr"": ""Sur place""}}",,
25001866,https://openagenda.com/semaine-des-metiers-du-tourisme-2026/events/semaine-des-metiers-du-tourisme-2026-9532551,Semaine des Métiers du Tourisme 2026,"Rencontres à l'agence Inspire Metz avec des professionnels du tourisme, de l'hôtellerie et de la restauration","L'agence Inspire Metz et l'UMIH 57 proposent aux classes de 4ème et 3ème de venir les rencontrer à l'agence Inspire Metz, place d'Armes J.F Blondel, pour échanger et découvrir les métiers et les formations attendues pour travailler dans ces domaines.",,"['tourisme', 'hôtel', 'restaurant', 'UMIH', 'office de tourisme', 'attractivité']",,"Lundi 2 février, 10h00",2026-02-02 09:00:00+00:00,2026-02-02 11:00:00+00:00,"[{""begin"": ""2026-02-02T10:00:00+01:00"", ""end"": ""2026-02-02T12:00:00+01:00""}]",Agence Inspire Metz,"2, place d'Armes",57014,Metz,Moselle,Grand Est,"['handicap visuel', 'handicap auditif', 'handicap moteur']",,,"{""id"": 1, ""label"": {""fr"": ""Sur place"", ""en"": ""In situ"", ""it"": ""In presenza"", ""es"": ""Desconnectad"", ""de"": ""Offline"", ""br"": ""War al lec\u2019h"", ""io"": ""crwdns14266:0crwdne14266:0"", ""oc"": ""Sus pla\u00e7a"", ""nl"": ""Ter plaatse""}}",,"[{""type"": ""email"", ""value"": ""sdiaz@inspire-metz.com""}]"
15427471,https://openagenda.com/culture/events/decouverte-du-musee-de-la-cour-dor-de-nuit,Découverte du Musée de La Cour d'Or de nuit,"Dans le cadre de la nuit européenne des musées, le Musée de La Cour d’Or ouvre ses portes pour une nocturne exceptionnelle ! Que vous fassiez une déambulation libre ou que vous interpeliez nos de en…","Dans le cadre de la nuit européenne des musées, le Musée de La Cour d’Or ouvre ses portes pour une nocturne exceptionnelle ! Que vous fassiez une déambulation libre ou que vous interpeliez nos chargées de médiation présentes en salle, venez (re)découvrir nos collections sous une lumière nouvelle.",,,,"Samedi 23 mai, 19h30",2026-05-23 17:30:00+00:00,2026-05-23 21:59:00+00:00,"[{""begin"": ""2026-05-23T19:30:00+02:00"", ""end"": ""2026-05-23T23:59:00+02:00""}]",Musée de Metz - La Cour d'Or,"2 rue du haut poirier, 57000 Metz, France",57000,Metz,Moselle,Grand Est,,,,"{""id"": 1, ""label"": {""fr"": ""Sur place"", ""en"": ""In situ"", ""it"": ""In presenza"", ""es"": ""Desconnectad"", ""de"": ""Offline"", ""br"": ""War al lec\u2019h"", ""io"": ""crwdns14266:0crwdne14266:0"", ""oc"": ""Sus pla\u00e7a"", ""nl"": ""Ter plaatse""}}",,
2062443,https://openagenda.com/francetravail/events/decouverte-metier-agent-de-securite-6314602,"Découverte métier ""Agent de sécurité""",Matinée de découverte du métier d'agent de sécurité Assistez à une présentation et échangez avec un organisme de formation sur le métier d'agent de sécurité.,"Matinée de découverte du métier d'agent de sécurité Assistez à une présentation et échangez avec un organisme de formation sur le métier d'agent de sécurité. Découvrez les entreprises qui recrutent ainsi que les dispositifs d'aide à la formation, présentés par des conseillers France Travail. Matinée de découverte du métier d'agent de sécurité Assistez à une présentation et échangez avec un organisme de formation sur le métier d'agent de sécurité. Découvrez les entreprises qui recrutent ainsi qu",,"['#TousMobilisés', 'Métiers de la sécurité privée', 'Découverte secteur / métier']",,"Mardi 8 septembre, 09h00",2026-09-08 07:00:00+00:00,2026-09-08 09:00:00+00:00,"[{""begin"": ""2026-09-08T09:00:00+02:00"", ""end"": ""2026-09-08T11:00:00+02:00""}]",Agence METZ BLIDA,57000 Metz,57014,Metz,Moselle,Grand Est,,,,"{""id"": 1, ""label"": {""fr"": ""Sur place"", ""en"": ""In situ"", ""it"": ""In presenza"", ""es"": ""Desconnectad"", ""de"": ""Offline"", ""br"": ""War al lec\u2019h"", ""io"": ""crwdns14266:0crwdne14266:0"", ""oc"": ""Sus pla\u00e7a"", ""nl"": ""Ter plaatse""}}",,"[{""type"": ""link"", ""value"": ""https://mesevenementsemploi.francetravail.fr/mes-evenements-emploi/evenement/720421""}]"
41794250,https://openagenda.com/francetravail/events/travailler-en-moselle-recrute-un-conducteur-de-ligne-en-industrie-alimentaire,Travailler en Moselle recrute un conducteur de ligne en industrie alimentaire,"Vous assisterez à une présentation collective de l'association intermédiaire Travailler en Moselle, du poste à pourvoir de conducteur de ligne dans une industrie alimentaire à Ars Sur Moselle et du pr","Vous assisterez à une présentation collective de l'association intermédiaire Travailler en Moselle, du poste à pourvoir de conducteur de ligne dans une industrie alimentaire à Ars Sur Moselle et du process de recrutement. Pour participer à cet évènement, vous devez être éligible à l'insertion par l'activité économique (IAE): - Etre bénéficiaire du RSA ou de l'ASS - Avoir plus de 50 ans ou moins de 26 ans - Avoir un niveau de diplôme inférieur au BAC - Etre inscrit(e) à France Travail depuis plus",,"['Marché du travail', 'Insertion', 'Recrutement']",,"Mercredi 26 août, 14h00",2026-08-26 12:00:00+00:00,2026-08-26 13:30:00+00:00,"[{""begin"": ""2026-08-26T14:00:00+02:00"", ""end"": ""2026-08-26T15:30:00+02:00""}]",Agence METZ GARE,57000 Metz,57000,Metz,Moselle,Grand Est,,,,"{""id"": 1, ""label"": {""fr"": ""Sur place"", ""en"": ""In situ"", ""it"": ""In presenza"", ""es"": ""Desconnectad"", ""de"": ""Offline"", ""br"": ""War al lec\u2019h"", ""io"": ""crwdns14266:0crwdne14266:0"", ""oc"": ""Sus pla\u00e7a"", ""nl"": ""Ter plaatse""}}",,"[{""type"": ""link"", ""value"": ""https://mesevenementsemploi.francetravail.fr/mes-evenements-emploi/evenement/724536""}]"
54422595,https://openagenda.com/toutes-les-chambres-agriculture-agregees/events/agrimax-6298930,AGRIMAX,Le Salon des professionnels de l’élevage et de l’agriculture du Grand Est,"Agrimax Grand Est se positionne comme le rendez-vous des professionnels de l’élevage de la Région Grand Est avec une réelle ambition : devenir le 3ème grand rendez-vous national de l’élevage. L’édition 2026 aura lieu le mercredi 28 octobre, jeudi 29 octobre et vendredi 30 octobre au Centre Foires et Conventions de l’Eurométropole de Metz et rassemblera l’ensemble des acteurs de la filière polyculture-élevage : produits et matériels agricoles, concours ovins et avicoles d’envergure régionale et transfrontalière.","Entrée adulte : 9 €
Entrée étudiants et 12/18 ans : 4,50 €","['Elevage', 'Agriculture', 'Filière', 'Agricole', 'Professionnels', 'Agrimax', 'Polyculture']",,28 - 30 octobre,2026-10-28 09:00:00+00:00,2026-10-30 17:00:00+00:00,"[{""begin"": ""2026-10-28T10:00:00+01:00"", ""end"": ""2026-10-28T20:00:00+01:00""}, {""begin"": ""2026-10-29T09:00:00+01:00"", ""end"": ""2026-10-29T22:00:00+01:00""}, {""begin"": ""2026-10-30T09:00:00+01:00"", ""end"": ""2026-10-30T18:00:00+01:00""}]","Centre Foires et Conventions de l'Eurométropole, Metz (57)",Rue de la Grange aux bois 57000 - Metz,57072,Metz,Moselle,Grand Est,,,,"{""id"": 3, ""label"": {""fr"": ""Mixte"", ""en"": ""Mixed"", ""it"": ""Mista"", ""es"": ""Mezclado"", ""de"": ""Gemischt"", ""br"": ""Kemmesk"", ""io"": ""crwdns14270:0crwdne14270:0"", ""oc"": ""Mesclat"", ""nl"": ""Gemischt""}}",https://www.openstreetmap.org/?mlat=49.089583&mlon=6.232491#map=17/49.089583/6.232491,
36036145,https://openagenda.com/semaine-des-metiers-du-tourisme-2026/events/presentation-et-preparation-des-visites-dhotel-bestwestern-et-novotel,Présentation et préparation des visites d'hôtel: BESTWESTERN et NOVOTEL,"Dans le cadre de la semaine thématique du tourisme en février 2026, 2 visites d'hôtels sont prévues avec découverte des métiers de l'hôtellerie-restauration: - Le 6 février 2026: visite de l'hôtel BES","Dans le cadre de la semaine thématique du tourisme en février 2026, 2 visites d'hôtels sont prévues avec découverte des métiers de l'hôtellerie-restauration: - Le 6 février 2026: visite de l'hôtel BEST WESTERN Metz Technopôle de 14h à 16h Poste observé: la réception - Le 10 février 2026: visite de l'hôtel NOVOTEL Metz Centre de 10h à 11h30 Postes observés: valet - femme de chambre et le service restauration en salle. Le 29 janvier 2026, nous pourrons ainsi vous présenter plus en détails les visi",,"['La semaine du Tourisme', 'Découverte secteur / métier']",,"Jeudi 29 janvier, 09h00",2026-01-29 08:00:00+00:00,2026-01-29 09:00:00+00:00,"[{""begin"": ""2026-01-29T09:00:00+01:00"", ""end"": ""2026-01-29T10:00:00+01:00""}]",Agence METZ GARE,57000 Metz,57000,Metz,Moselle,Grand Est,,,,"{""id"": 1, ""label"": {""fr"": ""Sur place"", ""en"": ""In situ"", ""it"": ""In presenza"", ""es"": ""Desconnectad"", ""de"": ""Offline"", ""br"": ""War al lec\u2019h"", ""io"": ""crwdns14266:0crwdne14266:0"", ""oc"": ""Sus pla\u00e7a""}}",,"[{""type"": ""link"", ""value"": ""https://mesevenementsemploi.francetravail.fr/mes-evenements-emploi/evenement/564286""}]"
38481052,https://openagenda.com/culture/events/expositions-et-visite-libre-dans-les-locaux-de-carrefour-metz,Un parcours artistique sur la Colline Sainte-Croix,"Nous vous invitons à visiter les trois cours intérieures avec jardin : la maison natale du compositeur Gabriel Pierné, l'exposition temporaire de plasticiens contemporains à Carrefour des Arts, dans…","Nous vous invitons à visiter les trois cours intérieures avec jardin : la maison natale du compositeur Gabriel Pierné, l'exposition temporaire de plasticiens contemporains à Carrefour des Arts, l'exposition permanente dans la belle cage d'escalier, la façade couverte de peintures artistiques sur bâches, la sculpture monumentale Normannia dans les sous-sols voûtés et la sculpture participative de la Tour de Babel dans le jardin.",,,,20 et 21 septembre 2025,2025-09-20 13:00:00+00:00,2025-09-21 17:00:00+00:00,"[{""begin"": ""2025-09-20T15:00:00+02:00"", ""end"": ""2025-09-20T19:00:00+02:00""}, {""begin"": ""2025-09-21T15:00:00+02:00"", ""end"": ""2025-09-21T19:00:00+02:00""}]",Association Carrefour,"3 Rue des Trinitaires, 57000 Metz",57014,Metz,Moselle,Grand Est,,,,"{""id"": 1, ""label"": {""fr"": ""Sur place"", ""en"": ""In situ"", ""it"": ""In presenza"", ""es"": ""Desconnectad"", ""de"": ""Offline"", ""br"": ""War al lec\u2019h"", ""io"": ""crwdns14266:0crwdne14266:0"", ""oc"": ""Sus pla\u00e7a""}}",,
42408875,https://openagenda.com/biblis-en-folie-2025/events/fresque-du-climat-7833438,Fresque du climat,ATELIER DÉCOUVERTE,"ATELIER DÉCOUVERTE Cet atelier permet à chacun·e de comprendre le fonctionnement, l’ampleur et la complexité des enjeux liés aux changements climatiques afin de se les approprier et d’agir. Jeux et quizz pour trouver des solutions pour demain.",Tout public dès 14 ans,,,"Samedi 4 octobre 2025, 14h00",2025-10-04 12:00:00+00:00,2025-10-04 14:30:00+00:00,"[{""begin"": ""2025-10-04T14:00:00+02:00"", ""end"": ""2025-10-04T16:30:00+02:00""}]",Médiathèque Du Sablon,4-6 rue des Robert 57000 Metz,57000,Metz,Moselle,Grand Est,['handicap moteur'],,,"{""id"": 1, ""label"": {""fr"": ""Sur place"", ""en"": ""In situ"", ""it"": ""In presenza"", ""es"": ""Desconnectad"", ""de"": ""Offline"", ""br"": ""War al lec\u2019h"", ""io"": ""crwdns14266:0crwdne14266:0"", ""oc"": ""Sus pla\u00e7a"", ""nl"": ""Ter plaatse""}}",,"[{""type"": ""email"", ""value"": ""servicesauxpublics@mairie-metz.fr""}]"
27034970,https://openagenda.com/francetravail/events/journee-portes-ouvertes-speciale-entrepreneur-dactivites-numeriques-1118649,Journée Portes Ouvertes spéciale Entrepreneur d’Activités Numériques,"METZ NUMERIC SCHOOL organise, dans ses locaux situés au 86 rue aux Arènes 57000 Metz, une Journée Portes Ouvertes dédiée à la formation Entrepreneur d’Activités Numériques (EAN) afin de promouvoir cet","METZ NUMERIC SCHOOL organise, dans ses locaux situés au 86 rue aux Arènes 57000 Metz, une Journée Portes Ouvertes dédiée à la formation Entrepreneur d’Activités Numériques (EAN) afin de promouvoir cette formation.Cette formation s’adresse aux demandeurs d’emploi, inscrits à France Travail, qui ont pour projet de créer leur entreprise. Cette formation donne les bases : de la rédaction du business plan à la gestion des réseaux-sociaux en passant par le choix des statuts.  Date limite d’inscription",,"['Numeric Emploi', ""Création d'entreprise"", 'Marché du travail', 'Les outils du numérique', 'Se préparer', 'Découverte secteur / métier', 'Découverte formation', ""S'informer""]",,"Jeudi 11 septembre 2025, 14h00",2025-09-11 12:00:00+00:00,2025-09-11 14:00:00+00:00,"[{""begin"": ""2025-09-11T14:00:00+02:00"", ""end"": ""2025-09-11T16:00:00+02:00""}]",Metz - DT MOSELLE,57000 Metz,57000,Metz,Moselle,Grand Est,,,,"{""id"": 1, ""label"": {""fr"": ""Sur place"", ""en"": ""In situ"", ""it"": ""In presenza"", ""es"": ""Desconnectad"", ""de"": ""Offline"", ""br"": ""War al lec\u2019h"", ""io"": ""crwdns14266:0crwdne14266:0"", ""oc"": ""Sus pla\u00e7a"", ""nl"": ""Ter plaatse""}}",,"[{""type"": ""link"", ""value"": ""https://mesevenementsemploi.francetravail.fr/mes-evenements-emploi/evenement/478572""}]"
55435150,https://openagenda.com/planlibre/events/visite-architecture-du-centre-pompidou-metz,Visite architecture du Centre Pompidou-Metz,"Guidé par un conférencier, plongez au cœur de l’architecture spectaculaire imaginée par Shigeru Ban et Jean de Gastines. Du Forum aux jardins en passant par les réserves, le Centre Pompidou-Metz plus…","Guidé par un conférencier, plongez au cœur de l’architecture spectaculaire imaginée par Shigeru Ban et Jean de Gastines. Du Forum aux jardins en passant par les réserves, le Centre Pompidou-Metz n’aura plus aucun secret pour vous !",,,,22 septembre - 31 octobre 2025,2025-09-22 14:00:00+00:00,2025-10-31 16:00:00+00:00,"[{""begin"": ""2025-09-22T16:00:00+02:00"", ""end"": ""2025-09-22T17:00:00+02:00""}, {""begin"": ""2025-09-24T16:00:00+02:00"", ""end"": ""2025-09-24T17:00:00+02:00""}, {""begin"": ""2025-09-25T16:00:00+02:00"", ""end"": ""2025-09-25T17:00:00+02:00""}, {""begin"": ""2025-09-26T16:00:00+02:00"", ""end"": ""2025-09-26T17:00:00+02:00""}, {""begin"": ""2025-09-27T16:00:00+02:00"", ""end"": ""2025-09-27T17:00:00+02:00""}, {""begin"": ""2025-09-28T16:00:00+02:00"", ""end"": ""2025-09-28T17:00:00+02:00""}, {""begin"": ""2025-09-29T16:00:00+02:00"", ""end"": ""2025-09-29T17:00:00+02:00""}, {""begin"": ""2025-10-01T16:00:00+02:00"", ""end"": ""2025-10-01T17:00:00+02:00""}, {""begin"": ""2025-10-02T16:00:00+02:00"", ""end"": ""2025-10-02T17:00:00+02:00""}, {""begin"": ""2025-10-03T16:00:00+02:00"", ""end"": ""2025-10-03T17:00:00+02:00""}, {""begin"": ""2025-10-04T16:00:00+02:00"", ""end"": ""2025-10-04T17:00:00+02:00""}, {""begin"": ""2025-10-05T16:00:00+02:00"", ""end"": ""2025-10-05T17:00:00+02:00""}, {""begin"": ""2025-10-06T16:00:00+02:00"", ""end"": ""2025-10-06T17:00:00+02:00""}, {""begin"": ""2025-10-08T16:00:00+02:00"", ""end"": ""2025-10-08T17:00:00+02:00""}, {""begin"": ""2025-10-09T16:00:00+02:00"", ""end"": ""2025-10-09T17:00:00+02:00""}, {""begin"": ""2025-10-10T16:00:00+02:00"", ""end"": ""2025-10-10T17:00:00+02:00""}, {""begin"": ""2025-10-11T16:00:00+02:00"", ""end"": ""2025-10-11T17:00:00+02:00""}, {""begin"": ""2025-10-12T16:00:00+02:00"", ""end"": ""2025-10-12T17:00:00+02:00""}, {""begin"": ""2025-10-13T16:00:00+02:00"", ""end"": ""2025-10-13T17:00:00+02:00""}, {""begin"": ""2025-10-15T16:00:00+02:00"", ""end"": ""2025-10-15T17:00:00+02:00""}, {""begin"": ""2025-10-16T16:00:00+02:00"", ""end"": ""2025-10-16T17:00:00+02:00""}, {""begin"": ""2025-10-17T16:00:00+02:00"", ""end"": ""2025-10-17T17:00:00+02:00""}, {""begin"": ""2025-10-18T11:00:00+02:00"", ""end"": ""2025-10-18T12:00:00+02:00""}, {""begin"": ""2025-10-18T14:00:00+02:00"", ""end"": ""2025-10-18T15:00:00+02:00""}, {""begin"": ""2025-10-18T15:00:00+02:00"", ""end"": ""2025-10-18T16:00:00+02:00""}, {""begin"": ""2025-10-18T16:00:00+02:00"", ""end"": ""2025-10-18T17:00:00+02:00""}, {""begin"": ""2025-10-19T11:00:00+02:00"", ""end"": ""2025-10-19T12:00:00+02:00""}, {""begin"": ""2025-10-19T14:00:00+02:00"", ""end"": ""2025-10-19T15:00:00+02:00""}, {""begin"": ""2025-10-19T15:00:00+02:00"", ""end"": ""2025-10-19T16:00:00+02:00""}, {""begin"": ""2025-10-19T16:00:00+02:00"", ""end"": ""2025-10-19T17:00:00+02:00""}, {""begin"": ""2025-10-20T16:00:00+02:00"", ""end"": ""2025-10-20T17:00:00+02:00""}, {""begin"": ""2025-10-22T16:00:00+02:00"", ""end"": ""2025-10-22T17:00:00+02:00""}, {""begin"": ""2025-10-23T16:00:00+02:00"", ""end"": ""2025-10-23T17:00:00+02:00""}, {""begin"": ""2025-10-24T16:00:00+02:00"", ""end"": ""2025-10-24T17:00:00+02:00""}, {""begin"": ""2025-10-25T16:00:00+02:00"", ""end"": ""2025-10-25T17:00:00+02:00""}, {""begin"": ""2025-10-26T16:00:00+01:00"", ""end"": ""2025-10-26T17:00:00+01:00""}, {""begin"": ""2025-10-27T16:00:00+01:00"", ""end"": ""2025-10-27T17:00:00+01:00""}, {""begin"": ""2025-10-29T16:00:00+01:00"", ""end"": ""2025-10-29T17:00:00+01:00""}, {""begin"": ""2025-10-30T16:00:00+01:00"", ""end"": ""2025-10-30T17:00:00+01:00""}, {""begin"": ""2025-10-31T16:00:00+01:00"", ""end"": ""2025-10-31T17:00:00+01:00""}]",Centre Pompidou-Metz,"1 parvis des Droits de l'homme, Metz",57000,Metz,Moselle,Grand Est,,,,"{""id"": 1, ""label"": {""fr"": ""Sur place"", ""en"": ""In situ"", ""it"": ""In presenza"", ""es"": ""Desconnectad"", ""de"": ""Offline"", ""br"": ""War al lec\u2019h"", ""io"": ""crwdns14266:0crwdne14266:0"", ""oc"": ""Sus pla\u00e7a"", ""nl"": ""Ter plaatse""}}",,
77833447,https://openagenda.com/francetravail/events/cqp-de-negociateur-immobilier-4577829,CQP de négociateur immobilier,Vous êtes intéressé par le secteur immobilier? Ca tombe bien! Une formation pour obtenir le CQP négociateur immobilier est organisé du 17/11/25 au 12/02/26 à la CCI de Metz.,"Vous êtes intéressé par le secteur immobilier? Ca tombe bien! Une formation pour obtenir le CQP négociateur immobilier est organisé du 17/11/25 au 12/02/26 à la CCI de Metz. Au-delà du métier de négociateur immobilier, cette certification peut ouvrir vers d'autres fonctions comme la gestion locative ou la copropriété. Pour plus d'informations, inscrivez vous à la réunion d'information prévue dans les locaux de la CCI. Merci de venir avec un CV Pré-requis nécessaires - Demandeurs d'emploi inscri",,"['Découverte formation', ""Aides à l'emploi"", 'Recrutement']",,"Mardi 4 novembre 2025, 09h00",2025-11-04 08:00:00+00:00,2025-11-04 11:30:00+00:00,"[{""begin"": ""2025-11-04T09:00:00+01:00"", ""end"": ""2025-11-04T12:30:00+01:00""}]",Agence METZ GARE,57070 Metz,57070,Metz,Moselle,Grand Est,,,,"{""id"": 1, ""label"": {""fr"": ""Sur place"", ""en"": ""In situ"", ""it"": ""In presenza"", ""es"": ""Desconnectad"", ""de"": ""Offline"", ""br"": ""War al lec\u2019h"", ""io"": ""crwdns14266:0crwdne14266:0"", ""oc"": ""Sus pla\u00e7a"", ""nl"": ""Ter plaatse""}}",,"[{""type"": ""link"", ""value"": ""https://mesevenementsemploi.francetravail.fr/mes-evenements-emploi/evenement/507154""}]"
32225663,https://openagenda.com/francetravail/events/chargee-de-clientele-a-distance-concentrix-recrute,Chargé(e) de clientèle à distance ... CONCENTRIX recrute !,"Concentrix recrute ses futurs collaborateurs H/F qui seront chargé(e)s de la relation clients dans le secteur de l'énergie, du logement etc ...","Concentrix recrute ses futurs collaborateurs H/F qui seront chargé(e)s de la relation clients dans le secteur de l'énergie, du logement etc ... Pas de prospection ! Si vous aimez la relation clients et que vous maitrisez le numérique alors rejoignez-nous ! Venez découvrir ce que Concentrix peut vous proposer ... L'entreprise présentera sa structure implantée sur le Technopole de Metz ainsi que les postes à pourvoir. Un premier entretien sera mené à l'issue de la présentation pour les candidats",,"['1 jeune  1 solution', '#TousMobilisés', 'Recrutement', 'Découverte secteur / métier']",,"Jeudi 8 janvier, 09h00",2026-01-08 08:00:00+00:00,2026-01-08 11:00:00+00:00,"[{""begin"": ""2026-01-08T09:00:00+01:00"", ""end"": ""2026-01-08T12:00:00+01:00""}]",Agence METZ SEBASTOPOL,57070 Metz,57070,Metz,Moselle,Grand Est,,,,"{""id"": 1, ""label"": {""fr"": ""Sur place"", ""en"": ""In situ"", ""it"": ""In presenza"", ""es"": ""Desconnectad"", ""de"": ""Offline"", ""br"": ""War al lec\u2019h"", ""io"": ""crwdns14266:0crwdne14266:0"", ""oc"": ""Sus pla\u00e7a"", ""nl"": ""Ter plaatse""}}",,"[{""type"": ""link"", ""value"": ""https://mesevenementsemploi.francetravail.fr/mes-evenements-emploi/evenement/555903""}]"
14188113,https://openagenda.com/francetravail/events/decouvrez-le-metier-demployee-de-conciergerie,Découvrez le métier d'employé(e) de conciergerie,Rejoignez une équipe dynamique et bienveillante dans le secteur de la conciergerie à Metz et en Moselle !,Rejoignez une équipe dynamique et bienveillante dans le secteur de la conciergerie à Metz et en Moselle ! Nous organisons une session de recrutement pour trouver notre futur(e) super héros/héroïne du nettoyage et de la préparation des logements ! Au programme : Une présentation de notre entreprise et des postes à pourvoir Des entretiens individuels pour faire connaissance avec l'employeur La découverte d'opportunités d'emploi stables et variées dans une entreprise locale qui bouge! Vous êtes à l,,"['1 jeune  1 solution', 'Recrutement']",,"Vendredi 16 janvier, 09h30",2026-01-16 08:30:00+00:00,2026-01-16 10:30:00+00:00,"[{""begin"": ""2026-01-16T09:30:00+01:00"", ""end"": ""2026-01-16T11:30:00+01:00""}]",Agence METZ BLIDA,57000 Metz,57014,Metz,Moselle,Grand Est,,,,"{""id"": 1, ""label"": {""fr"": ""Sur place"", ""en"": ""In situ"", ""it"": ""In presenza"", ""es"": ""Desconnectad"", ""de"": ""Offline"", ""br"": ""War al lec\u2019h"", ""io"": ""crwdns14266:0crwdne14266:0"", ""oc"": ""Sus pla\u00e7a"", ""nl"": ""Ter plaatse""}}",,"[{""type"": ""link"", ""value"": ""https://mesevenementsemploi.francetravail.fr/mes-evenements-emploi/evenement/556112""}]"
5646986,https://openagenda.com/fetedelamusique2026/events/concerts-place-de-la-republique-metz,Concerts Place de la République - Metz,Fête de la musique - Place de la République Metz,"Fête de la musique - Place de la République Metz BluMea : 17h30 à 19h00 (rock) Animaal Perplexx : 19h30 à 21h00 (rock) VNR Ambition : 21h30 à 00h30 (Rap, Hip-Hop)",Gratuit - libre d'accès,,,"Dimanche 21 juin, 17h00",2026-06-21 15:00:00+00:00,2026-06-21 21:59:00+00:00,"[{""begin"": ""2026-06-21T17:00:00+02:00"", ""end"": ""2026-06-21T23:59:00+02:00""}]",Place de la République - Podium A,place de la république Metz,,Metz,Moselle,Grand Est,,,,"{""id"": 1, ""label"": {""fr"": ""Sur place""}}",,
86391742,https://openagenda.com/saison-mediterranee-2026/events/when-i-saw-the-sea,When I Saw the Sea,"**Dernière création de l’artiste libanais Ali Chahrour,** _**When I Saw the Sea**_ **donne voix aux travailleuses domestiques migrantes, révélant les injustices d’un système défaillant et l’urgence  …","Dernière création de l’artiste libanais Ali Chahrour, When I Saw the Sea donne voix aux travailleuses domestiques migrantes, révélant les injustices d’un système défaillant et l’urgence d’un changement dans un Liban en crise. Zena, Tenei et Rania montent sur scène pour un voyage à travers danse, musique et théâtre, où chaque mouvement et chaque voix raconte les vies des travailleuses domestiques migrantes au Liban. Entre injustices au travail, racisme, crises économiques, pandémie, elles partagent leur résilience et leur courage. Des témoignages personnels ou collectifs qui explorent l’amour, la guerre, l’exil et le foyer, transformant l’expérience individuelle en message universel. Accompagnées par la musique d’Abed Kobeissy et les chants de Lynn Adib, elles dansent non seulement leurs propres histoires, mais aussi celles de nombreuses autres femmes, se tenant à l’intersection d’une terre en feu et de la mer Méditerranée, célébrant la force et l’héroïsme des voix longtemps ignorées. Dans le cadre de Passages Transfestival - édition 2026 Nouveaux Rivages du 14 au 28 mai à Metz","5 à 22€, dès 14 ans, En arabe surtitré français. Récits difficiles.",,,"Vendredi 22 mai, 20h00",2026-05-22 18:00:00+00:00,2026-05-22 19:10:00+00:00,"[{""begin"": ""2026-05-22T20:00:00+02:00"", ""end"": ""2026-05-22T21:10:00+02:00""}]",BAM - La Boîte à Musiques Metz,20 bd d'Alsace Metz,57070,Metz,Moselle,Grand Est,,,,"{""id"": 1, ""label"": {""fr"": ""Sur place""}}",,
67093244,https://openagenda.com/planlibre/events/visite-croisee-frac-lorraine-octave-cowbell,Visite croisée : Frac Lorraine - Octave Cowbell,"Venez découvrir les expositions du 49 Nord 6 Est avec Fanny Gonella, directrice du Frac Lorraine, avant de rejoindre Octave Cowbell pour une visite avec sa directrice Vanessa Gandar.","Venez découvrir les expositions du 49 Nord 6 Est avec Fanny Gonella, directrice du Frac Lorraine, avant de rejoindre Octave Cowbell pour une visite avec sa directrice Vanessa Gandar.",,,,"Samedi 23 mai, 16h00",2026-05-23 14:00:00+00:00,2026-05-23 15:30:00+00:00,"[{""begin"": ""2026-05-23T16:00:00+02:00"", ""end"": ""2026-05-23T17:30:00+02:00""}]",FRAC Lorraine - 49 Nord 6 Est,"1 bis rue des Trinitaires, 57000 Metz, France",57000,Metz,Moselle,Grand Est,['handicap moteur'],,,"{""id"": 1, ""label"": {""fr"": ""Sur place"", ""en"": ""In situ"", ""it"": ""In presenza"", ""es"": ""Desconnectad"", ""de"": ""Offline"", ""br"": ""War al lec\u2019h"", ""io"": ""crwdns14266:0crwdne14266:0"", ""oc"": ""Sus pla\u00e7a"", ""nl"": ""Ter plaatse""}}",,
5975490,https://openagenda.com/culture/events/habiter-le-monde-144933,Habiter le monde,"L'exposition propose un regard sur l’engagement des armées françaises partout dans le monde, en opérations extérieures, en missions opérationnelles, en missions intérieures ou en exercices, et des du…","L'exposition propose un regard sur l’engagement des armées françaises partout dans le monde, en opérations extérieures, en missions opérationnelles, en missions intérieures ou en exercices, et des témoignages visuels forts du quotidien des militaires déployés parfois loin de chez eux.",,,,19 et 20 septembre,2026-09-19 08:00:00+00:00,2026-09-20 16:00:00+00:00,"[{""begin"": ""2026-09-19T10:00:00+02:00"", ""end"": ""2026-09-19T18:00:00+02:00""}, {""begin"": ""2026-09-20T10:00:00+02:00"", ""end"": ""2026-09-20T18:00:00+02:00""}]",Palais du Gouverneur,"9 rue de la Citadelle, 57000 Metz",57045,Metz,Moselle,Grand Est,,,,"{""id"": 1, ""label"": {""fr"": ""Sur place"", ""en"": ""In situ"", ""it"": ""In presenza"", ""es"": ""Desconnectad"", ""de"": ""Offline"", ""br"": ""War al lec\u2019h"", ""io"": ""crwdns14266:0crwdne14266:0"", ""oc"": ""Sus pla\u00e7a"", ""nl"": ""Ter plaatse""}}",,
94831318,https://openagenda.com/culture/events/visites-guidees-de-la-gare-de-metz-elue-plus-belle-gare-de-france-visites-organisees-par-sncf-gares-and-connexions-avec-lagence-inspire-metz,"Visites guidées de la gare de Metz, élue plus belle gare de France",Visites guidées de la gare de Metz organisées par SNCF Gares & Connexions avec l'agence Inspire METZ.,"Visites guidées de la gare de Metz organisées par SNCF Gares & Connexions avec l'agence Inspire METZ. La gare de Metz fut inaugurée en 1908, à l’époque où la ville faisait partie de l’Empire allemand. À la fois ultra-moderne et monumentale, elle répondait à des enjeux militaires. Pourtant, avec ses allures d’église romane et ses nombreuses sculptures, elle se présente aussi comme un livre d’images et une invitation au voyage. Pour les Journées du Patrimoine, elle dévoilera exceptionnellement quelques espaces habituellement fermés au public, révélant ainsi une part plus discrète de son histoire.","Limité à 20 places par visite. Les réservations seront ouvertes à partir du 1er septembre 2026 (sélectionner la date de visite choisie, en haut à gauche de la page d'accueil du site de réservation).",,,19 et 20 septembre,2026-09-19 08:00:00+00:00,2026-09-20 15:00:00+00:00,"[{""begin"": ""2026-09-19T10:00:00+02:00"", ""end"": ""2026-09-19T17:00:00+02:00""}, {""begin"": ""2026-09-20T10:00:00+02:00"", ""end"": ""2026-09-20T17:00:00+02:00""}]",Gare SNCF de METZ - 3 Place du Général de Gaulle - 57000 METZ,METZ,,Metz,Moselle,Grand Est,['handicap moteur'],,,"{""id"": 1, ""label"": {""fr"": ""Sur place"", ""en"": ""In situ"", ""it"": ""In presenza"", ""es"": ""Desconnectad"", ""de"": ""Offline"", ""br"": ""War al lec\u2019h"", ""io"": ""crwdns14266:0crwdne14266:0"", ""oc"": ""Sus pla\u00e7a"", ""nl"": ""Ter plaatse""}}",,"[{""type"": ""link"", ""value"": ""https://reservation.elloha.com/?IdPublication=de376e9b-d460-4b17-9702-91e2ba30f5fc&culture=fr-FR&idoi=a78a1f1d-2af0-4f94-93a7-b2492feabbaf&searchFirstAvailableDates=1""}]"
77247204,https://openagenda.com/culture/events/quatuors,Concert : l’histoire du quatuor,"Dans le cadre des Journées du matrimoine, les musiciennes et musiciens de l’Orchestre national de Metz Grand Est mettent à l’honneur les compositrices. De Fanny Mendelssohn aux contemporaines, leur à…","Dans le cadre des Journées du matrimoine, les musiciennes et musiciens de l’Orchestre national de Metz Grand Est mettent à l’honneur les compositrices. De Fanny Mendelssohn aux contemporaines, leur programme traverse deux siècles d’histoire du quatuor à cordes et d’inspiration singulière. Ainsi, si l’Américaine Amy Beach intègre des mélodies inuites à son Quatuor op. 89, sa compatriote Caroline Shaw évoque dans Evergreen l’île canadienne de Galiano. Le programme inclut également une œuvre de Noriko Baba, compositrice associée à la Cité musicale-Metz, inédite dans cette version pour quatuor à cordes.",Ouverture des réservations le 20 août à 13h.,,,"Dimanche 21 septembre 2025, 16h00",2025-09-21 14:00:00+00:00,2025-09-21 15:15:00+00:00,"[{""begin"": ""2025-09-21T16:00:00+02:00"", ""end"": ""2025-09-21T17:15:00+02:00""}]",Basilique Saint-Pierre-aux-Nonnains,"1 Rue de la Citadelle, 57000 Metz, France",57000,Metz,Moselle,Grand Est,['handicap moteur'],,,"{""id"": 1, ""label"": {""fr"": ""Sur place"", ""en"": ""In situ"", ""it"": ""In presenza"", ""es"": ""Desconnectad"", ""de"": ""Offline"", ""br"": ""War al lec\u2019h"", ""io"": ""crwdns14266:0crwdne14266:0"", ""oc"": ""Sus pla\u00e7a"", ""nl"": ""Ter plaatse""}}",,"[{""type"": ""link"", ""value"": ""https://www.citemusicale-metz.fr/fr/programmation/saison-25-26/saint-pierre-aux-nonnains/quatuors""}]"
64948046,https://openagenda.com/semaine-des-metiers-du-tourisme-2026/events/semaine-des-metiers-du-tourisme-2026-3755600,Semaine des Métiers du Tourisme 2026,"Rencontres à l'agence Inspire Metz avec des professionnels du tourisme, de l'hôtellerie et de la restauration","L'agence Inspire Metz et l'UMIH 57 proposent aux classes de 4ème et 3ème de venir les rencontrer à l'agence Inspire Metz, place d'Armes J.F Blondel, pour échanger et découvrir les métiers et les formations attendues pour travailler dans ces domaines.",,"['tourisme', 'hôtel', 'restaurant', 'UMIH', 'office de tourisme', 'attractivité']",,"Vendredi 6 février, 10h00",2026-02-06 09:00:00+00:00,2026-02-06 11:00:00+00:00,"[{""begin"": ""2026-02-06T10:00:00+01:00"", ""end"": ""2026-02-06T12:00:00+01:00""}]",Agence Inspire Metz,"2, place d'Armes",57014,Metz,Moselle,Grand Est,"['handicap visuel', 'handicap auditif', 'handicap moteur']",,,"{""id"": 1, ""label"": {""fr"": ""Sur place"", ""en"": ""In situ"", ""it"": ""In presenza"", ""es"": ""Desconnectad"", ""de"": ""Offline"", ""br"": ""War al lec\u2019h"", ""io"": ""crwdns14266:0crwdne14266:0"", ""oc"": ""Sus pla\u00e7a"", ""nl"": ""Ter plaatse""}}",,"[{""type"": ""email"", ""value"": ""sdiaz@inspire-metz.com""}]"
67487807,https://openagenda.com/culture/events/dimanche-sans-fin-maurizion-cattelan-et-la-collection-du-centre-pompidou,Dimanche sans fin. Maurizion Cattelan et la collection du Centre Pompidou,"Depuis son ouverture en mai dernier pour les 15 ans du Centre Pompidou-Metz, l’exposition « Dimanche sans fin » a rencontré un succès public exceptionnel. L’exposition présente une sélection de 400…","Depuis son ouverture en mai dernier pour les 15 ans du Centre Pompidou-Metz, l’exposition « Dimanche sans fin » a rencontré un succès public exceptionnel. L’exposition présente une sélection de 400 œuvres issues des collections du Centre Pompidou en dialogue avec 40 créations de Maurizio Cattelan, le tout dans une atmosphère joyeuse et subversive, jusqu’au gigantesque baby-foot Stadium, régulièrement mis en action lors de parties improvisées.",Entrée libre et gratuite dans le cadre de la NDM 2026,,,"Samedi 23 mai, 18h00",2026-05-23 16:00:00+00:00,2026-05-23 21:59:00+00:00,"[{""begin"": ""2026-05-23T18:00:00+02:00"", ""end"": ""2026-05-23T23:59:00+02:00""}]",Centre Pompidou - Metz,"1 parvis des droits de l'homme, 57000 Metz, France",57000,Metz,Moselle,Grand Est,,,,"{""id"": 1, ""label"": {""fr"": ""Sur place"", ""en"": ""In situ"", ""it"": ""In presenza"", ""es"": ""Desconnectad"", ""de"": ""Offline"", ""br"": ""War al lec\u2019h"", ""io"": ""crwdns14266:0crwdne14266:0"", ""oc"": ""Sus pla\u00e7a"", ""nl"": ""Ter plaatse""}}",,
94447016,https://openagenda.com/toutes-les-chambres-agriculture-agregees/events/agrimax-2025,AGRIMAX 2025,Le Salon des professionnels de l’élevage et de l’agriculture du Grand Est,"L’édition 2025 aura lieu le mercredi 29 octobre, jeudi 30 octobre et vendredi 31 octobre au Centre Foires et Conventions de l’Eurométropole de Metz et rassemblera l’ensemble des acteurs de la filière polyculture-élevage : produits et matériels agricoles, nouvel espace dédié au secteur laitier, concours bovins, ovins, équins et avicoles d’envergure régionale et transfrontalière.",Billetterie sur place,"['élevage', 'agriculture', 'Metz']",,29 - 31 octobre 2025,2025-10-29 08:00:00+00:00,2025-10-31 17:00:00+00:00,"[{""begin"": ""2025-10-29T09:00:00+01:00"", ""end"": ""2025-10-29T19:00:00+01:00""}, {""begin"": ""2025-10-30T10:00:00+01:00"", ""end"": ""2025-10-30T22:00:00+01:00""}, {""begin"": ""2025-10-31T09:00:00+01:00"", ""end"": ""2025-10-31T18:00:00+01:00""}]",Metz (57),Rue de la Grange aux Bois BP 45059 57000 METZ,57072,Metz,Moselle,Grand Est,,,,"{""id"": 1, ""label"": {""fr"": ""Sur place"", ""en"": ""In situ"", ""it"": ""In presenza"", ""es"": ""Desconnectad"", ""de"": ""Offline"", ""br"": ""War al lec\u2019h"", ""io"": ""crwdns14266:0crwdne14266:0"", ""oc"": ""Sus pla\u00e7a"", ""nl"": ""Ter plaatse""}}",,"[{""type"": ""link"", ""value"": ""https://www.metz-expo.com/evenement-1-agrimax""}]"
62916820,https://openagenda.com/toutes-les-chambres-agriculture-agregees/events/les-terres-de-jim,Les Terres de Jim,La plus grande fête agricole d’Europe,"La Moselle va accueillir en septembre 2026, à Metz-Magny, les Terres de Jim, la plus grande fête agricole en plein air d’Europe. Plus de 100 000 visiteurs sont attendus durant ces trois jours d’animation portés par les Jeunes agriculteurs de Moselle et soutenu par toutes les collectivités locales concernées.",,,,11 - 13 septembre,2026-09-11 08:00:00+00:00,2026-09-13 16:00:00+00:00,"[{""begin"": ""2026-09-11T10:00:00+02:00"", ""end"": ""2026-09-11T18:00:00+02:00""}, {""begin"": ""2026-09-12T10:00:00+02:00"", ""end"": ""2026-09-12T18:00:00+02:00""}, {""begin"": ""2026-09-13T10:00:00+02:00"", ""end"": ""2026-09-13T18:00:00+02:00""}]","Magny, Metz (57)",57000 Metz,57000,Metz,Moselle,Grand Est,,,,"{""id"": 1, ""label"": {""fr"": ""Sur place"", ""en"": ""In situ"", ""it"": ""In presenza"", ""es"": ""Desconnectad"", ""de"": ""Offline"", ""br"": ""War al lec\u2019h"", ""io"": ""crwdns14266:0crwdne14266:0"", ""oc"": ""Sus pla\u00e7a"", ""nl"": ""Ter plaatse""}}",,
38725706,https://openagenda.com/francetravail/events/devenez-gardienne-dimmeubles-employee-polyvalente-logement-social,Devenez gardien(ne) d'immeubles / employé(e) polyvalent(e) logement social,Vous souhaitez vous former et trouver un emploi en tant que gardien(ne) d'immeubles /employé(e) polyvalent(e) logement social ? Cette formation est faite pour vous !,"Vous souhaitez vous former et trouver un emploi en tant que gardien(ne) d'immeubles /employé(e) polyvalent(e) logement social ? Cette formation est faite pour vous ! Elle se déroulera à l'AFPA de Metz et vous permettra d'acquérir les compétences nécessaires pour travailler dans ce secteur. Bassins d'emploi concernés : Metz, Thionville, Saint-Avold et Nancy Nord Employeurs concernés : VIVEST, BATIGERE, MOSELIS, EMH (pour la Moselle) et OMH et MMH (pour la Meurthe et Moselle) Dates : du 29/09 au 1",,['Découverte formation'],,"Mercredi 26 août, 09h00",2026-08-26 07:00:00+00:00,2026-08-26 10:00:00+00:00,"[{""begin"": ""2026-08-26T09:00:00+02:00"", ""end"": ""2026-08-26T12:00:00+02:00""}]",Agence METZ GARE,57000 Metz,57000,Metz,Moselle,Grand Est,,,,"{""id"": 1, ""label"": {""fr"": ""Sur place"", ""en"": ""In situ"", ""it"": ""In presenza"", ""es"": ""Desconnectad"", ""de"": ""Offline"", ""br"": ""War al lec\u2019h"", ""io"": ""crwdns14266:0crwdne14266:0"", ""oc"": ""Sus pla\u00e7a"", ""nl"": ""Ter plaatse""}}",,"[{""type"": ""link"", ""value"": ""https://mesevenementsemploi.francetravail.fr/mes-evenements-emploi/evenement/728520""}]"
37176147,https://openagenda.com/unidivers-oui-sortir/events/visite-dun-reseaux-de-chaleur-cooperatifs-en-allemagne,Visite d'un réseaux de chaleur coopératifs en Allemagne,Partez à la rencontre de projets concrets d’énergie citoyenne et inspirez‑vous de modèles allemands innovants !,"L'association Alter Alsace Énergies propose une journée de visite en Allemagne pour découvrir des projets exemplaires d’énergie renouvelable portés par des coopératives citoyennes. Cette visite offre une occasion unique de comprendre les enjeux techniques, organisationnels et territoriaux liés à l’énergie citoyenne et d’observer des réalisations concrètes sur le terrain. Au programme : • Deux réseaux de chaleur citoyens (Biederbach & Elzach) • Un parc photovoltaïque au sol et des installations communales en toiture Information pratique : Transport (inclus) assuré depuis la gare de Sélestat, Repas inclus, Gratuit pour les élu·e·s, agents de collectivités, chargé·e·s de mission et collectifs citoyens. Une belle opportunité pour s’inspirer de modèles éprouvés et imaginer de nouvelles dynamiques locales en France. La visite est organisée par l’association Alter Alsace Énergies, dans le cadre des réseaux GECLER et Les Générateurs en Grand Est. Cet événement est soutenu par le programme Climaxion de l’ADEME, la Région Grand Est, ainsi que l’Union européenne (FEDER).",Gratuit,"['énergie citoyenne', 'énergie renouvelable']",,"Vendredi 23 janvier, 09h00",2026-01-23 08:00:00+00:00,2026-01-23 16:00:00+00:00,"[{""begin"": ""2026-01-23T09:00:00+01:00"", ""end"": ""2026-01-23T17:00:00+01:00""}]",Sélestat,Place de la Gare,57000,Metz,Moselle,Grand Est,,,,"{""id"": 1, ""label"": {""fr"": ""Sur place"", ""en"": ""In situ"", ""it"": ""In presenza"", ""es"": ""Desconnectad"", ""de"": ""Offline"", ""br"": ""War al lec\u2019h"", ""io"": ""crwdns14266:0crwdne14266:0"", ""oc"": ""Sus pla\u00e7a"", ""nl"": ""Ter plaatse""}}",,"[{""type"": ""link"", ""value"": ""https://www.helloasso.com/associations/alter-alsace-energies/evenements/visite-reseaux-de-chaleur-en-allemagne""}]"
97326151,https://openagenda.com/francetravail/events/atelier-cv-abonnement-aux-offres-carte-de-visite-5540829,ATELIER CV / ABONNEMENT AUX OFFRES/ CARTE DE VISITE .........,ATELIER CV / ABONNEMENT AUX OFFRES/ CARTE DE VISITE .........,ATELIER CV / ABONNEMENT AUX OFFRES/ CARTE DE VISITE ......... Il s'agit d'un accompagnement personnalisé d'une heure avec un agent volontaire service civique permettant de créer mettre à jour votre CV de rendre votre profil visible pour les employeurs et de découvrir les potentialités de votre espace personnel,,['Les outils du numérique'],,"Mardi 18 août, 15h00",2026-08-18 13:00:00+00:00,2026-08-18 14:00:00+00:00,"[{""begin"": ""2026-08-18T15:00:00+02:00"", ""end"": ""2026-08-18T16:00:00+02:00""}]",Agence METZ BLIDA,57000 Metz,57014,Metz,Moselle,Grand Est,,,,"{""id"": 1, ""label"": {""fr"": ""Sur place"", ""en"": ""In situ"", ""it"": ""In presenza"", ""es"": ""Desconnectad"", ""de"": ""Offline"", ""br"": ""War al lec\u2019h"", ""io"": ""crwdns14266:0crwdne14266:0"", ""oc"": ""Sus pla\u00e7a"", ""nl"": ""Ter plaatse""}}",,"[{""type"": ""link"", ""value"": ""https://mesevenementsemploi.francetravail.fr/mes-evenements-emploi/evenement/726614""}]"
86619714,https://openagenda.com/culture/events/la-surprise-conversation-a-deux-voix-entre-art-et-psychanalyse,"""La surprise"" conversation à deux voix entre art et psychanalyse","""La surprise"" est une rencontre-conférence animée par l'artiste Odile Jager-Poirel et la psychanalyste Paola Casagrande. Accompagnées de divers oeuvres picturales dans tous les champs de l'histoire …","""La surprise"" est une rencontre-conférence animée par l'artiste Odile Jager-Poirel et la psychanalyste Paola Casagrande. Accompagnées de divers oeuvres picturales dans tous les champs de l'histoire de l'art, elles converseront et évolueront dans un raisonnement critique et analytique autour de la thématique ""la surprise"". Cette conférence est programmée dans le cadre des rencontres d'Octave Cowbell.",,,,"Samedi 20 septembre 2025, 17h00",2025-09-20 15:00:00+00:00,2025-09-20 16:30:00+00:00,"[{""begin"": ""2025-09-20T17:00:00+02:00"", ""end"": ""2025-09-20T18:30:00+02:00""}]",Galerie Octave Cowbell,"4 rue du change, 57000 Metz",57014,Metz,Moselle,Grand Est,['handicap moteur'],,,"{""id"": 1, ""label"": {""fr"": ""Sur place"", ""en"": ""In situ"", ""it"": ""In presenza"", ""es"": ""Desconnectad"", ""de"": ""Offline"", ""br"": ""War al lec\u2019h"", ""io"": ""crwdns14266:0crwdne14266:0"", ""oc"": ""Sus pla\u00e7a""}}",,
53641727,https://openagenda.com/francetravail/events/vous-aussi-ca-vous-branche-dagir-pour-la-transition-energetique-spie-thepault-recrute-des-monteurs-electriciens-hf-sur-le-grand-est,Vous aussi ça vous branche d'agir pour la transition énergétique ? SPIE THEPAULT recrute des monteurs électriciens H/F sur le Grand Est,"Dans le cadre de nouveaux chantiers dans le Grand Est, SPIE THEPAULT recrute plusieurs monteur-électriciens (H/F) en CDI. Prérequis d'accès à l'emploi : - Apprécier le travail en extérieur - Etre ...","Dans le cadre de nouveaux chantiers dans le Grand Est, SPIE THEPAULT recrute plusieurs monteur-électriciens (H/F) en CDI. Prérequis d'accès à l'emploi : - Apprécier le travail en extérieur - Etre apte au travail en hauteur - Etre en mesure de distinguer les couleurs Webinaire durant lequel l'employeur présentera le groupe SPIE, l'entreprise SPIE THEPAULT et les postes à pourvoir.",,"[""Réunion d'information"", '1 jeune  1 solution', 'La semaine du BTP', 'Recrutement', 'Tout public', 'CDI', 'à distance']",,"Jeudi 9 octobre 2025, 09h00",2025-10-09 07:00:00+00:00,2025-10-09 08:15:00+00:00,"[{""begin"": ""2025-10-09T09:00:00+02:00"", ""end"": ""2025-10-09T10:15:00+02:00""}]",Agence METZ SEBASTOPOL,57070 Metz,57070,Metz,Moselle,Grand Est,,,,"{""id"": 2, ""label"": {""fr"": ""En ligne"", ""en"": ""Online"", ""it"": ""Online"", ""es"": ""En linea"", ""de"": ""Online"", ""br"": ""Enlinenn"", ""io"": ""crwdns14268:0crwdne14268:0"", ""oc"": ""En linha"", ""nl"": ""Online""}}",https://mesevenementsemploi.francetravail.fr/mes-evenements-emploi/evenement/489183,"[{""type"": ""link"", ""value"": ""https://mesevenementsemploi.francetravail.fr/mes-evenements-emploi/evenement/489183""}]"
10647737,https://openagenda.com/jpp2026/events/entre-eau-et-vin,Entre eau et vin,"Balade découverte du village, entre sources et patrimoine viticole","Entre eau et vin Par ruelles et venelles, tours et détours nous feront découvrir sources, ruisseaux et vignes d'un village des coteaux messins","Libre, inscription par mail","['eau', 'vin']",,"Samedi 27 juin, 15h00",2026-06-27 13:00:00+00:00,2026-06-27 15:30:00+00:00,"[{""begin"": ""2026-06-27T15:00:00+02:00"", ""end"": ""2026-06-27T17:30:00+02:00""}]",parking salle polyvalente,57050 Plappeville,57050,Metz,Moselle,Grand Est,,,,"{""id"": 1, ""label"": {""fr"": ""Sur place"", ""en"": ""In situ"", ""it"": ""In presenza"", ""es"": ""Desconnectad"", ""de"": ""Offline"", ""br"": ""War al lec\u2019h"", ""io"": ""crwdns14266:0crwdne14266:0"", ""oc"": ""Sus pla\u00e7a"", ""nl"": ""Ter plaatse""}}",,"[{""type"": ""email"", ""value"": ""plappeville.plus.verte@gmail.com""}]"
10259462,https://openagenda.com/francetravail/events/visite-de-chantier-venez-decouvrir-les-metiers-du-batiment-avec-bouygues-en-partenariat-avec-le2c-et-le-club-dentreprises-des-rives-de,"Visite de chantier : Venez découvrir les métiers du Bâtiment avec BOUYGUES, en partenariat avec l'E2C et le club d'entreprises des Rives de","Rejoignez-nous pour une expérience unique de découverte des métiers du Bâtiment à l'occasion d'une visite de chantier à Metz Borny. RENDEZ-VOUS DIRECTEMENT AU CHANTIER : 18 rue du Maine, 57070, METZ.","Rejoignez-nous pour une expérience unique de découverte des métiers du Bâtiment à l'occasion d'une visite de chantier à Metz Borny. RENDEZ-VOUS DIRECTEMENT AU CHANTIER : 18 rue du Maine, 57070, METZ. Organisé par l'E2C en partenariat avec le club des entreprises des Rives de Moselle et la société BOUYGUES, cet événement vous offrira l'opportunité de rencontrer des professionnels et d'explorer des carrières passionnantes. Au programme : Métiers à découvrir : métiers du bâtiment, travaux publics,",,"['Métiers du BTP', 'Découverte secteur / métier', 'Se préparer', ""S'informer""]",,"Vendredi 5 juin, 10h00",2026-06-05 08:00:00+00:00,2026-06-05 10:00:00+00:00,"[{""begin"": ""2026-06-05T10:00:00+02:00"", ""end"": ""2026-06-05T12:00:00+02:00""}]",Agence METZ BLIDA,57070 Metz,57070,Metz,Moselle,Grand Est,,,,"{""id"": 1, ""label"": {""fr"": ""Sur place"", ""en"": ""In situ"", ""it"": ""In presenza"", ""es"": ""Desconnectad"", ""de"": ""Offline"", ""br"": ""War al lec\u2019h"", ""io"": ""crwdns14266:0crwdne14266:0"", ""oc"": ""Sus pla\u00e7a"", ""nl"": ""Ter plaatse""}}",,"[{""type"": ""link"", ""value"": ""https://mesevenementsemploi.francetravail.fr/mes-evenements-emploi/evenement/671225""}]"
18952661,https://openagenda.com/francetravail/events/kiosque-createurs-dentreprises-4327403,KIOSQUE CREATEURS D'ENTREPRISES,"Bonjour, Nous avons le plaisir de vous informer de l'organisation d'un kiosque dédié aux créateurs d'entreprises, à destination du public demandeur d'emploi en projet de création ou déjà créateur.","Bonjour, Nous avons le plaisir de vous informer de l'organisation d'un kiosque dédié aux créateurs d'entreprises, à destination du public demandeur d'emploi en projet de création ou déjà créateur. Cet événement sera l'occasion de rencontrer et d'échanger avec différentes structures d'accompagnement à la création d'entreprise, parmi lesquelles : ADIE, CMA, Initiatives 57, BGE, URSSAF, GERMINAL, Le Carrefour de l'entreprenariat, Alexis Lorraine. Les participants pourront s'informer sur les disposi",,"[""Création d'entreprise""]",,"Lundi 8 juin, 15h30",2026-06-08 13:30:00+00:00,2026-06-08 14:30:00+00:00,"[{""begin"": ""2026-06-08T15:30:00+02:00"", ""end"": ""2026-06-08T16:30:00+02:00""}]",Agence METZ BLIDA,57000 Metz,57014,Metz,Moselle,Grand Est,,,,"{""id"": 1, ""label"": {""fr"": ""Sur place"", ""en"": ""In situ"", ""it"": ""In presenza"", ""es"": ""Desconnectad"", ""de"": ""Offline"", ""br"": ""War al lec\u2019h"", ""io"": ""crwdns14266:0crwdne14266:0"", ""oc"": ""Sus pla\u00e7a"", ""nl"": ""Ter plaatse""}}",,"[{""type"": ""link"", ""value"": ""https://mesevenementsemploi.francetravail.fr/mes-evenements-emploi/evenement/666751""}]"
76334821,https://openagenda.com/francetravail/events/rejoignez-cette-nouvelle-enseigne-de-restauration-rapide-au-concept-innovant-et-prometteur,REJOIGNEZ CETTE NOUVELLE ENSEIGNE DE RESTAURATION RAPIDE AU CONCEPT INNOVANT ET PROMETTEUR!,"Dans le cadre de l'ouverture prochaine d'un établissement de street food japonaise, nous recherchons des Employés Polyvalents de Restauration (h/f).","Dans le cadre de l'ouverture prochaine d'un établissement de street food japonaise, nous recherchons des Employés Polyvalents de Restauration (h/f). Si vous êtes dynamique et avez à coeur de travailler dans une ambiance conviviale, participez à la présentation de ce concept innovant dans l'univers de la restauration et rejoignez-nous! Missions : service client, préparation des commandes, entretien et respect des normes d'hygiène. Profil : souriant(e), adaptable, esprit d'équipe - Avantages : rep",,"['#TousMobilisés', 'Métiers de l Hôtellerie Restauration', 'Recrutement']",,"Vendredi 24 avril, 09h00",2026-04-24 07:00:00+00:00,2026-04-24 10:00:00+00:00,"[{""begin"": ""2026-04-24T09:00:00+02:00"", ""end"": ""2026-04-24T12:00:00+02:00""}]",Agence METZ GARE,57000 Metz,57000,Metz,Moselle,Grand Est,,,,"{""id"": 1, ""label"": {""fr"": ""Sur place"", ""en"": ""In situ"", ""it"": ""In presenza"", ""es"": ""Desconnectad"", ""de"": ""Offline"", ""br"": ""War al lec\u2019h"", ""io"": ""crwdns14266:0crwdne14266:0"", ""oc"": ""Sus pla\u00e7a"", ""nl"": ""Ter plaatse""}}",,"[{""type"": ""link"", ""value"": ""https://mesevenementsemploi.francetravail.fr/mes-evenements-emploi/evenement/636113""}]"
92598654,https://openagenda.com/francetravail/events/les-rendez-vous-de-la-reconversion-a-la-chambre-des-metiers-et-de-lartisanat-5153320,LES RENDEZ-VOUS DE LA RECONVERSION A LA CHAMBRE DES METIERS ET DE L'ARTISANAT,LES RDV DE LA RECONVERSION - 5ème ÉDITION Et si 2026 devenait l'année où vous changez de voie ? Vous pensez à une reconversion professionnelle mais vous ne savez pas par où commencer ?,"LES RDV DE LA RECONVERSION - 5ème ÉDITION Et si 2026 devenait l'année où vous changez de voie ? Vous pensez à une reconversion professionnelle mais vous ne savez pas par où commencer ? Bonne nouvelle : vous n'êtes pas seul (e) ! Le 29 avril 2026, la CMA Moselle organise la 5ème édition des RDV de la Reconversion. UN ÉVÉNEMENT OUVERT À TOUS : Salarié, demandeur d'emploi, indépendant, étudiant en réorientation ou simplement en réflexion : chacun peut venir s'informer librement, sans engagement. L'",,"['Espaces formation', ""S'informer"", 'Se préparer', 'Découverte secteur / métier', 'Découverte formation']",,"Mercredi 29 avril, 15h30",2026-04-29 13:30:00+00:00,2026-04-29 14:30:00+00:00,"[{""begin"": ""2026-04-29T15:30:00+02:00"", ""end"": ""2026-04-29T16:30:00+02:00""}]",Agence METZ GARE,57070 Metz,57070,Metz,Moselle,Grand Est,,,,"{""id"": 1, ""label"": {""fr"": ""Sur place"", ""en"": ""In situ"", ""it"": ""In presenza"", ""es"": ""Desconnectad"", ""de"": ""Offline"", ""br"": ""War al lec\u2019h"", ""io"": ""crwdns14266:0crwdne14266:0"", ""oc"": ""Sus pla\u00e7a"", ""nl"": ""Ter plaatse""}}",,"[{""type"": ""link"", ""value"": ""https://mesevenementsemploi.francetravail.fr/mes-evenements-emploi/evenement/639545""}]"
26098610,https://openagenda.com/francetravail/events/vous-etes-debutante-en-langue-francaise-et-vous-souhaitez-acceder-a-un-emploi-avec-une-formation-devenez-employee-commerciale-ou-assist-2653817,Vous êtes débutant/e en langue française et vous souhaitez accéder à un emploi avec une formation ? Devenez Employé(e) Commerciale ou Assist,VOTRE AVENIR DANS LE COMMERCE COMMENCE ICI ! FORMATION EN ALTERNANCE & APPRENTISSAGE Devenez un(e) professionnel(le) qualifié(e) et recherché(e) !,VOTRE AVENIR DANS LE COMMERCE COMMENCE ICI ! FORMATION EN ALTERNANCE & APPRENTISSAGE Devenez un(e) professionnel(le) qualifié(e) et recherché(e) ! 2 Formations Métiers au Choix : Employé(e) Commercial(e) Assistant(e) Manager d'Unité Marchande LE DE LA FORMATION : Des cours de FLE (Français Langue Étrangère) sont directement intégrés au parcours pour vous perfectionner et maîtriser le vocabulaire du commerce ! Conditions d'accès (Critères d'éligibilité) : Âge requis : Être âgé de 16 à 29 ans révo,,"['Métiers du commerce', 'Insertion', 'Découverte formation', 'Découverte secteur / métier', ""Aides à l'emploi"", ""S'informer""]",,"Lundi 29 juin, 10h00",2026-06-29 08:00:00+00:00,2026-06-29 10:00:00+00:00,"[{""begin"": ""2026-06-29T10:00:00+02:00"", ""end"": ""2026-06-29T12:00:00+02:00""}]",Agence METZ SEBASTOPOL,57070 Metz,57070,Metz,Moselle,Grand Est,,,,"{""id"": 1, ""label"": {""fr"": ""Sur place"", ""en"": ""In situ"", ""it"": ""In presenza"", ""es"": ""Desconnectad"", ""de"": ""Offline"", ""br"": ""War al lec\u2019h"", ""io"": ""crwdns14266:0crwdne14266:0"", ""oc"": ""Sus pla\u00e7a"", ""nl"": ""Ter plaatse""}}",,"[{""type"": ""link"", ""value"": ""https://mesevenementsemploi.francetravail.fr/mes-evenements-emploi/evenement/677814""}]"
88335095,https://openagenda.com/francetravail/events/envie-daider-les-autres-filieris-cherche-des-auxiliaires-de-vie-comme-vous,"""Envie d'Aider les Autres ? Filiéris Cherche des Auxiliaires de Vie comme Vous !""",Rejoignez Filieris : Devenez Auxiliaire de Vie !,"Rejoignez Filieris : Devenez Auxiliaire de Vie ! Vous avez de l'expérience dans l'aide à la personne ou un diplôme dans ce domaine ? Filieris recrute des Auxiliaires de Vie motivés et engagés pour accompagner au quotidien des personnes en situation de dépendance. Pourquoi postuler ? Missions variées et enrichissantes : Aide à la toilette, accompagnement dans les actes de la vie quotidienne, soutien moral, etc. Contrat stable avec des avantages attractifs. Formation continue pour développer vos c",,"[""Les métiers de l'humain"", '1 jeune  1 solution', '#TousMobilisés', 'Recrutement']",,"Mardi 20 janvier, 09h00",2026-01-20 08:00:00+00:00,2026-01-20 10:00:00+00:00,"[{""begin"": ""2026-01-20T09:00:00+01:00"", ""end"": ""2026-01-20T11:00:00+01:00""}]",Agence METZ GARE,57000 Metz,57000,Metz,Moselle,Grand Est,,,,"{""id"": 1, ""label"": {""fr"": ""Sur place"", ""en"": ""In situ"", ""it"": ""In presenza"", ""es"": ""Desconnectad"", ""de"": ""Offline"", ""br"": ""War al lec\u2019h"", ""io"": ""crwdns14266:0crwdne14266:0"", ""oc"": ""Sus pla\u00e7a"", ""nl"": ""Ter plaatse""}}",,"[{""type"": ""link"", ""value"": ""https://mesevenementsemploi.francetravail.fr/mes-evenements-emploi/evenement/552780""}]"
14023349,https://openagenda.com/francetravail/events/forum-fonction-publique-9209560,Forum Fonction Publique,Venez à la rencontre des employeurs de la Fonction Publique à l'occasion du 3ème Forum dédié aux métiers de ce secteur sur l'agglomération de Metz.,"Venez à la rencontre des employeurs de la Fonction Publique à l'occasion du 3ème Forum dédié aux métiers de ce secteur sur l'agglomération de Metz. Seront entre autre présentes les différentes fonctions publiques (collectivité, santé, défenses, territoriales,....) Le 21/01 de 10h00 à 16h00 Dans les Salons de l'Hôtel de Ville de Metz Vous munir de plusieurs CV à jour",,"['1 jeune  1 solution', '#TousMobilisés', ""S'informer"", 'Recrutement', 'Découverte secteur / métier']",,"Mercredi 21 janvier, 13h00",2026-01-21 12:00:00+00:00,2026-01-21 15:00:00+00:00,"[{""begin"": ""2026-01-21T13:00:00+01:00"", ""end"": ""2026-01-21T16:00:00+01:00""}]",Agence METZ SEBASTOPOL,57000 Metz,57000,Metz,Moselle,Grand Est,,,,"{""id"": 1, ""label"": {""fr"": ""Sur place"", ""en"": ""In situ"", ""it"": ""In presenza"", ""es"": ""Desconnectad"", ""de"": ""Offline"", ""br"": ""War al lec\u2019h"", ""io"": ""crwdns14266:0crwdne14266:0"", ""oc"": ""Sus pla\u00e7a"", ""nl"": ""Ter plaatse""}}",,"[{""type"": ""link"", ""value"": ""https://mesevenementsemploi.francetravail.fr/mes-evenements-emploi/evenement/549850""}]"
26093724,https://openagenda.com/francetravail/events/rencontrez-la-plate-forme-de-gestion-locative-saisonniere-rock-in-share-votre-carriere-de-valet-de-chambre-commence-ici,"Rencontrez la plate forme de gestion locative saisonnière Rock in Share : Votre Carrière de Valet de Chambre Commence Ici !""","Rock in Share est une startup immobilière spécialisée en gestion locative saisonnière, l'objectif de Rock in Share est de libérer les propriétaires des contraintes de la gestion et leur faire bénéfici","Rock in Share est une startup immobilière spécialisée en gestion locative saisonnière, l'objectif de Rock in Share est de libérer les propriétaires des contraintes de la gestion et leur faire bénéficier de tous les bienfaits du partage de logement, avec pour ambition de devenir le plus grand acteur du Grand Est en location courte durée. Pour cela nous recrutons pour nos différentes locations des valets de chambre pour intervenir entre Metz, Thionville et occasionnellement Nancy de 10h30 à 18h. R",,"['#TousMobilisés', '1 jeune  1 solution', 'Recrutement']",,"Mardi 16 décembre 2025, 09h00",2025-12-16 08:00:00+00:00,2025-12-16 10:00:00+00:00,"[{""begin"": ""2025-12-16T09:00:00+01:00"", ""end"": ""2025-12-16T11:00:00+01:00""}]",Agence METZ GARE,57000 Metz,57000,Metz,Moselle,Grand Est,,,,"{""id"": 1, ""label"": {""fr"": ""Sur place"", ""en"": ""In situ"", ""it"": ""In presenza"", ""es"": ""Desconnectad"", ""de"": ""Offline"", ""br"": ""War al lec\u2019h"", ""io"": ""crwdns14266:0crwdne14266:0"", ""oc"": ""Sus pla\u00e7a"", ""nl"": ""Ter plaatse""}}",,"[{""type"": ""link"", ""value"": ""https://mesevenementsemploi.francetravail.fr/mes-evenements-emploi/evenement/548987""}]"
37501474,https://openagenda.com/francetravail/events/decouvrez-le-metier-deducateur-a-la-protection-judiciaire-de-la-jeunesse-pjj,Découvrez le métier d'éducateur à la Protection Judiciaire de la Jeunesse (PJJ) !,Rejoignez-nous pour un événement de présentation et de recrutement dédié au métier d'éducateur à la Protection Judiciaire de la Jeunesse (PJJ).,"Rejoignez-nous pour un événement de présentation et de recrutement dédié au métier d'éducateur à la Protection Judiciaire de la Jeunesse (PJJ). Cet événement est une opportunité unique de découvrir les missions, les valeurs et les perspectives offertes par ce métier passionnant et essentiel. Vous aurez l'occasion de rencontrer les professionnels de l'Établissement de Placement Éducatif et d'Insertion de Metz, qui vous présenteront en détail les spécificités du métier, les conditions de travail e",,"[""S'informer"", 'Recrutement', 'Découverte secteur / métier']",,"Jeudi 23 juillet, 09h00",2026-07-23 07:00:00+00:00,2026-07-23 10:00:00+00:00,"[{""begin"": ""2026-07-23T09:00:00+02:00"", ""end"": ""2026-07-23T12:00:00+02:00""}]",Agence METZ GARE,57000 Metz,57000,Metz,Moselle,Grand Est,,,,"{""id"": 1, ""label"": {""fr"": ""Sur place"", ""en"": ""In situ"", ""it"": ""In presenza"", ""es"": ""Desconnectad"", ""de"": ""Offline"", ""br"": ""War al lec\u2019h"", ""io"": ""crwdns14266:0crwdne14266:0"", ""oc"": ""Sus pla\u00e7a"", ""nl"": ""Ter plaatse""}}",,"[{""type"": ""link"", ""value"": ""https://mesevenementsemploi.francetravail.fr/mes-evenements-emploi/evenement/706281""}]"
64786995,https://openagenda.com/francetravail/events/atelier-cv-abonnement-aux-offres-carte-de-visite,ATELIER CV / ABONNEMENT AUX OFFRES/ CARTE DE VISITE .........,ATELIER CV / ABONNEMENT AUX OFFRES/ CARTE DE VISITE .........,ATELIER CV / ABONNEMENT AUX OFFRES/ CARTE DE VISITE ......... Il s'agit d'un accompagnement personnalisé d'une heure avec un agent volontaire service civique permettant de créer mettre à jour votre CV de rendre votre profil visible pour les employeurs et de découvrir les potentialités de votre espace personnel,,['Les outils du numérique'],,"Vendredi 7 août, 14h00",2026-08-07 12:00:00+00:00,2026-08-07 13:00:00+00:00,"[{""begin"": ""2026-08-07T14:00:00+02:00"", ""end"": ""2026-08-07T15:00:00+02:00""}]",Agence METZ BLIDA,57000 Metz,57014,Metz,Moselle,Grand Est,,,,"{""id"": 1, ""label"": {""fr"": ""Sur place"", ""en"": ""In situ"", ""it"": ""In presenza"", ""es"": ""Desconnectad"", ""de"": ""Offline"", ""br"": ""War al lec\u2019h"", ""io"": ""crwdns14266:0crwdne14266:0"", ""oc"": ""Sus pla\u00e7a"", ""nl"": ""Ter plaatse""}}",,"[{""type"": ""link"", ""value"": ""https://mesevenementsemploi.francetravail.fr/mes-evenements-emploi/evenement/714688""}]"
23621576,https://openagenda.com/toutes-les-chambres-agriculture-agregees/events/marches-fermiers-de-producteurs,Marchés fermiers de producteurs,Le printemps arrive avec la nouvelle saison des marchés fermiers des producteurs et son lot de délicieux produits du terroir.,"Une fois par mois (les vendredis, de 16h à 20h), à compter du 4 avril et jusqu'au 12 septembre 2025, la place Saint Louis, connue pour son architecture médiévale, va aussi devenir le repère des gourmands ! Organisés par la Ville de Metz, la Chambre d'agriculture de la Moselle, Moselle Attractivité, le Département de la Moselle et l'Association des Commerçants du Quartier Saint Louis, ces marchés alimentaires de plein air appréciés de tous, ont l'avantage de proposer un format en circuit court grâce à la présence de plusieurs producteurs labellisés Qualité MOSL. Faites vos emplettes tout en profitant d'un programme d'animations musicales et de dégustations.",Entrée libre,"['marché fermier', 'Producteurs', 'Produits locaux', 'dégustation', 'Place saint Louis', 'Metz']",,"4 avril - 12 septembre 2025, certains vendredis",2025-04-04 14:00:00+00:00,2025-09-12 18:00:00+00:00,"[{""begin"": ""2025-04-04T16:00:00+02:00"", ""end"": ""2025-04-04T20:00:00+02:00""}, {""begin"": ""2025-05-16T16:00:00+02:00"", ""end"": ""2025-05-16T20:00:00+02:00""}, {""begin"": ""2025-06-13T16:00:00+02:00"", ""end"": ""2025-06-13T20:00:00+02:00""}, {""begin"": ""2025-07-18T16:00:00+02:00"", ""end"": ""2025-07-18T20:00:00+02:00""}, {""begin"": ""2025-09-12T16:00:00+02:00"", ""end"": ""2025-09-12T20:00:00+02:00""}]","Place Saint-Louis, Metz (57)",Place Saint Louis,57000,Metz,Moselle,Grand Est,,,,"{""id"": 1, ""label"": {""fr"": ""Sur place"", ""en"": ""In situ"", ""it"": ""In presenza"", ""es"": ""Desconnectad"", ""de"": ""Offline"", ""br"": ""War al lec\u2019h"", ""io"": ""crwdns14266:0crwdne14266:0"", ""oc"": ""Sus pla\u00e7a"", ""nl"": ""Ter plaatse""}}",,
41999061,https://openagenda.com/mecenat-en-grand-est/events/trophees-grand-est,Trophées Grand Est,"La Région Grand Est et l’Union des Mouvements Associatifs Grand Est, en partenariat avec la Fondation de France Grand Est lancent l’édition 2026 des Trophées Grand Est Associations et Bénévolat.","Les Trophées Grand Est Associations et Bénévolat 2026 ont vocation à mettre en lumière le rôle essentiel des associations et des bénévoles, engagés au quotidien au plus près des citoyens, dans des domaines aussi variés que le social, la santé, la culture, le sport, l’environnement, l’insertion ou encore l’éducation. Deux dispositifs sont ouverts cette année : - les Trophées Grand Est Associations , qui récompenseront 10 associations autour de 5 thématiques, avec une dotation de 1 500 € par lauréat - les Trophées Grand Est du Bénévolat , qui distingueront 10 bénévoles pour leur engagement remarquable. ! Les candidatures sont ouvertes du 25 mai au 31 août 2026 . La remise des prix aura lieu le 14 novembre 2026 à Metz , lors de la Journée Grand Est des Associations et Bénévoles.",Candidatures ouvertes du 25 mai au 31 août 2026,,,"Samedi 14 novembre, 08h00",2026-11-14 07:00:00+00:00,2026-11-14 20:00:00+00:00,"[{""begin"": ""2026-11-14T08:00:00+01:00"", ""end"": ""2026-11-14T21:00:00+01:00""}]",Metz,Metz,,Metz,Moselle,Grand Est,,,,"{""id"": 1, ""label"": {""fr"": ""Sur place"", ""en"": ""In situ"", ""it"": ""In presenza"", ""es"": ""Desconnectad"", ""de"": ""Offline"", ""br"": ""War al lec\u2019h"", ""io"": ""crwdns14266:0crwdne14266:0"", ""oc"": ""Sus pla\u00e7a"", ""nl"": ""Ter plaatse""}}",,"[{""type"": ""link"", ""value"": ""https://www.maregiondemain.fr/projects""}]"
53384251,https://openagenda.com/planlibre/events/jardins-de-plantes-magiques,Jardins de plantes magiques,"À l’occasion des Rendez-vous aux jardins, la Société Française d’Ethnopharmacologie et le Frac Lorraine vous accompagnent dans la découverte de leurs jardins de plantes qui piquent et qui soignent ! …","À l’occasion des Rendez-vous aux jardins, la Société Française d’Ethnopharmacologie et le Frac Lorraine vous accompagnent dans la découverte de leurs jardins de plantes qui piquent et qui soignent ! La visite débute au jardin du Frac Lorraine, réalisé par l’artiste-botaniste Liliana Motta à partir d’espèces de plantes hors normes et se poursuit dans le jardin du Cloître des Récollets de Metz. Vous y croiserez des plantes toxiques et curatives, telles que la Belladone, aussi appelée belle-dame ou cerise du diable considérée comme une plante magique ou de sorcellerie mais cultivée dans les jardins d’apothicaires à partir du XVIe siècle. Le parcours se termine autour d’une tisane ou d’une boisson fraîche, préparée à partir de plantes médicinales issues du jardin du Cloître des Récollets. Partenariat entre le Frac Lorraine, la Société Française d’Ethnopharmacologie, et le Cloître des Recollets. Ville de Metz et de l'Eurométropole de Metz.",Limité à 19 personnes,,,"Samedi 6 juin, 14h30",2026-06-06 12:30:00+00:00,2026-06-06 14:30:00+00:00,"[{""begin"": ""2026-06-06T14:30:00+02:00"", ""end"": ""2026-06-06T16:30:00+02:00""}]",49 Nord 6 Est - Frac Lorraine,"1bis rue des Trinitaires, 57000 Metz",57000,Metz,Moselle,Grand Est,,,,"{""id"": 1, ""label"": {""fr"": ""Sur place"", ""en"": ""In situ"", ""it"": ""In presenza"", ""es"": ""Desconnectad"", ""de"": ""Offline"", ""br"": ""War al lec\u2019h"", ""io"": ""crwdns14266:0crwdne14266:0"", ""oc"": ""Sus pla\u00e7a"", ""nl"": ""Ter plaatse""}}",,"[{""type"": ""email"", ""value"": ""reservation@fraclorraine.org""}]"
84871871,https://openagenda.com/culture/events/visita-de-la-camara-regional-de-cuentas-gran-este,Visite de la Chambre régionale des comptes Grand Est,"Les visiteurs pourront rencontrer le personnel de la Chambre régionale des comptes, tout en découvrant les bâtiments et le jardin.","Les visiteurs pourront rencontrer le personnel de la Chambre régionale des comptes, tout en découvrant les bâtiments et le jardin. Le circuit de visite, libre mais fléché, permet d’échanger avec les équipes sur les missions, les contrôles et les métiers de l’institution.","Le dimanche 20 septembre, des moments musicaux (à 11 h, 14 h et 17 h) seront proposés par des étudiants de l’École supérieure d’art de Lorraine.",,,19 et 20 septembre,2026-09-19 08:00:00+00:00,2026-09-20 16:00:00+00:00,"[{""begin"": ""2026-09-19T10:00:00+02:00"", ""end"": ""2026-09-19T18:00:00+02:00""}, {""begin"": ""2026-09-20T10:00:00+02:00"", ""end"": ""2026-09-20T18:00:00+02:00""}]",Chambre régionale des Comptes Grand Est,"3-5 rue de la Citadelle, 57000 Metz",57045,Metz,Moselle,Grand Est,,,,"{""id"": 1, ""label"": {""fr"": ""Sur place"", ""en"": ""In situ"", ""it"": ""In presenza"", ""es"": ""Desconnectad"", ""de"": ""Offline"", ""br"": ""War al lec\u2019h"", ""io"": ""crwdns14266:0crwdne14266:0"", ""oc"": ""Sus pla\u00e7a"", ""nl"": ""Ter plaatse""}}",,
6081980,https://openagenda.com/culture/events/exposition-lesprit-en-pause,"Exposition ""L'esprit en pause""","Cinq artistes pour cinq pratiques singulières conçues comme des hommages à la photographie. Qu'il s'agisse de références, de citations, de matériel, la photographie est au coeur de leurs Celle qui de…","Cinq artistes pour cinq pratiques singulières conçues comme des hommages à la photographie. Qu'il s'agisse de références, de citations, de matériel, la photographie est au coeur de leurs préoccupations. Celle qui fut écriture de lumière et sujet de débats au XIXe siècle continue à questionner, à inspirer, à inciter pour ce qu'elle est et ce qu'elle représente. Avec les oeuvres de : Hélène Roux, Renée Kisiel, Odile Jager-Poirel, Nicolas Roux, Clara Charrière.",,,,19 et 20 septembre,2026-09-19 08:00:00+00:00,2026-09-20 16:00:00+00:00,"[{""begin"": ""2026-09-19T10:00:00+02:00"", ""end"": ""2026-09-19T18:00:00+02:00""}, {""begin"": ""2026-09-20T10:00:00+02:00"", ""end"": ""2026-09-20T18:00:00+02:00""}]",Atelier Hélène Roux,"68, rue Mazelle 57000 Metz",57000,Metz,Moselle,Grand Est,,,,"{""id"": 1, ""label"": {""fr"": ""Sur place"", ""en"": ""In situ"", ""it"": ""In presenza"", ""es"": ""Desconnectad"", ""de"": ""Offline"", ""br"": ""War al lec\u2019h"", ""io"": ""crwdns14266:0crwdne14266:0"", ""oc"": ""Sus pla\u00e7a"", ""nl"": ""Ter plaatse""}}",,
10815482,https://openagenda.com/nuit-internationale-de-la-chauve-souris/events/a-la-rencontre-des-chauves-souris-8353832,A la rencontre des chauves-souris,Venez découvrir ces mystérieux mammifères au cours d'une balade dans le Parc de la Cavalerie à Metz !,"En partenariat avec la ville de Metz, la CPEPESC Lorraine vous emmène à la rencontre des chauves-souris de Metz au cours d'une balade entre chien et loup. Aurez-vous la chance d'entendre des Noctules chasser au dessus de vos têtes ? Une animation à partager en famille ou entre ami(e)s !",,"['Metz', 'balade', 'nocturne']",,"Jeudi 21 août 2025, 20h00",2025-08-21 18:00:00+00:00,2025-08-21 20:00:00+00:00,"[{""begin"": ""2025-08-21T20:00:00+02:00"", ""end"": ""2025-08-21T22:00:00+02:00""}]",Parc de la Cavalerie,Quai Paul Wiltzer,57004,Metz,Moselle,Grand Est,,10.0,99.0,"{""id"": 1, ""label"": {""fr"": ""Sur place"", ""en"": ""In situ"", ""it"": ""In presenza"", ""es"": ""Desconnectad"", ""de"": ""Offline"", ""br"": ""War al lec\u2019h"", ""io"": ""crwdns14266:0crwdne14266:0"", ""oc"": ""Sus pla\u00e7a"", ""nl"": ""Ter plaatse""}}",,"[{""type"": ""email"", ""value"": ""l.paris@cpepesc-lorraine.fr""}, {""type"": ""phone"", ""value"": ""0383231948""}]"
28151759,https://openagenda.com/semaine-des-metiers-du-tourisme-2026/events/travel-day-immersion-tourisme-a-metz,Travel Day – Immersion tourisme à Metz,"Une journée immersive dédiée à la découverte des métiers du tourisme à travers des ateliers, challenges et rencontres professionnelles à Metz.","Le Travel Day est une journée d’immersion organisée à Metz dans le cadre de la Semaine du Tourisme 2025. Les participants vivent une expérience pédagogique et interactive à travers des ateliers pratiques, des mises en situation professionnelles, des jeux de rôle et des challenges en équipe. Des interventions de professionnels du tourisme viennent enrichir la journée en apportant des retours d’expérience concrets sur les métiers, les compétences attendues et les opportunités du secteur. L’objectif est de permettre aux étudiants de mieux comprendre les réalités du tourisme et de se projeter dans leur future carrière.",,"['travel day', 'tourisme', 'immersion', 'métiers', 'ateliers', 'Metz']",,"Mercredi 4 février, 09h30",2026-02-04 08:30:00+00:00,2026-02-04 15:30:00+00:00,"[{""begin"": ""2026-02-04T09:30:00+01:00"", ""end"": ""2026-02-04T16:30:00+01:00""}]",École Supérieure de Tourisme Metz,"15bis Rue Dembour, 57000 Metz",57000,Metz,Moselle,Grand Est,,,,"{""id"": 1, ""label"": {""fr"": ""Sur place"", ""en"": ""In situ"", ""it"": ""In presenza"", ""es"": ""Desconnectad"", ""de"": ""Offline"", ""br"": ""War al lec\u2019h"", ""io"": ""crwdns14266:0crwdne14266:0"", ""oc"": ""Sus pla\u00e7a"", ""nl"": ""Ter plaatse""}}",,"[{""type"": ""link"", ""value"": ""https://ecolesuperieuretourisme.fr/evenement/journee-en-immersion-travel-day-sur-le-campus-metz""}]"
79640012,https://openagenda.com/culture/events/louise-nevelson-mrs-ns-palace,Louise Nevelson. Mrs. N's Palace,"Pour inaugurer l'année 2026, le Centre Pompidou-Metz rend hommage à l’univers de Louise Nevelson. Reconnue comme l’une des sculptrices majeures du XXe siècle, ses assemblages monochromes, noirs, ou…","Pour inaugurer l'année 2026, le Centre Pompidou-Metz rend hommage à l’univers de Louise Nevelson. Reconnue comme l’une des sculptrices majeures du XXe siècle, ses assemblages monochromes, noirs, blancs ou dorés témoignent d’une artiste dont l'héritage irrigue aujourd’hui aussi bien la jeune scène contemporaine que le monde de la mode.",Entrée libre et gratuite dans le cadre de la NEM 2026,,,"Samedi 23 mai, 18h00",2026-05-23 16:00:00+00:00,2026-05-23 21:59:00+00:00,"[{""begin"": ""2026-05-23T18:00:00+02:00"", ""end"": ""2026-05-23T23:59:00+02:00""}]",Centre Pompidou - Metz,"1 parvis des droits de l'homme, 57000 Metz, France",57000,Metz,Moselle,Grand Est,,,,"{""id"": 1, ""label"": {""fr"": ""Sur place"", ""en"": ""In situ"", ""it"": ""In presenza"", ""es"": ""Desconnectad"", ""de"": ""Offline"", ""br"": ""War al lec\u2019h"", ""io"": ""crwdns14266:0crwdne14266:0"", ""oc"": ""Sus pla\u00e7a"", ""nl"": ""Ter plaatse""}}",,
47893381,https://openagenda.com/culture/events/jardin-de-papier-975851,Jardin de papier,"Des bouquets de fougères, des ombelles d’angéliques, des campanules et leurs clochettes se balancent doucement à côté de graciles violettes, de roses délicates et de fraisiers aux feuilles ciselées. …","Des bouquets de fougères, des ombelles d’angéliques, des campanules et leurs clochettes se balancent doucement à côté de graciles violettes, de roses délicates et de fraisiers aux feuilles ciselées. Ce parterre de merveilles végétales se dresse sous nos yeux… en noir et blanc et en papier. La beauté des formes de chaque plante surprend le visiteur tandis que les lumières changeantes et une atmosphère sonore l’emmènent dans l’illusion qu’un jardin sans saisons frissonne au gré d’une brise légère. Ces dessins reprennent les gravures d’une encyclopédie botanique du XVIIIe siècle. Benoît Faivre et Tommy Laszlo les ont copiées et découpées pour les mettre en scène, grâce à leur technique simple et minutieuse pour « augmenter » le papier. Ce tableau vivant fragile et éphémère invite à la contemplation, à l’émerveillement devant la nature et une œuvre pleine de sensibilité d’un scientifique des Lumières. https://ciebandepassante.fr/creation/jardin-de-papier/ Conception et réalisation : Benoît Faivre et Tommy Laszlo Création sonore : Gabriel Fabing et Benoît Faivre Création lumière et mécanismes : David Gallaire",,,,5 - 7 juin,2026-06-05 12:00:00+00:00,2026-06-07 16:00:00+00:00,"[{""begin"": ""2026-06-05T14:00:00+02:00"", ""end"": ""2026-06-05T18:00:00+02:00""}, {""begin"": ""2026-06-06T14:00:00+02:00"", ""end"": ""2026-06-06T18:00:00+02:00""}, {""begin"": ""2026-06-07T14:00:00+02:00"", ""end"": ""2026-06-07T18:00:00+02:00""}]",Église Saint-Vincent,"Rue Saint-Vincent, 57000 Metz, France",57000,Metz,Moselle,Grand Est,,,,"{""id"": 1, ""label"": {""fr"": ""Sur place"", ""en"": ""In situ"", ""it"": ""In presenza"", ""es"": ""Desconnectad"", ""de"": ""Offline"", ""br"": ""War al lec\u2019h"", ""io"": ""crwdns14266:0crwdne14266:0"", ""oc"": ""Sus pla\u00e7a"", ""nl"": ""Ter plaatse""}}",,
91521757,https://openagenda.com/saison-mediterranee-2026/events/nenna-2473743,Nenna,"**Une poignée de semoule pour remonter le fil d’une histoire intime entre France et Algérie. Seule en scène et les mains dans la pâte, Morgane Audoin vous entraîne dans une quête culinaire riche de …","Une poignée de semoule pour remonter le fil d’une histoire intime entre France et Algérie. Seule en scène et les mains dans la pâte, Morgane Audoin vous entraîne dans une quête culinaire riche de saveurs et de souvenirs ! Avec NENNA (« mamie » en arabe algérien), Morgane Audoin part sur les traces d’un héritage familial à travers une quête simple et universelle : retrouver la recette idéale des msemens, ces galettes préparées par sa grand-mère dans son enfance. De souvenirs en indices — grains de semoule, noms, dates — se dessine un récit entre France et Algérie, marqué par des fragments d’histoires de guerre, d’indépendance et d’immigration. Au fil de la déambulation, NENNA tisse le passé et le présent, la transmission et le partage, et célèbre le moment où la mémoire se mêle au geste, une poignée de semoule dans la main. Dans le cadre de Passages Transfestival - édition 2026 Nouveaux Rivages du 14 au 28 mai à Metz","Gratuit, rdv au village du Transfestival au début de l'Esplanade",,,"Samedi 23 mai, 17h00",2026-05-23 15:00:00+00:00,2026-05-23 16:00:00+00:00,"[{""begin"": ""2026-05-23T17:00:00+02:00"", ""end"": ""2026-05-23T18:00:00+02:00""}]",Esplanade Metz,Promenade de l'esplanade Metz,57000,Metz,Moselle,Grand Est,,,,"{""id"": 1, ""label"": {""fr"": ""Sur place""}}",,
19938895,https://openagenda.com/solutionscse/events/votre-guide-mementocse-2025-2026-offert-6601704,Votre guide MementoCSE 2025-2026 OFFERT,"Nous vous offrons* un exemplaire du MémentoCSE 2025-2026, le guide pratique CSE -DS/RS - COS/CAS.  Valeur 39 €  *dans la limite des stocks disponibles",,,,,5 et 6 mars,2026-03-05 08:00:00+00:00,2026-03-06 16:00:00+00:00,"[{""begin"": ""2026-03-05T09:00:00+01:00"", ""end"": ""2026-03-05T17:00:00+01:00""}, {""begin"": ""2026-03-06T09:00:00+01:00"", ""end"": ""2026-03-06T17:00:00+01:00""}]",Metz - Centre de convention du technopôle,Rue de la grange aux Bois 57072 Metz,57072,Metz,Moselle,Grand Est,,,,"{""id"": 1, ""label"": {""fr"": ""Sur place"", ""en"": ""In situ"", ""it"": ""In presenza"", ""es"": ""Desconnectad"", ""de"": ""Offline"", ""br"": ""War al lec\u2019h"", ""io"": ""crwdns14266:0crwdne14266:0"", ""oc"": ""Sus pla\u00e7a"", ""nl"": ""Ter plaatse""}}",,
2015830,https://openagenda.com/repaircafe/events/repair-cefe,Atelier d'auto-réparation (repair-café),Réparation gratuite des objets qui nous sont nous apportés,"Dans le cadre des JNR 2025, venez au Graoulab ! Nous vous accueillons pour vous aider à réparer vos appareils d'électroménager au lieu de les jeter. Et si vous n'avez rien à faire réparer, vous pouvez toujours venir échanger avec nos réparateurs bénévoles autour d'un café sur leurs parcours autour de la réparation.",Entrée libre si possible avec un objet de la maison en panne,['électroménager'],,"Jeudi 16 octobre 2025, 14h00",2025-10-16 12:00:00+00:00,2025-10-16 15:00:00+00:00,"[{""begin"": ""2025-10-16T14:00:00+02:00"", ""end"": ""2025-10-16T17:00:00+02:00""}]",GRAOULAB,Ile du Saulcy,57045,Metz,Moselle,Grand Est,,,,"{""id"": 1, ""label"": {""fr"": ""Sur place"", ""en"": ""In situ"", ""it"": ""In presenza"", ""es"": ""Desconnectad"", ""de"": ""Offline"", ""br"": ""War al lec\u2019h"", ""io"": ""crwdns14266:0crwdne14266:0"", ""oc"": ""Sus pla\u00e7a"", ""nl"": ""Ter plaatse""}}",,
38407011,https://openagenda.com/francetravail/events/envie-de-changement-essayez-le-metier-de-conseiller-clientele-3839250,Envie de Changement ? Essayez le Métier de Conseiller Clientèle !,"À la suite d'une réunion d'information collective prévue le 16 septembre, vous pouvez rencontrer l'employeur et candidater à l'offre. Les missions d'un(e) conseiller(e) clientèle dans un centre de...","À la suite d'une réunion d'information collective prévue le 16 septembre, vous pouvez rencontrer l'employeur et candidater à l'offre. Les missions d'un(e) conseiller(e) clientèle dans un centre de contact incluent l'intégration dans une équipe solidaire, le traitement des demandes clients par téléphone, tchat, mail ou courrier, l'analyse des besoins des clients pour proposer des solutions adaptées et des services additionnels, la mise à jour des dossiers clients et l'assurance de leur satisfaction. Une formation de 1 à 3 semaines est prévue pour apprendre le métier et se familiariser avec les produits et services. Les horaires de travail sont de lundi à samedi, avec un planning variable et la possibilité de télétravail après 3 mois. Nous vous attendons le mardi 16/09/2025 à 14h00 au sein l'entreprise COMetz Merci de venir avec un CV à jour",,"[""Réunion d'information"", '1 jeune  1 solution', 'Recrutement', 'Tout public', 'Temps complet', 'CDI', 'Formation assurée', ""Opportunité d'emploi"", 'en physique']",,"Mardi 16 septembre 2025, 14h00",2025-09-16 12:00:00+00:00,2025-09-16 14:00:00+00:00,"[{""begin"": ""2025-09-16T14:00:00+02:00"", ""end"": ""2025-09-16T16:00:00+02:00""}]",Agence METZ BLIDA,57050 Metz,57004,Metz,Moselle,Grand Est,,,,"{""id"": 1, ""label"": {""fr"": ""Sur place"", ""en"": ""In situ"", ""it"": ""In presenza"", ""es"": ""Desconnectad"", ""de"": ""Offline"", ""br"": ""War al lec\u2019h"", ""io"": ""crwdns14266:0crwdne14266:0"", ""oc"": ""Sus pla\u00e7a"", ""nl"": ""Ter plaatse""}}",,"[{""type"": ""link"", ""value"": ""https://mesevenementsemploi.francetravail.fr/mes-evenements-emploi/evenement/481239""}]"
43636421,https://openagenda.com/francetravail/events/boostez-votre-carriere-avec-la-vae-hybride-obtenez-le-diplome-detat-daide-soignant-3255668,Boostez votre carrière avec la VAE Hybride : Obtenez le Diplôme d'État d'Aide-Soignant !,Participez à notre information collective dédiée à la VAE hybride pour obtenir le Diplôme d'État d'Aide-Soignant. Cet événement s'adresse aux demandeurs d'emploi et salariés ayant une expérience dans,"Participez à notre information collective dédiée à la VAE hybride pour obtenir le Diplôme d'État d'Aide-Soignant. Cet événement s'adresse aux demandeurs d'emploi et salariés ayant une expérience dans le domaine du service à la personne. Que vous soyez auxiliaire de vie, aide à domicile, agent de service médico-social ou aide à la personne, cet événement est fait pour vous.L'objectif est de mixer votre expérience professionnelle avec des cours théoriques pour vous permettre de présenter la certif",,"['1 jeune  1 solution', ""Les métiers de l'humain"", 'Découverte formation', 'Marché du travail', ""S'informer""]",,"Mardi 16 septembre 2025, 09h00",2025-09-16 07:00:00+00:00,2025-09-16 09:00:00+00:00,"[{""begin"": ""2025-09-16T09:00:00+02:00"", ""end"": ""2025-09-16T11:00:00+02:00""}]",Agence METZ GARE,57000 Metz,57000,Metz,Moselle,Grand Est,,,,"{""id"": 1, ""label"": {""fr"": ""Sur place"", ""en"": ""In situ"", ""it"": ""In presenza"", ""es"": ""Desconnectad"", ""de"": ""Offline"", ""br"": ""War al lec\u2019h"", ""io"": ""crwdns14266:0crwdne14266:0"", ""oc"": ""Sus pla\u00e7a"", ""nl"": ""Ter plaatse""}}",,"[{""type"": ""link"", ""value"": ""https://mesevenementsemploi.francetravail.fr/mes-evenements-emploi/evenement/469660""}]"
19433041,https://openagenda.com/biblis-en-folie-2025/events/plonge-dans-le-cabinet-de-curiosites,Plonge dans le cabinet de curiosités !,ESCAPE GAME,"ESCAPE GAME Des artefacts anciens, des reliques énigmatiques, des créatures insolites ou encore des machines mystérieuses t'attendent pour cette aventure hors du commun. Tu devras observer, déchiffrer et résoudre des énigmes. Mais attention, le temps est compté ! Es-tu prêt à relever le défi et à percer les mystères de ce lieu fascinant ?",Ados dès 12 ans,,,"Vendredi 3 octobre 2025, 14h00",2025-10-03 12:00:00+00:00,2025-10-03 15:30:00+00:00,"[{""begin"": ""2025-10-03T14:00:00+02:00"", ""end"": ""2025-10-03T17:30:00+02:00""}]",Médiathèque Verlaine,1 cour Elie-Fleur 57000 Metz,57000,Metz,Moselle,Grand Est,,,,"{""id"": 1, ""label"": {""fr"": ""Sur place"", ""en"": ""In situ"", ""it"": ""In presenza"", ""es"": ""Desconnectad"", ""de"": ""Offline"", ""br"": ""War al lec\u2019h"", ""io"": ""crwdns14266:0crwdne14266:0"", ""oc"": ""Sus pla\u00e7a"", ""nl"": ""Ter plaatse""}}",,"[{""type"": ""email"", ""value"": ""servicesauxpublics@mairie-metz.fr""}]"
17940785,https://openagenda.com/biblis-en-folie-2025/events/atelier-de-fabrication-de-produits-menagers-6012296,Atelier de fabrication de produits ménagers,Avec l'association Atelier 17.91,"Avec l'association Atelier 17.91 Cet atelier permet de découvrir la création de produits ménagers naturels en alliant développement durable et économies. C’est l’occasion d’être sensibilisé aux dangers des produits nocifs, mais également d’apprendre à consommer de manière plus responsable.",Adultes et ados dès 15 ans,,,"Samedi 4 octobre 2025, 14h30",2025-10-04 12:30:00+00:00,2025-10-04 14:30:00+00:00,"[{""begin"": ""2025-10-04T14:30:00+02:00"", ""end"": ""2025-10-04T16:30:00+02:00""}]",Médiathèque Agora,4 rue Théodore de Gargan 57050 Metz,57050,Metz,Moselle,Grand Est,,,,"{""id"": 1, ""label"": {""fr"": ""Sur place"", ""en"": ""In situ"", ""it"": ""In presenza"", ""es"": ""Desconnectad"", ""de"": ""Offline"", ""br"": ""War al lec\u2019h"", ""io"": ""crwdns14266:0crwdne14266:0"", ""oc"": ""Sus pla\u00e7a"", ""nl"": ""Ter plaatse""}}",,"[{""type"": ""email"", ""value"": ""servicesauxpublics@mairie-metz.fr""}]"
54803073,https://openagenda.com/francetravail/events/la-plateforme-lidl-recrute-des-preparateurs-de-commandes-hf-en-cdi-a-la-plateforme-regionale-2222696,La plateforme LIDL recrute des préparateurs de commandes H/F en CDI à la plateforme régionale,Session de recrutement pour le poste de préparateur de commandes H/F pour la plateforme régionale LIDL de Montoy Flanville en présence de l'employeur (missions et conditions de travail) via la méthode,"Session de recrutement pour le poste de préparateur de commandes H/F pour la plateforme régionale LIDL de Montoy Flanville en présence de l'employeur (missions et conditions de travail) via la méthode de recrutement MRS (recrutement par simulation). Le responsable de la plateforme logistique ainsi que des collaborateurs vous présenteront l'entreprise, le site et les postes à pourvoir et ensuite, l'équipe MRS vous détaillera les modalités de recrutement.",,"['#TousMobilisés', 'Méthode de Recrutement par Simulation', 'Recrutement']",,"Lundi 18 mai, 09h00",2026-05-18 07:00:00+00:00,2026-05-18 09:00:00+00:00,"[{""begin"": ""2026-05-18T09:00:00+02:00"", ""end"": ""2026-05-18T11:00:00+02:00""}]",Agence METZ SEBASTOPOL,57070 Metz,57070,Metz,Moselle,Grand Est,,,,"{""id"": 1, ""label"": {""fr"": ""Sur place"", ""en"": ""In situ"", ""it"": ""In presenza"", ""es"": ""Desconnectad"", ""de"": ""Offline"", ""br"": ""War al lec\u2019h"", ""io"": ""crwdns14266:0crwdne14266:0"", ""oc"": ""Sus pla\u00e7a"", ""nl"": ""Ter plaatse""}}",,"[{""type"": ""link"", ""value"": ""https://mesevenementsemploi.francetravail.fr/mes-evenements-emploi/evenement/639111""}]"
53391689,https://openagenda.com/francetravail/events/reunion-dinformation-sur-le-dispositif-contrat-de-securisation-professionnelle-csp-1305309,Réunion d'information sur le dispositif contrat de Sécurisation Professionnelle - CSP,Réunion d'information sur le dispositif contrat de sécurisation professionnelle*.,"Réunion d'information sur le dispositif contrat de sécurisation professionnelle*. Vous êtes concerné(e) par un licenciement économique et votre employeur vous propose d'adhérer au contrat de sécurisation professionnelle (CSP) ? Pour connaître les avantages du dispositif, les détails en matière d'indemnisation et exercer votre choix de manière éclairée, participez à cette réunion d'information. *Réservée exclusivement aux salariés en procédure de licenciement économique. Durée 1h30",,['Information sur licenciement économique'],,"Jeudi 22 janvier, 09h00",2026-01-22 08:00:00+00:00,2026-01-22 10:00:00+00:00,"[{""begin"": ""2026-01-22T09:00:00+01:00"", ""end"": ""2026-01-22T11:00:00+01:00""}]",Agence METZ BLIDA,57000 Metz,57014,Metz,Moselle,Grand Est,,,,"{""id"": 1, ""label"": {""fr"": ""Sur place"", ""en"": ""In situ"", ""it"": ""In presenza"", ""es"": ""Desconnectad"", ""de"": ""Offline"", ""br"": ""War al lec\u2019h"", ""io"": ""crwdns14266:0crwdne14266:0"", ""oc"": ""Sus pla\u00e7a"", ""nl"": ""Ter plaatse""}}",,"[{""type"": ""link"", ""value"": ""https://mesevenementsemploi.francetravail.fr/mes-evenements-emploi/evenement/560148""}]"
26757831,https://openagenda.com/culture/events/visite-libre-atelier-gravure-la-bottega,Découvrez l'art de la gravure,"Explorez l'art de la gravure en taille-douce et taille d'épargne lors d'une exposition, et assistez à des démonstrations en direct pour en apprendre davantage sur ces techniques artistiques.","Explorez l'art de la gravure en taille-douce et taille d'épargne lors d'une exposition, et assistez à des démonstrations en direct pour en apprendre davantage sur ces techniques artistiques.",Gratuit,,,20 et 21 septembre,2025-09-20 09:00:00+00:00,2025-09-21 16:00:00+00:00,"[{""begin"": ""2025-09-20T11:00:00+02:00"", ""end"": ""2025-09-20T13:00:00+02:00""}, {""begin"": ""2025-09-20T14:00:00+02:00"", ""end"": ""2025-09-20T18:00:00+02:00""}, {""begin"": ""2025-09-21T11:00:00+02:00"", ""end"": ""2025-09-21T13:00:00+02:00""}, {""begin"": ""2025-09-21T14:00:00+02:00"", ""end"": ""2025-09-21T18:00:00+02:00""}]",La Bottega,"20 rue Taison, Metz 57000",57000,Metz,Moselle,Grand Est,"['handicap psychique', 'handicap intellectuel', 'handicap auditif', 'handicap moteur']",,,"{""id"": 1, ""label"": {""fr"": ""Sur place"", ""en"": ""In situ"", ""it"": ""In presenza"", ""es"": ""Desconnectad"", ""de"": ""Offline"", ""br"": ""War al lec\u2019h"", ""io"": ""crwdns14266:0crwdne14266:0"", ""oc"": ""Sus pla\u00e7a""}}",,
40551306,https://openagenda.com/francetravail/events/devenir-technicien-hf-de-maintenance-en-automatisme-via-la-formation-preparation-operationnelle-a-lemploi-1595552,DEVENIR TECHNICIEN (H/F) DE MAINTENANCE EN AUTOMATISME VIA LA FORMATION (Préparation Opérationnelle à l'emploi),"""Boostez Votre Avenir: Formation en Maintenance Automatisme"" suivie d'un contrat de Travail au sein de la société "" E MOTORS"" à Tremery - Une Formation de Préparation Opérationnelle à l'emploi (POE) d","""Boostez Votre Avenir: Formation en Maintenance Automatisme"" suivie d'un contrat de Travail au sein de la société "" E MOTORS"" à Tremery - Une Formation de Préparation Opérationnelle à l'emploi (POE) de 231 heures, avec l'AFPA de Metz, vous est proposée pour occuper le poste de Technicien de Maintenance en Automatisme, pour maitriser les systèmes automatisées et sera suivie d'un contrat de travail.Vous avez des fortes appétences en informatiques, et vous avez des connaissances en Electrotechnique",,"['1 jour', '1 formation', '#TousMobilisés', 'Découverte formation', ""S'informer"", 'Recrutement']",,"Mercredi 3 septembre, 13h30",2025-09-03 11:30:00+00:00,2025-09-03 14:30:00+00:00,"[{""begin"": ""2025-09-03T13:30:00+02:00"", ""end"": ""2025-09-03T16:30:00+02:00""}]",Agence METZ BLIDA,57000 Metz,57014,Metz,Moselle,Grand Est,,,,"{""id"": 1, ""label"": {""fr"": ""Sur place"", ""en"": ""In situ"", ""it"": ""In presenza"", ""es"": ""Desconnectad"", ""de"": ""Offline"", ""br"": ""War al lec\u2019h"", ""io"": ""crwdns14266:0crwdne14266:0"", ""oc"": ""Sus pla\u00e7a""}}",,"[{""type"": ""link"", ""value"": ""https://mesevenementsemploi.francetravail.fr/mes-evenements-emploi/evenement/481748""}]"
92633538,https://openagenda.com/culture/events/visite-libre-bibliotheques-mediatheques-de-metz-lagora,Découvrez une architecture exceptionnelle,"Découvrez un édifice à la qualité architecturale exceptionnelle, possédant une véritable signature visuelle, tout en disposant d'espaces propices à l'échange et au vivre-ensemble.","Découvrez un édifice à la qualité architecturale exceptionnelle, possédant une véritable signature visuelle, tout en disposant d'espaces propices à l'échange et au vivre-ensemble.",,,,"Samedi 20 septembre 2025, 10h00",2025-09-20 08:00:00+00:00,2025-09-20 16:00:00+00:00,"[{""begin"": ""2025-09-20T10:00:00+02:00"", ""end"": ""2025-09-20T18:00:00+02:00""}]",Médiathèque de l'Agora,"4 rue Théodore de Gargan, 57050 Metz",57004,Metz,Moselle,Grand Est,,,,"{""id"": 1, ""label"": {""fr"": ""Sur place"", ""en"": ""In situ"", ""it"": ""In presenza"", ""es"": ""Desconnectad"", ""de"": ""Offline"", ""br"": ""War al lec\u2019h"", ""io"": ""crwdns14266:0crwdne14266:0"", ""oc"": ""Sus pla\u00e7a""}}",,
44762557,https://openagenda.com/culture/events/sourions-enfants-de-la-patrie,Sourions... Enfants de la Patrie !,"La palais accueille cette année une exposition sur le thème du sourire comme signe de fraternité d’armes. Appelé également esprit d’équipage dans la Marine nationale, il rassemble les hommes et les :…","La palais accueille cette année une exposition sur le thème du sourire comme signe de fraternité d’armes. Appelé également esprit d’équipage dans la Marine nationale, il rassemble les hommes et les femmes des trois armées, quel que soit leur grade, dans un but unique : montrer à tous qu’au-delà des difficultés de la vie militaire, de la rudesse des conditions de vie en campagne ou de la promiscuité sur un bâtiment, la cohésion est la clé de la réussite « pour le plus grand succès des armes de la France ».",,,,20 et 21 septembre 2025,2025-09-20 08:00:00+00:00,2025-09-21 16:00:00+00:00,"[{""begin"": ""2025-09-20T10:00:00+02:00"", ""end"": ""2025-09-20T18:00:00+02:00""}, {""begin"": ""2025-09-21T10:00:00+02:00"", ""end"": ""2025-09-21T18:00:00+02:00""}]",Palais du Gouverneur,"9 rue de la Citadelle, 57000 Metz",57045,Metz,Moselle,Grand Est,,,,"{""id"": 1, ""label"": {""fr"": ""Sur place"", ""en"": ""In situ"", ""it"": ""In presenza"", ""es"": ""Desconnectad"", ""de"": ""Offline"", ""br"": ""War al lec\u2019h"", ""io"": ""crwdns14266:0crwdne14266:0"", ""oc"": ""Sus pla\u00e7a""}}",,
63900505,https://openagenda.com/culture/events/visite-libre-eglise-saint-martin-magny,Découvrez une ancienne chapelle romane,Venez découvrir l'église Sain-Martin qui n'était à l'origine qu'une simple chapelle romane.,Venez découvrir l'église Sain-Martin qui n'était à l'origine qu'une simple chapelle romane.,,,,20 et 21 septembre 2025,2025-09-20 08:00:00+00:00,2025-09-21 17:00:00+00:00,"[{""begin"": ""2025-09-20T10:00:00+02:00"", ""end"": ""2025-09-20T19:00:00+02:00""}, {""begin"": ""2025-09-21T10:00:00+02:00"", ""end"": ""2025-09-21T19:00:00+02:00""}]",Église Saint-Martin,"Place Saint-Roch, 57000 Metz-Magny",57000,Metz,Moselle,Grand Est,,,,"{""id"": 1, ""label"": {""fr"": ""Sur place"", ""en"": ""In situ"", ""it"": ""In presenza"", ""es"": ""Desconnectad"", ""de"": ""Offline"", ""br"": ""War al lec\u2019h"", ""io"": ""crwdns14266:0crwdne14266:0"", ""oc"": ""Sus pla\u00e7a""}}",,
66559294,https://openagenda.com/culture/events/loeil-shaman-9953599,"Exposition : ""L'Œil shaman""","Mina Mond, artiste peintre renommée, expose ses œuvres audacieuses au sein du Temple Neuf.","Mina Mond, artiste peintre renommée, expose ses œuvres audacieuses au sein du Temple Neuf.",,,,20 et 21 septembre 2025,2025-09-20 07:00:00+00:00,2025-09-21 17:00:00+00:00,"[{""begin"": ""2025-09-20T09:00:00+02:00"", ""end"": ""2025-09-20T19:00:00+02:00""}, {""begin"": ""2025-09-21T14:00:00+02:00"", ""end"": ""2025-09-21T19:00:00+02:00""}]",Temple Neuf,"Place de la Comédie, 57000 Metz",57000,Metz,Moselle,Grand Est,,,,"{""id"": 1, ""label"": {""fr"": ""Sur place"", ""en"": ""In situ"", ""it"": ""In presenza"", ""es"": ""Desconnectad"", ""de"": ""Offline"", ""br"": ""War al lec\u2019h"", ""io"": ""crwdns14266:0crwdne14266:0"", ""oc"": ""Sus pla\u00e7a""}}",,
82356995,https://openagenda.com/francetravail/events/atelier-cv-abonnement-aux-offres-carte-de-visite-6305879,ATELIER CV / ABONNEMENT AUX OFFRES/ CARTE DE VISITE .........,ATELIER CV / ABONNEMENT AUX OFFRES/ CARTE DE VISITE .........,ATELIER CV / ABONNEMENT AUX OFFRES/ CARTE DE VISITE ......... Il s'agit d'un accompagnement personnalisé d'une heure avec un agent volontaire service civique permettant de créer mettre à jour votre CV de rendre votre profil visible pour les employeurs et de découvrir les potentialités de votre espace personnel,,['Les outils du numérique'],,"Lundi 24 août, 14h00",2026-08-24 12:00:00+00:00,2026-08-24 13:00:00+00:00,"[{""begin"": ""2026-08-24T14:00:00+02:00"", ""end"": ""2026-08-24T15:00:00+02:00""}]",Agence METZ BLIDA,57000 Metz,57014,Metz,Moselle,Grand Est,,,,"{""id"": 1, ""label"": {""fr"": ""Sur place"", ""en"": ""In situ"", ""it"": ""In presenza"", ""es"": ""Desconnectad"", ""de"": ""Offline"", ""br"": ""War al lec\u2019h"", ""io"": ""crwdns14266:0crwdne14266:0"", ""oc"": ""Sus pla\u00e7a"", ""nl"": ""Ter plaatse""}}",,"[{""type"": ""link"", ""value"": ""https://mesevenementsemploi.francetravail.fr/mes-evenements-emploi/evenement/726630""}]"
83380905,https://openagenda.com/francetravail/events/prestation-parcours-insertion-primo-arrivants,"Prestation ""parcours insertion primo-arrivants""",Prestation d'accompagnement animée par l'APEF : Public concerné : Personnes primo-arrivantes ayant signé un Contrat d'Intégration Républicaine (CIR).,Prestation d'accompagnement animée par l'APEF : Public concerné : Personnes primo-arrivantes ayant signé un Contrat d'Intégration Républicaine (CIR). Durée 3 mois à temps partiel à compter du 05/10/26 Contenu de la prestation : Apprentissage du français. Travail sur le projet professionnel. Réalisation du CV. Périodes d'immersion en milieu professionnel.,,"['Parcours d intégration', 'Insertion']",,"Vendredi 18 septembre, 09h00",2026-09-18 07:00:00+00:00,2026-09-18 10:00:00+00:00,"[{""begin"": ""2026-09-18T09:00:00+02:00"", ""end"": ""2026-09-18T12:00:00+02:00""}]",Agence METZ GARE,57000 Metz,57000,Metz,Moselle,Grand Est,,,,"{""id"": 1, ""label"": {""fr"": ""Sur place"", ""en"": ""In situ"", ""it"": ""In presenza"", ""es"": ""Desconnectad"", ""de"": ""Offline"", ""br"": ""War al lec\u2019h"", ""io"": ""crwdns14266:0crwdne14266:0"", ""oc"": ""Sus pla\u00e7a"", ""nl"": ""Ter plaatse""}}",,"[{""type"": ""link"", ""value"": ""https://mesevenementsemploi.francetravail.fr/mes-evenements-emploi/evenement/726108""}]"
69198677,https://openagenda.com/culture/events/visite-libre-de-latelier-la-bottega-2769721,Visite libre de l'Atelier La Bottega,Atelier de gravure,"Atelier de gravure. Présentation des techniques de taille-douce et taille d'épargne. Exposition des travaux de Christelle André, Aline Irroy, Luljeta Meco. Exposition de la collection privée de Patricia Gérardin qui a accueilli pendant 20 ans les oeuvres de 120 artistes en lien avec le Carrefour des Arts.",,,,19 et 20 septembre,2026-09-19 09:00:00+00:00,2026-09-20 16:00:00+00:00,"[{""begin"": ""2026-09-19T11:00:00+02:00"", ""end"": ""2026-09-19T13:00:00+02:00""}, {""begin"": ""2026-09-19T14:00:00+02:00"", ""end"": ""2026-09-19T18:00:00+02:00""}, {""begin"": ""2026-09-20T11:00:00+02:00"", ""end"": ""2026-09-20T13:00:00+02:00""}, {""begin"": ""2026-09-20T14:00:00+02:00"", ""end"": ""2026-09-20T18:00:00+02:00""}]",La Bottega,"20 rue Taison, Metz 57000",57000,Metz,Moselle,Grand Est,"['handicap moteur', 'handicap psychique', 'handicap auditif', 'handicap intellectuel']",,,"{""id"": 1, ""label"": {""fr"": ""Sur place"", ""en"": ""In situ"", ""it"": ""In presenza"", ""es"": ""Desconnectad"", ""de"": ""Offline"", ""br"": ""War al lec\u2019h"", ""io"": ""crwdns14266:0crwdne14266:0"", ""oc"": ""Sus pla\u00e7a"", ""nl"": ""Ter plaatse""}}",,
88645160,https://openagenda.com/saison-mediterranee-2026/events/language-no-broblem,Language : no broblem,"**Entre arabe palestinien, hébreu, néerlandais et anglais, Marah Haj Hussein fait de la scène un espace où les langues se rencontrent, se confrontent, où elles deviennent un enjeu de pouvoir mais de …","Entre arabe palestinien, hébreu, néerlandais et anglais, Marah Haj Hussein fait de la scène un espace où les langues se rencontrent, se confrontent, où elles deviennent un enjeu de pouvoir mais surtout de mémoire et de résistance. Dans Language: no broblem, Marah Haj Hussein explore ce que signifie vivre et penser à travers plusieurs langues. À partir d’un voyage en train en Belgique, le récit glisse vers l’intimité de sa famille restée en Palestine sous occupation. Voix enregistrées, récits, sons et images composent une performance où se révèlent les dynamiques de pouvoir entre langues. L’arabe palestinien dialogue avec l’hébreu, langue de l’État, révélant le colonialisme silencieux qui, génération après génération, impose la langue du pouvoir. Peu à peu, la scène montre comment les langues s’influencent, se déplacent et se transforment sous l’effet de l’histoire et de la politique. Entre humour, colère, amour et absurdité, la performance embrasse aussi les limites de la traduction — ces endroits où la langue résiste — pour continuer à imaginer des formes de résistance. Dans le cadre de Passages Transfestival - édition 26 Nouveaux Rivages du 14 au 28 mai à Metz","5 à 22€, dès 12 ans. Multilingue, surtitré en français",,,"Dimanche 24 mai, 18h00",2026-05-24 16:00:00+00:00,2026-05-24 17:10:00+00:00,"[{""begin"": ""2026-05-24T18:00:00+02:00"", ""end"": ""2026-05-24T19:10:00+02:00""}]",Arsenal Jean-Marie Rausch Metz,avenue Ney Metz,57000,Metz,Moselle,Grand Est,,,,"{""id"": 1, ""label"": {""fr"": ""Sur place""}}",,
96662290,https://openagenda.com/culture/events/visite-libre-des-jardins-de-plantes-medicinales-et-des-plantes-toxiques-du-cloitre-des-recollets-a-metz,Visite libre des jardins de plantes médicinales et des plantes toxiques du cloître des Récollets à Metz,"Visite libre, sans réservation, du cloître et de ses jardins de plantes médicinales et de plantes toxiques.","Visite libre, sans réservation, du cloître et de ses jardins de plantes médicinales et de plantes toxiques.",,,,19 et 20 septembre,2026-09-19 07:00:00+00:00,2026-09-20 16:00:00+00:00,"[{""begin"": ""2026-09-19T09:00:00+02:00"", ""end"": ""2026-09-19T18:00:00+02:00""}, {""begin"": ""2026-09-20T09:00:00+02:00"", ""end"": ""2026-09-20T18:00:00+02:00""}]",Couvent des Récollets,"1 Rue des Récollets, 57000 Metz, France",57000,Metz,Moselle,Grand Est,['handicap moteur'],,,"{""id"": 1, ""label"": {""fr"": ""Sur place"", ""en"": ""In situ"", ""it"": ""In presenza"", ""es"": ""Desconnectad"", ""de"": ""Offline"", ""br"": ""War al lec\u2019h"", ""io"": ""crwdns14266:0crwdne14266:0"", ""oc"": ""Sus pla\u00e7a"", ""nl"": ""Ter plaatse""}}",,
51612948,https://openagenda.com/culture/events/jep-palais-de-justice-de-metz-19-septembre-2026-visites-guidees,Visite guidée du Palais de Justice de Metz,"Le Palais de Justice est un bâtiment public qui abrite le tribunal judiciaire et la cour d'appel de Metz. Lieu emblématique chargé d'histoire, il est situé au coeur de la ville de Metz.","Le Palais de Justice est un bâtiment public qui abrite le tribunal judiciaire et la cour d'appel de Metz. Lieu emblématique chargé d'histoire, il est situé au coeur de la ville de Metz. A l'occasion des Journées européennes du patrimoine, nous vous invitons à découvrir ce monument majestueux, qui témoigne de l'évolution de la Justice à travers les siècles. Plusieurs animations vous seront proposées, dont des visites guidées par des personnels Justice de 20 minutes environ, par groupe de 30 personnes maximum. Inscription sur internet.",Limité à 30 personnes,,,"Samedi 19 septembre, 10h00, 14h00",2026-09-19 08:00:00+00:00,2026-09-19 15:00:00+00:00,"[{""begin"": ""2026-09-19T10:00:00+02:00"", ""end"": ""2026-09-19T12:00:00+02:00""}, {""begin"": ""2026-09-19T14:00:00+02:00"", ""end"": ""2026-09-19T17:00:00+02:00""}]",Palais de Justice,"3 rue haute Pierre, 57000 Metz",57045,Metz,Moselle,Grand Est,,,,"{""id"": 1, ""label"": {""fr"": ""Sur place"", ""en"": ""In situ"", ""it"": ""In presenza"", ""es"": ""Desconnectad"", ""de"": ""Offline"", ""br"": ""War al lec\u2019h"", ""io"": ""crwdns14266:0crwdne14266:0"", ""oc"": ""Sus pla\u00e7a"", ""nl"": ""Ter plaatse""}}",,"[{""type"": ""link"", ""value"": ""https://my.weezevent.com/jep-palais-de-justice-de-metz-19-septembre-2026-visites-guidees-du-palais""}]"
34407564,https://openagenda.com/solutionscse/events/espace-detente-7449695,Espace détente,Espace détente avec luminothérapie et massage,Amma Solid'Est et Green Massage vous propose un instant de détente au sein du Salon CSE de Metz. Venez découvrir la luminothérapie et le massage Amma Assis.,,,,5 et 6 mars,2026-03-05 08:00:00+00:00,2026-03-06 16:00:00+00:00,"[{""begin"": ""2026-03-05T09:00:00+01:00"", ""end"": ""2026-03-05T17:00:00+01:00""}, {""begin"": ""2026-03-06T09:00:00+01:00"", ""end"": ""2026-03-06T17:00:00+01:00""}]",Metz - Centre de convention du technopôle,Rue de la grange aux Bois 57072 Metz,57072,Metz,Moselle,Grand Est,,,,"{""id"": 1, ""label"": {""fr"": ""Sur place"", ""en"": ""In situ"", ""it"": ""In presenza"", ""es"": ""Desconnectad"", ""de"": ""Offline"", ""br"": ""War al lec\u2019h"", ""io"": ""crwdns14266:0crwdne14266:0"", ""oc"": ""Sus pla\u00e7a"", ""nl"": ""Ter plaatse""}}",,
21715328,https://openagenda.com/maiavelo/events/balade-a-velo-9044724,Balade à vélo,Balade sportive ou en famille !,"Dans le cadre de l’opération nationale Mai à Vélo, nous vous proposons une balade conviviale et accessible à tous. Que vous soyez sportif confirmé ou amateur de sorties en famille, cet événement est l’occasion idéale de (re)découvrir le plaisir de pédaler ensemble. Au programme : un parcours adapté à différents niveaux, dans une ambiance détendue et bienveillante. L’objectif ? Promouvoir la mobilité douce, encourager l’activité physique et partager un moment convivial en plein air. En famille, entre collègues ou entre amis, rejoignez-nous pour faire de Mai à Vélo un temps fort sportif et solidaire !",,,,"Samedi 2 mai, 09h30",2026-05-02 07:30:00+00:00,2026-05-02 14:30:00+00:00,"[{""begin"": ""2026-05-02T09:30:00+02:00"", ""end"": ""2026-05-02T16:30:00+02:00""}]",Parc de la Seille,rue Louis le Débonnaire,57000,Metz,Moselle,Grand Est,,,,"{""id"": 1, ""label"": {""fr"": ""Sur place"", ""en"": ""In situ"", ""it"": ""In presenza"", ""es"": ""Desconnectad"", ""de"": ""Offline"", ""br"": ""War al lec\u2019h"", ""io"": ""crwdns14266:0crwdne14266:0"", ""oc"": ""Sus pla\u00e7a"", ""nl"": ""Ter plaatse""}}",,"[{""type"": ""email"", ""value"": ""communication.cpam-moselle@assurance-maladie.fr""}]"
39905883,https://openagenda.com/maiavelo/events/mai-a-velo-2026-8576755,Mai à Vélo 2026,Faites parcourir à votre communauté le plus de kilomètres au mois de mai ! Retrouvez tous les classements sur https://challenge-maiavelo.geovelo.fr/,,,['challenge-id=201486'],,1 - 31 mai,2026-04-30 22:00:00+00:00,2026-05-31 21:59:59+00:00,"[{""begin"": ""2026-05-01T00:00:00+02:00"", ""end"": ""2026-05-01T01:59:59+02:00""}, {""begin"": ""2026-05-01T02:00:00+02:00"", ""end"": ""2026-05-02T01:59:59+02:00""}, {""begin"": ""2026-05-02T02:00:00+02:00"", ""end"": ""2026-05-03T01:59:59+02:00""}, {""begin"": ""2026-05-03T02:00:00+02:00"", ""end"": ""2026-05-04T01:59:59+02:00""}, {""begin"": ""2026-05-04T02:00:00+02:00"", ""end"": ""2026-05-05T01:59:59+02:00""}, {""begin"": ""2026-05-05T02:00:00+02:00"", ""end"": ""2026-05-06T01:59:59+02:00""}, {""begin"": ""2026-05-06T02:00:00+02:00"", ""end"": ""2026-05-07T01:59:59+02:00""}, {""begin"": ""2026-05-07T02:00:00+02:00"", ""end"": ""2026-05-08T01:59:59+02:00""}, {""begin"": ""2026-05-08T02:00:00+02:00"", ""end"": ""2026-05-09T01:59:59+02:00""}, {""begin"": ""2026-05-09T02:00:00+02:00"", ""end"": ""2026-05-10T01:59:59+02:00""}, {""begin"": ""2026-05-10T02:00:00+02:00"", ""end"": ""2026-05-11T01:59:59+02:00""}, {""begin"": ""2026-05-11T02:00:00+02:00"", ""end"": ""2026-05-12T01:59:59+02:00""}, {""begin"": ""2026-05-12T02:00:00+02:00"", ""end"": ""2026-05-13T01:59:59+02:00""}, {""begin"": ""2026-05-13T02:00:00+02:00"", ""end"": ""2026-05-14T01:59:59+02:00""}, {""begin"": ""2026-05-14T02:00:00+02:00"", ""end"": ""2026-05-15T01:59:59+02:00""}, {""begin"": ""2026-05-15T02:00:00+02:00"", ""end"": ""2026-05-16T01:59:59+02:00""}, {""begin"": ""2026-05-16T02:00:00+02:00"", ""end"": ""2026-05-17T01:59:59+02:00""}, {""begin"": ""2026-05-17T02:00:00+02:00"", ""end"": ""2026-05-18T01:59:59+02:00""}, {""begin"": ""2026-05-18T02:00:00+02:00"", ""end"": ""2026-05-19T01:59:59+02:00""}, {""begin"": ""2026-05-19T02:00:00+02:00"", ""end"": ""2026-05-20T01:59:59+02:00""}, {""begin"": ""2026-05-20T02:00:00+02:00"", ""end"": ""2026-05-21T01:59:59+02:00""}, {""begin"": ""2026-05-21T02:00:00+02:00"", ""end"": ""2026-05-22T01:59:59+02:00""}, {""begin"": ""2026-05-22T02:00:00+02:00"", ""end"": ""2026-05-23T01:59:59+02:00""}, {""begin"": ""2026-05-23T02:00:00+02:00"", ""end"": ""2026-05-24T01:59:59+02:00""}, {""begin"": ""2026-05-24T02:00:00+02:00"", ""end"": ""2026-05-25T01:59:59+02:00""}, {""begin"": ""2026-05-25T02:00:00+02:00"", ""end"": ""2026-05-26T01:59:59+02:00""}, {""begin"": ""2026-05-26T02:00:00+02:00"", ""end"": ""2026-05-27T01:59:59+02:00""}, {""begin"": ""2026-05-27T02:00:00+02:00"", ""end"": ""2026-05-28T01:59:59+02:00""}, {""begin"": ""2026-05-28T02:00:00+02:00"", ""end"": ""2026-05-29T01:59:59+02:00""}, {""begin"": ""2026-05-29T02:00:00+02:00"", ""end"": ""2026-05-30T01:59:59+02:00""}, {""begin"": ""2026-05-30T02:00:00+02:00"", ""end"": ""2026-05-31T01:59:59+02:00""}, {""begin"": ""2026-05-31T02:00:00+02:00"", ""end"": ""2026-05-31T23:59:59+02:00""}]",CAF de la Moselle,"4 Boulevard du Pontiffroy, 57000 Metz",57014,Metz,Moselle,Grand Est,,,,"{""id"": 1, ""label"": {""fr"": ""Sur place"", ""en"": ""In situ"", ""it"": ""In presenza"", ""es"": ""Desconnectad"", ""de"": ""Offline"", ""br"": ""War al lec\u2019h"", ""io"": ""crwdns14266:0crwdne14266:0"", ""oc"": ""Sus pla\u00e7a"", ""nl"": ""Ter plaatse""}}",,"[{""type"": ""link"", ""value"": ""https://challenge-maiavelo.geovelo.fr/""}]"
50874528,https://openagenda.com/maiavelo/events/atelier-mobile-3981363,Atelier mobile,Atelier de réparation vélo et gravage,Cette action réalisée avec un partenaire associatif consiste en l'installation d'un atelier-mobile animé par deux techniciens qui réalisent des diagnostics vélos et de petites réparations.,,,,"Jeudi 21 mai, 12h00",2026-05-21 10:00:00+00:00,2026-05-21 12:00:00+00:00,"[{""begin"": ""2026-05-21T12:00:00+02:00"", ""end"": ""2026-05-21T14:00:00+02:00""}]",Cite administrative Metz,Rue du Chanoine Collin,57000,Metz,Moselle,Grand Est,,,,"{""id"": 1, ""label"": {""fr"": ""Sur place"", ""en"": ""In situ"", ""it"": ""In presenza"", ""es"": ""Desconnectad"", ""de"": ""Offline"", ""br"": ""War al lec\u2019h"", ""io"": ""crwdns14266:0crwdne14266:0"", ""oc"": ""Sus pla\u00e7a"", ""nl"": ""Ter plaatse""}}",,
88434150,https://openagenda.com/francetravail/events/cqp-de-negociateur-immobilier-3447513,CQP de négociateur immobilier,Vous êtes intéressé par le secteur immobilier? Ca tombe bien! Une formation pour obtenir le CQP négociateur immobilier est organisé du 17/11/25 au 12/02/26 à la CCI de Metz.,"Vous êtes intéressé par le secteur immobilier? Ca tombe bien! Une formation pour obtenir le CQP négociateur immobilier est organisé du 17/11/25 au 12/02/26 à la CCI de Metz. Au-delà du métier de négociateur immobilier, cette certification peut ouvrir vers d'autres fonctions comme la gestion locative ou la copropriété. Pour plus d'informations, inscrivez vous à la réunion d'information prévue dans les locaux de la CCI. Merci de venir avec un CV. Pré-requis nécessaires - Demandeurs d'emploi inscr",,"['Découverte formation', ""Aides à l'emploi"", 'Recrutement']",,"Mardi 4 novembre 2025, 14h00",2025-11-04 13:00:00+00:00,2025-11-04 16:30:00+00:00,"[{""begin"": ""2025-11-04T14:00:00+01:00"", ""end"": ""2025-11-04T17:30:00+01:00""}]",Agence METZ GARE,57070 Metz,57070,Metz,Moselle,Grand Est,,,,"{""id"": 1, ""label"": {""fr"": ""Sur place"", ""en"": ""In situ"", ""it"": ""In presenza"", ""es"": ""Desconnectad"", ""de"": ""Offline"", ""br"": ""War al lec\u2019h"", ""io"": ""crwdns14266:0crwdne14266:0"", ""oc"": ""Sus pla\u00e7a"", ""nl"": ""Ter plaatse""}}",,"[{""type"": ""link"", ""value"": ""https://mesevenementsemploi.francetravail.fr/mes-evenements-emploi/evenement/507157""}]"
51664011,https://openagenda.com/francetravail/events/lart-dacceder-a-lemploi-et-si-le-theatre-vous-aidait-dans-vos-demarches,L'Art d'Accéder à l'Emploi : et si le théâtre vous aidait dans vos démarches?,"Vous cherchez à développer votre confiance en vous, à améliorer vos entretiens d'embauche et à renforcer votre aisance relationnelle ?","Vous cherchez à développer votre confiance en vous, à améliorer vos entretiens d'embauche et à renforcer votre aisance relationnelle ? Et si le théâtre vous aidait à y parvenir de manière ludique et bienveillante ? France Travail vous invite à participer à ""L'Art d'Accéder à l'Emploi"", un atelier innovant animé par une troupe de théâtre professionnelle. Pendant une semaine, vous serez accompagné pour travailler sur vos compétences relationnelles et votre présentation, le tout dans une ambiance c",,"[""L'Art d'accéder à l'emploi"", ""S'informer""]",,"Mardi 19 mai, 14h00",2026-05-19 12:00:00+00:00,2026-05-19 13:00:00+00:00,"[{""begin"": ""2026-05-19T14:00:00+02:00"", ""end"": ""2026-05-19T15:00:00+02:00""}]",Agence METZ BLIDA,57000 Metz,57014,Metz,Moselle,Grand Est,,,,"{""id"": 1, ""label"": {""fr"": ""Sur place"", ""en"": ""In situ"", ""it"": ""In presenza"", ""es"": ""Desconnectad"", ""de"": ""Offline"", ""br"": ""War al lec\u2019h"", ""io"": ""crwdns14266:0crwdne14266:0"", ""oc"": ""Sus pla\u00e7a"", ""nl"": ""Ter plaatse""}}",,"[{""type"": ""link"", ""value"": ""https://mesevenementsemploi.francetravail.fr/mes-evenements-emploi/evenement/644711""}]"
24463567,https://openagenda.com/francetravail/events/decouverte-metier-agent-de-securite,"Découverte métier ""Agent de sécurité""",Matinée de découverte du métier d'agent de sécurité Assistez à une présentation et échangez avec un organisme de formation et un employeur du secteur sur le métier d'agent de sécurité.,"Matinée de découverte du métier d'agent de sécurité Assistez à une présentation et échangez avec un organisme de formation et un employeur du secteur sur le métier d'agent de sécurité. Découvrez les entreprises qui recrutent ainsi que les dispositifs d'aide à la formation, présentés par des conseillers France Travail. Matinée de découverte du métier d'agent de sécurité Assistez à une présentation et échangez avec un organisme de formation un employeur du secteur sur le métier d'agent de sécurit",,"['Métiers de la défense et de la sécurité publique', '#TousMobilisés', 'Découverte secteur / métier']",,"Mardi 2 juin, 09h00",2026-06-02 07:00:00+00:00,2026-06-02 09:00:00+00:00,"[{""begin"": ""2026-06-02T09:00:00+02:00"", ""end"": ""2026-06-02T11:00:00+02:00""}]",Agence METZ BLIDA,57000 Metz,57014,Metz,Moselle,Grand Est,,,,"{""id"": 1, ""label"": {""fr"": ""Sur place"", ""en"": ""In situ"", ""it"": ""In presenza"", ""es"": ""Desconnectad"", ""de"": ""Offline"", ""br"": ""War al lec\u2019h"", ""io"": ""crwdns14266:0crwdne14266:0"", ""oc"": ""Sus pla\u00e7a"", ""nl"": ""Ter plaatse""}}",,"[{""type"": ""link"", ""value"": ""https://mesevenementsemploi.francetravail.fr/mes-evenements-emploi/evenement/656277""}]"
87281616,https://openagenda.com/francetravail/events/decouvrez-les-opportunites-demploi-chez-claas,Découvrez les opportunités d'emploi chez CLAAS,"Rejoignez l'aventure CLAAS à Woippy ! Constructeur leader de machines agricoles, CLAAS recrute pour la saison 2026-2027 (d'octobre à juin) !","Rejoignez l'aventure CLAAS à Woippy ! Constructeur leader de machines agricoles, CLAAS recrute pour la saison 2026-2027 (d'octobre à juin) ! Des postes variés vous attendent : Monteurs (débutants bienvenus) : participez à l'assemblage de machines innovantes. Soudeurs expérimentés : mettez votre expertise au service de l'excellence. Opérateurs CN (expérimentés ou diplômés) : pilotez des machines de pointe. Peintres : donnez vie aux machines avec votre savoir-faire en cabine. Une réunion d'informa",,['Recrutement'],,"Lundi 8 juin, 09h00",2026-06-08 07:00:00+00:00,2026-06-08 08:30:00+00:00,"[{""begin"": ""2026-06-08T09:00:00+02:00"", ""end"": ""2026-06-08T10:30:00+02:00""}]",Agence METZ BLIDA,57000 Metz,57014,Metz,Moselle,Grand Est,,,,"{""id"": 1, ""label"": {""fr"": ""Sur place"", ""en"": ""In situ"", ""it"": ""In presenza"", ""es"": ""Desconnectad"", ""de"": ""Offline"", ""br"": ""War al lec\u2019h"", ""io"": ""crwdns14266:0crwdne14266:0"", ""oc"": ""Sus pla\u00e7a"", ""nl"": ""Ter plaatse""}}",,"[{""type"": ""link"", ""value"": ""https://mesevenementsemploi.francetravail.fr/mes-evenements-emploi/evenement/675776""}]"
26437324,https://openagenda.com/francetravail/events/la-sovab-groupe-renault-recrute-rejoignez-une-equipe-engagee-pour-legalite-professionnelle-6874625,La SOVAB (Groupe Renault) s'engage pour l'égalité des chances : des postes industriels à pourvoir pour un public féminin.,Rejoignez la SOVAB (Groupe Renault) et découvrez le métier d'opérateur de production !,"Rejoignez la SOVAB (Groupe Renault) et découvrez le métier d'opérateur de production ! L'agence d'intérim GiGroup vous invite à une réunion d'information pour découvrir le métier d'opérateur de production au sein de la SOVAB, filiale du Groupe Renault. Au programme : Présentation du métier : Découvrez les missions, les conditions de travail et les perspectives d'évolution. Temps d'échange : Posez vos questions et discutez avec des professionnels du secteur. Présentation du dispositif POEI : Une",,"['#TousMobilisés', 'Découverte secteur / métier', 'Recrutement']",,"Mardi 25 août, 09h00",2026-08-25 07:00:00+00:00,2026-08-25 09:00:00+00:00,"[{""begin"": ""2026-08-25T09:00:00+02:00"", ""end"": ""2026-08-25T11:00:00+02:00""}]",Agence METZ BLIDA,57000 Metz,57014,Metz,Moselle,Grand Est,,,,"{""id"": 1, ""label"": {""fr"": ""Sur place"", ""en"": ""In situ"", ""it"": ""In presenza"", ""es"": ""Desconnectad"", ""de"": ""Offline"", ""br"": ""War al lec\u2019h"", ""io"": ""crwdns14266:0crwdne14266:0"", ""oc"": ""Sus pla\u00e7a"", ""nl"": ""Ter plaatse""}}",,"[{""type"": ""link"", ""value"": ""https://mesevenementsemploi.francetravail.fr/mes-evenements-emploi/evenement/694458""}]"
4029077,https://openagenda.com/culture/events/la-restauration-des-peintures-murales-de-leglise-saint-eucaire-3386009,Découvrez la restauration des peintures murales d’une église,"Restauration des quatre peintures murales du transept de l’église Saint-Eucaire. Bénéficiez d'une présentation des restaurations réalisées, de la déontologie et de la formation…","Présentation de la restauration des quatre peintures murales du transept de l’église Saint-Eucaire. Bénéficiez d'une présentation des restaurations réalisées, de la déontologie et de la formation des restaurateurs, ainsi que d'une présentation des peintures et des gestes du peintre.",,,,"Vendredi 19 septembre 2025, 09h00, 14h00",2025-09-19 07:00:00+00:00,2025-09-19 14:00:00+00:00,"[{""begin"": ""2025-09-19T09:00:00+02:00"", ""end"": ""2025-09-19T11:30:00+02:00""}, {""begin"": ""2025-09-19T14:00:00+02:00"", ""end"": ""2025-09-19T16:00:00+02:00""}]",Église Saint-Eucaire,"18 Rue Saint-Eucaire, 57000 Metz, France",57000,Metz,Moselle,Grand Est,"['handicap psychique', 'handicap moteur', 'handicap intellectuel']",,,"{""id"": 1, ""label"": {""fr"": ""Sur place"", ""en"": ""In situ"", ""it"": ""In presenza"", ""es"": ""Desconnectad"", ""de"": ""Offline"", ""br"": ""War al lec\u2019h"", ""io"": ""crwdns14266:0crwdne14266:0"", ""oc"": ""Sus pla\u00e7a""}}",,
54909748,https://openagenda.com/culture/events/visite-guidee-de-lhotel-de-ville-4802543,Découvrez un hôtel de ville et son histoire,Découvrez les secrets de l’Hôtel de Ville et son histoire en compagnie d’un médiateur culturel.,Découvrez les secrets de l’Hôtel de Ville et son histoire en compagnie d’un médiateur culturel.,,,,20 et 21 septembre 2025,2025-09-20 09:30:00+00:00,2025-09-21 15:00:00+00:00,"[{""begin"": ""2025-09-20T11:30:00+02:00"", ""end"": ""2025-09-20T12:00:00+02:00""}, {""begin"": ""2025-09-20T14:30:00+02:00"", ""end"": ""2025-09-20T15:00:00+02:00""}, {""begin"": ""2025-09-20T16:30:00+02:00"", ""end"": ""2025-09-20T17:00:00+02:00""}, {""begin"": ""2025-09-21T11:30:00+02:00"", ""end"": ""2025-09-21T12:00:00+02:00""}, {""begin"": ""2025-09-21T14:30:00+02:00"", ""end"": ""2025-09-21T15:00:00+02:00""}, {""begin"": ""2025-09-21T16:30:00+02:00"", ""end"": ""2025-09-21T17:00:00+02:00""}]",Hôtel de Ville,"Place d'Armes, 57000 Metz",57014,Metz,Moselle,Grand Est,,,,"{""id"": 1, ""label"": {""fr"": ""Sur place"", ""en"": ""In situ"", ""it"": ""In presenza"", ""es"": ""Desconnectad"", ""de"": ""Offline"", ""br"": ""War al lec\u2019h"", ""io"": ""crwdns14266:0crwdne14266:0"", ""oc"": ""Sus pla\u00e7a""}}",,
8782023,https://openagenda.com/culture/events/il-etait-une-fois-metz-le-pontiffroy,"Il était une fois Metz, le Pontiffroy","La médiathèque Paul Verlaine expose ses archives sur le Pontiffroy. Venez entendre et partager vos histoires et photos du quartier avec les artistes lors d’un goûter convivial. Au menu : du café, de…","La médiathèque Paul Verlaine expose ses archives sur le Pontiffroy. Venez entendre et partager vos histoires et photos du quartier avec les artistes lors d’un goûter convivial. Au menu : du café, de la brioche, des images inédites sur ce quartier de Metz qui a subi de profonds changements, des histoires à écouter et à raconter…",,,,20 et 21 septembre 2025,2025-09-20 08:00:00+00:00,2025-09-21 16:00:00+00:00,"[{""begin"": ""2025-09-20T10:00:00+02:00"", ""end"": ""2025-09-20T18:00:00+02:00""}, {""begin"": ""2025-09-21T14:00:00+02:00"", ""end"": ""2025-09-21T18:00:00+02:00""}]",Médiathèque Verlaine,"1 place de la Bibliothèque, 57000 Metz",57014,Metz,Moselle,Grand Est,,,,"{""id"": 1, ""label"": {""fr"": ""Sur place"", ""en"": ""In situ"", ""it"": ""In presenza"", ""es"": ""Desconnectad"", ""de"": ""Offline"", ""br"": ""War al lec\u2019h"", ""io"": ""crwdns14266:0crwdne14266:0"", ""oc"": ""Sus pla\u00e7a""}}",,
92439577,https://openagenda.com/culture/events/exposition-les-visages-du-crime-en-salle-des-pas-perdus,"Exposition : ""les visages du crime en salle des pas perdus""","Découvrez les photographies les plus marquantes réalisées par plusieurs photographes à l’occasion d’enquêtes judiciaires, de grands et petits procès, ou de faits divers ayant eu un fort dans notre en…","Découvrez les photographies les plus marquantes réalisées par plusieurs photographes à l’occasion d’enquêtes judiciaires, de grands et petits procès, ou de faits divers ayant eu un fort retentissement dans notre région. Les reporters-photographes sont, en effet, aux premières loges pour saisir sur le vif les histoires qui ont défrayé la chronique judiciaire et, parfois même, déchaîné les passions.",Possibilité de s'inscrire sur place à l'aide d'un QR Code,,,"Samedi 20 septembre 2025, 10h00, 14h00",2025-09-20 08:00:00+00:00,2025-09-20 15:00:00+00:00,"[{""begin"": ""2025-09-20T10:00:00+02:00"", ""end"": ""2025-09-20T12:00:00+02:00""}, {""begin"": ""2025-09-20T14:00:00+02:00"", ""end"": ""2025-09-20T17:00:00+02:00""}]",Palais de Justice,"3 rue haute Pierre, 57000 Metz",57045,Metz,Moselle,Grand Est,,,,"{""id"": 1, ""label"": {""fr"": ""Sur place"", ""en"": ""In situ"", ""it"": ""In presenza"", ""es"": ""Desconnectad"", ""de"": ""Offline"", ""br"": ""War al lec\u2019h"", ""io"": ""crwdns14266:0crwdne14266:0"", ""oc"": ""Sus pla\u00e7a""}}",,"[{""type"": ""link"", ""value"": ""https://my.weezevent.com/exposition-photo-les-visages-du-crime""}]"
30586211,https://openagenda.com/culture/events/les-chroniques-de-la-porte-des-allemands-vr,Les chroniques de la Porte des Allemands en réalité virtuelle,"Expérience en réalité virtuelle des « Chroniques de la Porte des Allemands », enrichie d’une aventure « La Pierre de Soleil », qui vous emmènera des marques de tâcherons à la carrière, puis à la du…","Expérience en réalité virtuelle des « Chroniques de la Porte des Allemands », enrichie d’une aventure « La Pierre de Soleil », qui vous emmènera des marques de tâcherons à la carrière, puis à la galerie du temps.",Accessible à partir de 13 ans.,,,20 et 21 septembre 2025,2025-09-20 09:00:00+00:00,2025-09-21 16:00:00+00:00,"[{""begin"": ""2025-09-20T11:00:00+02:00"", ""end"": ""2025-09-20T18:00:00+02:00""}, {""begin"": ""2025-09-21T11:00:00+02:00"", ""end"": ""2025-09-21T18:00:00+02:00""}]",Porte des Allemands,"Boulevard André Maginot, 57000 Metz",57000,Metz,Moselle,Grand Est,,,,"{""id"": 1, ""label"": {""fr"": ""Sur place"", ""en"": ""In situ"", ""it"": ""In presenza"", ""es"": ""Desconnectad"", ""de"": ""Offline"", ""br"": ""War al lec\u2019h"", ""io"": ""crwdns14266:0crwdne14266:0"", ""oc"": ""Sus pla\u00e7a""}}",,
46802514,https://openagenda.com/culture/events/visite-les-animaux-dans-leurs-milieux-naturels,À la découverte des animaux dans leur milieu naturel,"Venez découvrir les milieux naturels et leurs habitants à travers les paysages peints par les artistes au fil du temps. Les milieux naturels lorrains seront mis à l’honneur, en écho avec l’ouverture…","Venez découvrir les milieux naturels et leurs habitants à travers les paysages peints par les artistes au fil du temps. Les milieux naturels lorrains seront mis à l’honneur, en écho avec l’ouverture du pavillon de la biodiversité.",Date d'ouverture des réservations : 20 août 2025,,,"Dimanche 21 septembre 2025, 14h30",2025-09-21 12:30:00+00:00,2025-09-21 13:45:00+00:00,"[{""begin"": ""2025-09-21T14:30:00+02:00"", ""end"": ""2025-09-21T15:45:00+02:00""}]",Musée de La Cour d'Or - Eurométropole,"2 rue du haut-poirier, 57000 Metz",57000,Metz,Moselle,Grand Est,,,,"{""id"": 1, ""label"": {""fr"": ""Sur place"", ""en"": ""In situ"", ""it"": ""In presenza"", ""es"": ""Desconnectad"", ""de"": ""Offline"", ""br"": ""War al lec\u2019h"", ""io"": ""crwdns14266:0crwdne14266:0"", ""oc"": ""Sus pla\u00e7a""}}",,"[{""type"": ""link"", ""value"": ""https://demarches.services.eurometropolemetz.eu/musee-de-la-cour-d-or/s-inscrire-a-un-evenement-organise-par-le-musee-de-la-cour""}]"
93608606,https://openagenda.com/culture/events/visite-a-la-table-des-gallo-romains-5074312,À la table des Gallo-Romains,"Quels aliments et quelles boissons trouvait-on sur la table des Gallo-Romains ? À quoi ressemblait leur vaisselle ? Découvrez les réponses à ces questions lors d’une visite sensorielle, grâce à des…","Quels aliments et quelles boissons trouvait-on sur la table des Gallo-Romains ? À quoi ressemblait leur vaisselle ? Découvrez les réponses à ces questions lors d’une visite sensorielle, grâce à des objets et des stèles authentiques.",Date d'ouverture des réservations : 20 août 2025,,,"Samedi 20 septembre 2025, 10h30",2025-09-20 08:30:00+00:00,2025-09-20 09:45:00+00:00,"[{""begin"": ""2025-09-20T10:30:00+02:00"", ""end"": ""2025-09-20T11:45:00+02:00""}]",Musée de La Cour d'Or - Eurométropole,"2 rue du haut-poirier, 57000 Metz",57000,Metz,Moselle,Grand Est,,,,"{""id"": 1, ""label"": {""fr"": ""Sur place"", ""en"": ""In situ"", ""it"": ""In presenza"", ""es"": ""Desconnectad"", ""de"": ""Offline"", ""br"": ""War al lec\u2019h"", ""io"": ""crwdns14266:0crwdne14266:0"", ""oc"": ""Sus pla\u00e7a""}}",,"[{""type"": ""link"", ""value"": ""https://demarches.services.eurometropolemetz.eu/musee-de-la-cour-d-or/s-inscrire-a-un-evenement-organise-par-le-musee-de-la-cour""}]"
35820118,https://openagenda.com/culture/events/ce-qui-pousse-sur-la-baleine-demeure,"Ce qui pousse sur la baleine, demeure","Des archives du musée zoologique de Strasbourg à la Nouvelle-Zélande, l’artiste Vincent Chevillon nous partage son enquête autour des baleines australes et de leur héritage économique, symbolique et…","Des archives du musée zoologique de Strasbourg à la Nouvelle-Zélande, l’artiste Vincent Chevillon nous partage son enquête autour des baleines australes et de leur héritage économique, symbolique et politique.",,,,19 - 21 septembre 2025,2025-09-19 12:00:00+00:00,2025-09-21 16:00:00+00:00,"[{""begin"": ""2025-09-19T14:00:00+02:00"", ""end"": ""2025-09-19T18:00:00+02:00""}, {""begin"": ""2025-09-20T14:00:00+02:00"", ""end"": ""2025-09-20T18:00:00+02:00""}, {""begin"": ""2025-09-21T14:00:00+02:00"", ""end"": ""2025-09-21T18:00:00+02:00""}]",Galerie Octave Cowbell,"4 rue du change, 57000 Metz",57014,Metz,Moselle,Grand Est,"['handicap visuel', 'handicap intellectuel', 'handicap psychique', 'handicap auditif', 'handicap moteur']",,,"{""id"": 1, ""label"": {""fr"": ""Sur place"", ""en"": ""In situ"", ""it"": ""In presenza"", ""es"": ""Desconnectad"", ""de"": ""Offline"", ""br"": ""War al lec\u2019h"", ""io"": ""crwdns14266:0crwdne14266:0"", ""oc"": ""Sus pla\u00e7a""}}",,
35375500,https://openagenda.com/francetravail/events/chaussea-recrute-1010508,Chausséa recrute !,"L'entreprise Chausséa recrute des préparateurs de commandes, caristes et autres métiers de la logistique. Des postes sont à pourvoir immédiatement sur le site logistique situé à Tremery.N'hésitez pas","L'entreprise Chausséa recrute des préparateurs de commandes, caristes et autres métiers de la logistique. Des postes sont à pourvoir immédiatement sur le site logistique situé à Tremery.N'hésitez pas à venir rencontrer le recruteur mercredi 3 septembre dans votre agence France Travail de Metz Blida.Venez avec votre CV. Vous assisterez à une réunion de présentation des postes à pourvoir pour l'entreprise Chausséa en présence du recruteur. Suite à cette séquence d'information vous pourrez directe",,"['#TousMobilisés', '1 jeune  1 solution', 'Recrutement']",,"Mercredi 3 septembre 2025, 09h00",2025-09-03 07:00:00+00:00,2025-09-03 10:00:00+00:00,"[{""begin"": ""2025-09-03T09:00:00+02:00"", ""end"": ""2025-09-03T12:00:00+02:00""}]",Agence METZ BLIDA,57000 Metz,57014,Metz,Moselle,Grand Est,,,,"{""id"": 1, ""label"": {""fr"": ""Sur place"", ""en"": ""In situ"", ""it"": ""In presenza"", ""es"": ""Desconnectad"", ""de"": ""Offline"", ""br"": ""War al lec\u2019h"", ""io"": ""crwdns14266:0crwdne14266:0"", ""oc"": ""Sus pla\u00e7a"", ""nl"": ""Ter plaatse""}}",,"[{""type"": ""link"", ""value"": ""https://mesevenementsemploi.francetravail.fr/mes-evenements-emploi/evenement/482299""}]"
22933965,https://openagenda.com/francetravail/events/du-terrain-de-rugby-a-celui-de-lemploi-une-rencontre-gagnante-au-stade-2781135,Du terrain de rugby à celui de l'emploi : Une rencontre gagnante au stade !,Venez rencontrer les employeurs autrement autour d'une journée sportive !Nous vous invitons à participer à l’évènement « Du Stade vers l’emploi spécial Rugby » qui aura lieu le 09 Octobre 2025.« Du St,"Venez rencontrer les employeurs autrement autour d'une journée sportive !Nous vous invitons à participer à l’évènement « Du Stade vers l’emploi spécial Rugby » qui aura lieu le 09 Octobre 2025.« Du Stade Vers l’Emploi », une journée avec des activités sportives mais surtout ludiques associant employeurs et demandeurs d’emploi de manière anonyme durant la matinée. Vous partagerez ensuite un moment convivial autour d'un déjeuner qui vous est offert.  Enfin, participez au job dating avec les mêmes",,"['1 jeune  1 solution', ""Du Stade vers l'Emploi"", 'Insertion', 'Sport et insertion', 'Recrutement sans CV', 'Recrutement']",,"Mardi 16 septembre 2025, 09h00",2025-09-16 07:00:00+00:00,2025-09-16 08:00:00+00:00,"[{""begin"": ""2025-09-16T09:00:00+02:00"", ""end"": ""2025-09-16T10:00:00+02:00""}]",Agence METZ BLIDA,57000 Metz,57014,Metz,Moselle,Grand Est,,,,"{""id"": 1, ""label"": {""fr"": ""Sur place"", ""en"": ""In situ"", ""it"": ""In presenza"", ""es"": ""Desconnectad"", ""de"": ""Offline"", ""br"": ""War al lec\u2019h"", ""io"": ""crwdns14266:0crwdne14266:0"", ""oc"": ""Sus pla\u00e7a"", ""nl"": ""Ter plaatse""}}",,"[{""type"": ""link"", ""value"": ""https://mesevenementsemploi.francetravail.fr/mes-evenements-emploi/evenement/471820""}]"
34974069,https://openagenda.com/biblis-en-folie-2025/events/atelier-creatif-3032388,Atelier créatif,"Participez à un moment magique mêlant histoires et créativité en compagnie de Nathalie Zolkos, artiste plasticienne. Ce temps de conte joyeux autour du thème de la fête, sera suivi d’un atelier pour…","Participez à un moment magique mêlant histoires et créativité en compagnie de Nathalie Zolkos, artiste plasticienne. Ce temps de conte joyeux autour du thème de la fête, sera suivi d’un atelier d’arts plastiques pour imaginer et créer sa propre fête en papier, en couleur et en imagination.",Enfants de 4 à 7 ans,,,"Samedi 4 octobre 2025, 10h00",2025-10-04 08:00:00+00:00,2025-10-04 09:30:00+00:00,"[{""begin"": ""2025-10-04T10:00:00+02:00"", ""end"": ""2025-10-04T11:30:00+02:00""}]",Bibliothèque De Magny,44 rue des Prêles 57000 Metz,57000,Metz,Moselle,Grand Est,['handicap moteur'],,,"{""id"": 1, ""label"": {""fr"": ""Sur place"", ""en"": ""In situ"", ""it"": ""In presenza"", ""es"": ""Desconnectad"", ""de"": ""Offline"", ""br"": ""War al lec\u2019h"", ""io"": ""crwdns14266:0crwdne14266:0"", ""oc"": ""Sus pla\u00e7a"", ""nl"": ""Ter plaatse""}}",,"[{""type"": ""email"", ""value"": ""servicesauxpublics@mairie-metz.fr""}]"
80748988,https://openagenda.com/francetravail/events/job-dating-au-centre-commercial-muse-les-metiers-du-commerce-de-lesthetique-et-de-la-coiffure,"Job Dating au Centre Commercial Muse : Les métiers du commerce , de l'esthétique et de la coiffure.","Vous êtes à la recherche d'une opportunité professionnelle dans les secteurs du commerce ? Ne manquez pas notre événement spécial de job dating au centre commercial Muse, à Metz !","Vous êtes à la recherche d'une opportunité professionnelle dans les secteurs du commerce ? Ne manquez pas notre événement spécial de job dating au centre commercial Muse, à Metz ! Pourquoi venir ? Rencontrez des employeurs : Ils seront présents au niveau de la rotonde, prêts à échanger avec vous et à vous proposer des opportunités adaptées à votre profil. Découvrez des offres variées : Que vous soyez débutant ou expérimenté, il y en a pour tous les talents ! Comment vous préparer pour marquer le",,"['Marché du travail', 'Recrutement sans CV', 'Découverte secteur / métier', 'Recrutement']",,"Mercredi 20 mai, 10h00",2026-05-20 08:00:00+00:00,2026-05-20 10:30:00+00:00,"[{""begin"": ""2026-05-20T10:00:00+02:00"", ""end"": ""2026-05-20T12:30:00+02:00""}]",Agence METZ GARE,57000 Metz,57000,Metz,Moselle,Grand Est,,,,"{""id"": 1, ""label"": {""fr"": ""Sur place"", ""en"": ""In situ"", ""it"": ""In presenza"", ""es"": ""Desconnectad"", ""de"": ""Offline"", ""br"": ""War al lec\u2019h"", ""io"": ""crwdns14266:0crwdne14266:0"", ""oc"": ""Sus pla\u00e7a"", ""nl"": ""Ter plaatse""}}",,"[{""type"": ""link"", ""value"": ""https://mesevenementsemploi.francetravail.fr/mes-evenements-emploi/evenement/647966""}]"
5864160,https://openagenda.com/fetedelamusique2026/events/blues-bazar-revival-concert-jardin-de-lesplanade,Blues Bazar Revival - Concert Metz,Blues Bazar Rivaval à 20h15 au Jardin de l'Esplanade à Metz,"Blues Bazar Rivaval à 20h15 au Jardin de l'Esplanade à Metz Groupe revisitant les standards du blues, du rock et de la soul des années 70.","Gratuit, en accès libre",,,"Dimanche 21 juin, 20h15",2026-06-21 18:15:00+00:00,2026-06-21 20:00:00+00:00,"[{""begin"": ""2026-06-21T20:15:00+02:00"", ""end"": ""2026-06-21T22:00:00+02:00""}]",Esplanade - Metz,Jardin de l'Esplanade Metz,,Metz,Moselle,Grand Est,,,,"{""id"": 1, ""label"": {""fr"": ""Sur place""}}",,
77015023,https://openagenda.com/semaine-des-metiers-du-tourisme-2026/events/travel-day-or-journee-dimmersion-or-ecole-superieure-de-tourisme-metz,Travel Day | Journée d'immersion | École Supérieure de Tourisme – Metz,"Découvrez concrètement les études supérieures et les métiers du tourisme lors d’une journée d’immersion à l’École Supérieure de Tourisme de Metz, en partageant le quotidien de nos étudiants.","Le Travel Day de l’École Supérieure de Tourisme de Metz propose une journée d’immersion pour découvrir concrètement les études et les métiers du tourisme. Les participants partagent le quotidien des étudiants, découvrent l’école, les formations et la vie de campus. Au programme : accueil par les équipes, visite du campus et participation à un cours. Des temps d’échange sont prévus pour poser toutes les questions liées à l’orientation. Une expérience idéale pour se projeter dans ses futures études.",,,,"Mardi 27 janvier, 08h30",2026-01-27 07:30:00+00:00,2026-01-27 15:30:00+00:00,"[{""begin"": ""2026-01-27T08:30:00+01:00"", ""end"": ""2026-01-27T16:30:00+01:00""}]",École Supérieure de Tourisme Metz,"15bis Rue Dembour, 57000 Metz",57000,Metz,Moselle,Grand Est,,,,"{""id"": 1, ""label"": {""fr"": ""Sur place"", ""en"": ""In situ"", ""it"": ""In presenza"", ""es"": ""Desconnectad"", ""de"": ""Offline"", ""br"": ""War al lec\u2019h"", ""io"": ""crwdns14266:0crwdne14266:0"", ""oc"": ""Sus pla\u00e7a"", ""nl"": ""Ter plaatse""}}",,"[{""type"": ""link"", ""value"": ""https://ecolesuperieuretourisme.fr/evenement/journee-en-immersion-travel-day-sur-le-campus-metz""}]"
4422277,https://openagenda.com/toutes-les-chambres-agriculture-agregees/events/marches-fermiers-des-producteurs-2026,Marchés fermiers des producteurs 2026,"Du 24 avril au 11 septembre, sur la place Saint-Louis, la Ville de Metz et ses partenaires organisent la 5ème saison des Marchés fermiers des producteurs.","Rendez-vous les vendredis 24 avril, 22 mai, 12 juin, 3 juillet et 11 septembre 2026 de 15h à 19h. Les Marchés fermiers des producteurs c'est : - 17 stands de producteurs locaux (primeur, glacier, boulanger, vins AOC, fromager, charcutier, etc) en plein cœur de ville. - 5 bons d’achat à gagner à chaque édition (sur les réseaux sociaux Ville de Metz) - Un partenariat avec la Chambre d'agriculture de la Moselle, Moselle Attractivité, l'association du quartier Saint Louis et Ici Lorraine.",Entrée libre,"['Marchés', 'Fermiers', 'Producteurs', 'Place St Louis', '2026', 'Produits', 'Locaux']",,"24 avril - 11 septembre, certains vendredis",2026-04-24 13:00:00+00:00,2026-09-11 17:00:00+00:00,"[{""begin"": ""2026-04-24T15:00:00+02:00"", ""end"": ""2026-04-24T19:00:00+02:00""}, {""begin"": ""2026-05-22T15:00:00+02:00"", ""end"": ""2026-05-22T19:00:00+02:00""}, {""begin"": ""2026-06-12T15:00:00+02:00"", ""end"": ""2026-06-12T19:00:00+02:00""}, {""begin"": ""2026-07-03T15:00:00+02:00"", ""end"": ""2026-07-03T19:00:00+02:00""}, {""begin"": ""2026-09-11T15:00:00+02:00"", ""end"": ""2026-09-11T19:00:00+02:00""}]","Place Saint-Louis, Metz (57)",Place Saint Louis,57000,Metz,Moselle,Grand Est,,,99.0,"{""id"": 1, ""label"": {""fr"": ""Sur place"", ""en"": ""In situ"", ""it"": ""In presenza"", ""es"": ""Desconnectad"", ""de"": ""Offline"", ""br"": ""War al lec\u2019h"", ""io"": ""crwdns14266:0crwdne14266:0"", ""oc"": ""Sus pla\u00e7a"", ""nl"": ""Ter plaatse""}}",,
84719432,https://openagenda.com/francetravail/events/atelier-cv-abonnement-aux-offres-carte-de-visite-6469014,ATELIER CV / ABONNEMENT AUX OFFRES/ CARTE DE VISITE .........,ATELIER CV / ABONNEMENT AUX OFFRES/ CARTE DE VISITE .........,ATELIER CV / ABONNEMENT AUX OFFRES/ CARTE DE VISITE ......... Il s'agit d'un accompagnement personnalisé d'une heure avec un agent volontaire service civique permettant de créer mettre à jour votre CV de rendre votre profil visible pour les employeurs et de découvrir les potentialités de votre espace personnel,,['Les outils du numérique'],,"Lundi 10 août, 14h00",2026-08-10 12:00:00+00:00,2026-08-10 13:00:00+00:00,"[{""begin"": ""2026-08-10T14:00:00+02:00"", ""end"": ""2026-08-10T15:00:00+02:00""}]",Agence METZ BLIDA,57000 Metz,57014,Metz,Moselle,Grand Est,,,,"{""id"": 1, ""label"": {""fr"": ""Sur place"", ""en"": ""In situ"", ""it"": ""In presenza"", ""es"": ""Desconnectad"", ""de"": ""Offline"", ""br"": ""War al lec\u2019h"", ""io"": ""crwdns14266:0crwdne14266:0"", ""oc"": ""Sus pla\u00e7a"", ""nl"": ""Ter plaatse""}}",,"[{""type"": ""link"", ""value"": ""https://mesevenementsemploi.francetravail.fr/mes-evenements-emploi/evenement/714691""}]"
81633933,https://openagenda.com/francetravail/events/atelier-cv-abonnement-aux-offres-carte-de-visite-7028856,ATELIER CV / ABONNEMENT AUX OFFRES/ CARTE DE VISITE .........,ATELIER CV / ABONNEMENT AUX OFFRES/ CARTE DE VISITE .........,ATELIER CV / ABONNEMENT AUX OFFRES/ CARTE DE VISITE ......... Il s'agit d'un accompagnement personnalisé d'une heure avec un agent volontaire service civique permettant de créer mettre à jour votre CV de rendre votre profil visible pour les employeurs et de découvrir les potentialités de votre espace personnel,,['Les outils du numérique'],,"Mercredi 19 août, 14h00",2026-08-19 12:00:00+00:00,2026-08-19 13:00:00+00:00,"[{""begin"": ""2026-08-19T14:00:00+02:00"", ""end"": ""2026-08-19T15:00:00+02:00""}]",Agence METZ BLIDA,57000 Metz,57014,Metz,Moselle,Grand Est,,,,"{""id"": 1, ""label"": {""fr"": ""Sur place"", ""en"": ""In situ"", ""it"": ""In presenza"", ""es"": ""Desconnectad"", ""de"": ""Offline"", ""br"": ""War al lec\u2019h"", ""io"": ""crwdns14266:0crwdne14266:0"", ""oc"": ""Sus pla\u00e7a"", ""nl"": ""Ter plaatse""}}",,"[{""type"": ""link"", ""value"": ""https://mesevenementsemploi.francetravail.fr/mes-evenements-emploi/evenement/726622""}]"
13598594,https://openagenda.com/culture/events/marche-des-metiers-dart-de-metz-3825411,Marché des Métiers d'Art de Metz,"Une trentaine d'artisans d'art exposent leurs dernières créations. De nombreux métiers sont représentés : céramiste, verrier, maroquinerie, forgeron, ébéniste, tourneur sur bois, passementier, ...…","Une trentaine d'artisans d'art exposent leurs dernières créations. De nombreux métiers sont représentés : céramiste, verrier, maroquinerie, forgeron, ébéniste, tourneur sur bois, passementier, sculpteur ...",Aucune condition de participation,,,19 et 20 septembre,2026-09-19 08:00:00+00:00,2026-09-20 16:00:00+00:00,"[{""begin"": ""2026-09-19T10:00:00+02:00"", ""end"": ""2026-09-19T19:00:00+02:00""}, {""begin"": ""2026-09-20T10:00:00+02:00"", ""end"": ""2026-09-20T18:00:00+02:00""}]",Place des Charrons,"Place des Charrons, 57000 Metz",57000,Metz,Moselle,Grand Est,,,,"{""id"": 1, ""label"": {""fr"": ""Sur place"", ""en"": ""In situ"", ""it"": ""In presenza"", ""es"": ""Desconnectad"", ""de"": ""Offline"", ""br"": ""War al lec\u2019h"", ""io"": ""crwdns14266:0crwdne14266:0"", ""oc"": ""Sus pla\u00e7a"", ""nl"": ""Ter plaatse""}}",,
51244939,https://openagenda.com/culture/events/visite-guidee-de-la-cathedrale-construction-deconstruction,Visite guidée de la cathédrale : construction - déconstruction,"Devenez explorateurs du temps ! Grâce aux photographies d’archives, comparez la cathédrale d’hier et d’aujourd’hui… et partez à la chasse aux détails qui ont changé.","Devenez explorateurs du temps ! Grâce aux photographies d’archives, comparez la cathédrale d’hier et d’aujourd’hui… et partez à la chasse aux détails qui ont changé. Saurez-vous retrouver ces changements ? En observant, toute la famille enquête sur les métamorphoses de la cathédrale.","Groupe limité à 15 enfants. Chaque enfant doit être accompagné d'un adulte.
Réservation obligatoire par mail tourisme@inpsire-metz.com ou par téléphone au 03 87 39 00 00.
Dans la limite des places disponibles.",,,"Samedi 19 septembre, 10h00",2026-09-19 08:00:00+00:00,2026-09-19 09:00:00+00:00,"[{""begin"": ""2026-09-19T10:00:00+02:00"", ""end"": ""2026-09-19T11:00:00+02:00""}]","Corps de garde - Agence ""Inspire Metz""","2 place d'armes, 57000 Metz",57014,Metz,Moselle,Grand Est,"['handicap intellectuel', 'handicap visuel', 'handicap moteur', 'handicap auditif', 'handicap psychique']",,,"{""id"": 1, ""label"": {""fr"": ""Sur place"", ""en"": ""In situ"", ""it"": ""In presenza"", ""es"": ""Desconnectad"", ""de"": ""Offline"", ""br"": ""War al lec\u2019h"", ""io"": ""crwdns14266:0crwdne14266:0"", ""oc"": ""Sus pla\u00e7a"", ""nl"": ""Ter plaatse""}}",,
78889352,https://openagenda.com/solutionscse/events/jackpot-des-exposants-9387872,JACKPOT DES EXPOSANTS,Venez tenter votre chance !,"Participez au jackpot des exposants et tentez de remporter un des nombreux lots offerts par l’un de nos exposants. Rendez-vous à l’entrée du salon où vous pourrez jouer sur la borne prévue à cet effet, puis vous vous rendrez, avec vos tickets gagnants en mains, sur les stands des exposants afin de récupérer votre lot ! BONNE CHANCE !",,,,5 et 6 mars,2026-03-05 08:00:00+00:00,2026-03-06 16:00:00+00:00,"[{""begin"": ""2026-03-05T09:00:00+01:00"", ""end"": ""2026-03-05T17:00:00+01:00""}, {""begin"": ""2026-03-06T09:00:00+01:00"", ""end"": ""2026-03-06T17:00:00+01:00""}]",Metz - Centre de convention du technopôle,Rue de la grange aux Bois 57072 Metz,57072,Metz,Moselle,Grand Est,,,,"{""id"": 1, ""label"": {""fr"": ""Sur place"", ""en"": ""In situ"", ""it"": ""In presenza"", ""es"": ""Desconnectad"", ""de"": ""Offline"", ""br"": ""War al lec\u2019h"", ""io"": ""crwdns14266:0crwdne14266:0"", ""oc"": ""Sus pla\u00e7a"", ""nl"": ""Ter plaatse""}}",,
55702967,https://openagenda.com/saison-mediterranee-2026/events/gathering-memories-with-my-eyelashes,Gathering Memories with my Eyelashes,"Une nouvelle création saisissante où souvenirs et identité se rencontrent. Entre émotion et révélation, Nanda Mohammad transforme la mémoire en énergie créatrice !","Une nouvelle création saisissante où souvenirs et identité se rencontrent. Entre émotion et révélation, Nanda Mohammad transforme la mémoire en énergie créatrice ! « Gathering Memories with my Eyelashes » est une traversée intime et puissante. Quand ses souvenirs d’enfance commencent à disparaître, une actrice entreprend avec sa mère un voyage au cœur de la mémoire. Ce périple devient une fouille sensible où émergent des vérités enfouies sur sa famille, son identité et sa patrie. Pour Nanda Mohammad, créer cette première œuvre en tant qu’autrice revient à affronter la Syrie de son passé et l’Égypte de son présent. Entre deux mondes, elle transforme la mémoire en matière vivante, vibrante, parfois douloureuse. Peut-on se construire en effaçant hier ? Comment habiter le présent sans être prisonnière du passé ? Un spectacle incandescent, nécessaire et profondément humain. Dans le cadre de Passages Transfestival - édition 26 Nouveaux Rivages du 14 au 28 mai à Metz","5 à 22€, dès 12 ans. En arabe surtitré français",,,"Dimanche 24 mai, 14h00, 20h00",2026-05-24 12:00:00+00:00,2026-05-24 19:15:00+00:00,"[{""begin"": ""2026-05-24T14:00:00+02:00"", ""end"": ""2026-05-24T15:10:00+02:00""}, {""begin"": ""2026-05-24T20:00:00+02:00"", ""end"": ""2026-05-24T21:15:00+02:00""}]",Arsenal Jean-Marie Rausch Metz,avenue Ney Metz,57000,Metz,Moselle,Grand Est,,,,"{""id"": 1, ""label"": {""fr"": ""Sur place""}}",,
13342556,https://openagenda.com/francetravail/events/atelier-cv-abonnement-aux-offres-carte-de-visite-9729309,ATELIER CV / ABONNEMENT AUX OFFRES/ CARTE DE VISITE .........,ATELIER CV / ABONNEMENT AUX OFFRES/ CARTE DE VISITE .........,ATELIER CV / ABONNEMENT AUX OFFRES/ CARTE DE VISITE ......... Il s'agit d'un accompagnement personnalisé d'une heure avec un agent volontaire service civique permettant de créer mettre à jour votre CV de rendre votre profil visible pour les employeurs et de découvrir les potentialités de votre espace personnel,,['Les outils du numérique'],,"Lundi 17 août, 15h00",2026-08-17 13:00:00+00:00,2026-08-17 14:01:00+00:00,"[{""begin"": ""2026-08-17T15:00:00+02:00"", ""end"": ""2026-08-17T16:01:00+02:00""}]",Agence METZ BLIDA,57000 Metz,57014,Metz,Moselle,Grand Est,,,,"{""id"": 1, ""label"": {""fr"": ""Sur place"", ""en"": ""In situ"", ""it"": ""In presenza"", ""es"": ""Desconnectad"", ""de"": ""Offline"", ""br"": ""War al lec\u2019h"", ""io"": ""crwdns14266:0crwdne14266:0"", ""oc"": ""Sus pla\u00e7a"", ""nl"": ""Ter plaatse""}}",,"[{""type"": ""link"", ""value"": ""https://mesevenementsemploi.francetravail.fr/mes-evenements-emploi/evenement/726574""}]"
31780224,https://openagenda.com/francetravail/events/recrutement-dassistante-de-vie-aux-familles-en-alternance-avec-emplois-familiaux-moselle,Recrutement d'Assistant(e) de Vie aux Familles en alternance avec Emplois Familiaux Moselle.,"Vous cherchez un métier utile, humain, valorisant et qui permet une évolution professionnelle ? Rejoignez notre formation en alternance au titre professionnel d'Assistant(e) de Vie aux Familles !","Vous cherchez un métier utile, humain, valorisant et qui permet une évolution professionnelle ? Rejoignez notre formation en alternance au titre professionnel d'Assistant(e) de Vie aux Familles ! DEMARRAGE DE LA FORMATION LE Un parcours complet, accompagné et rémunéré : - Un contrat de professionnalisation ou d'apprentissage avec une rémunération pendant toute la durée de la formation (8 mois). - Une formation de qualité dispensée par l'organisme de formation IHC en partenariat avec AMLI. - Un r",,"['#TousMobilisés', 'Insertion', 'Marché du travail', ""Aides à l'emploi"", 'Se préparer', 'Découverte secteur / métier', 'Recrutement', ""S'informer""]",,"Mardi 15 septembre, 14h30",2026-09-15 12:30:00+00:00,2026-09-15 14:00:00+00:00,"[{""begin"": ""2026-09-15T14:30:00+02:00"", ""end"": ""2026-09-15T16:00:00+02:00""}]",Agence METZ SEBASTOPOL,57070 Metz,57070,Metz,Moselle,Grand Est,,,,"{""id"": 1, ""label"": {""fr"": ""Sur place"", ""en"": ""In situ"", ""it"": ""In presenza"", ""es"": ""Desconnectad"", ""de"": ""Offline"", ""br"": ""War al lec\u2019h"", ""io"": ""crwdns14266:0crwdne14266:0"", ""oc"": ""Sus pla\u00e7a"", ""nl"": ""Ter plaatse""}}",,"[{""type"": ""link"", ""value"": ""https://mesevenementsemploi.francetravail.fr/mes-evenements-emploi/evenement/711348""}]"
7001548,https://openagenda.com/francetravail/events/le-sport-comme-levier-vers-lemploi-rejoignez-le-stade-vers-lemploi-metz-rugby-4606825,Le sport comme levier vers l'emploi : Rejoignez le Stade vers l'emploi ! ! Metz - Rugby,Venez rencontrer les employeurs autrement autour d'un après-midi sportif ! Nous vous invitons à participer à l'évènement Du Stade vers l'emploi spécial Rugby qui aura lieu le jeudi 24 septembre 2026.,"Venez rencontrer les employeurs autrement autour d'un après-midi sportif ! Nous vous invitons à participer à l'évènement Du Stade vers l'emploi spécial Rugby qui aura lieu le jeudi 24 septembre 2026. Du Stade Vers l'Emploi , une journée avec des activités sportives mais surtout ludiques associant employeurs et demandeurs d'emploi de manière anonyme. Vous partagerez un moment convivial autour d'une collation. Enfin, participez au job dating avec les mêmes employeurs. Préparez-vous à vivre une ex",,"[""Du Stade vers l'Emploi"", 'Recrutement par le sport']",,"Vendredi 4 septembre, 09h00",2026-09-04 07:00:00+00:00,2026-09-04 08:30:00+00:00,"[{""begin"": ""2026-09-04T09:00:00+02:00"", ""end"": ""2026-09-04T10:30:00+02:00""}]",Agence METZ BLIDA,57000 Metz,57014,Metz,Moselle,Grand Est,,,,"{""id"": 1, ""label"": {""fr"": ""Sur place"", ""en"": ""In situ"", ""it"": ""In presenza"", ""es"": ""Desconnectad"", ""de"": ""Offline"", ""br"": ""War al lec\u2019h"", ""io"": ""crwdns14266:0crwdne14266:0"", ""oc"": ""Sus pla\u00e7a"", ""nl"": ""Ter plaatse""}}",,"[{""type"": ""link"", ""value"": ""https://mesevenementsemploi.francetravail.fr/mes-evenements-emploi/evenement/701337""}]"
60819855,https://openagenda.com/maiavelo/events/mai-a-velo-2026-2172898,Mai à Vélo 2026,Faites parcourir à votre communauté le plus de kilomètres au mois de mai ! Retrouvez tous les classements sur https://challenge-maiavelo.geovelo.fr/,,,['challenge-id=201886'],,1 - 31 mai,2026-04-30 22:00:00+00:00,2026-05-31 21:59:59+00:00,"[{""begin"": ""2026-05-01T00:00:00+02:00"", ""end"": ""2026-05-01T01:59:59+02:00""}, {""begin"": ""2026-05-01T02:00:00+02:00"", ""end"": ""2026-05-02T01:59:59+02:00""}, {""begin"": ""2026-05-02T02:00:00+02:00"", ""end"": ""2026-05-03T01:59:59+02:00""}, {""begin"": ""2026-05-03T02:00:00+02:00"", ""end"": ""2026-05-04T01:59:59+02:00""}, {""begin"": ""2026-05-04T02:00:00+02:00"", ""end"": ""2026-05-05T01:59:59+02:00""}, {""begin"": ""2026-05-05T02:00:00+02:00"", ""end"": ""2026-05-06T01:59:59+02:00""}, {""begin"": ""2026-05-06T02:00:00+02:00"", ""end"": ""2026-05-07T01:59:59+02:00""}, {""begin"": ""2026-05-07T02:00:00+02:00"", ""end"": ""2026-05-08T01:59:59+02:00""}, {""begin"": ""2026-05-08T02:00:00+02:00"", ""end"": ""2026-05-09T01:59:59+02:00""}, {""begin"": ""2026-05-09T02:00:00+02:00"", ""end"": ""2026-05-10T01:59:59+02:00""}, {""begin"": ""2026-05-10T02:00:00+02:00"", ""end"": ""2026-05-11T01:59:59+02:00""}, {""begin"": ""2026-05-11T02:00:00+02:00"", ""end"": ""2026-05-12T01:59:59+02:00""}, {""begin"": ""2026-05-12T02:00:00+02:00"", ""end"": ""2026-05-13T01:59:59+02:00""}, {""begin"": ""2026-05-13T02:00:00+02:00"", ""end"": ""2026-05-14T01:59:59+02:00""}, {""begin"": ""2026-05-14T02:00:00+02:00"", ""end"": ""2026-05-15T01:59:59+02:00""}, {""begin"": ""2026-05-15T02:00:00+02:00"", ""end"": ""2026-05-16T01:59:59+02:00""}, {""begin"": ""2026-05-16T02:00:00+02:00"", ""end"": ""2026-05-17T01:59:59+02:00""}, {""begin"": ""2026-05-17T02:00:00+02:00"", ""end"": ""2026-05-18T01:59:59+02:00""}, {""begin"": ""2026-05-18T02:00:00+02:00"", ""end"": ""2026-05-19T01:59:59+02:00""}, {""begin"": ""2026-05-19T02:00:00+02:00"", ""end"": ""2026-05-20T01:59:59+02:00""}, {""begin"": ""2026-05-20T02:00:00+02:00"", ""end"": ""2026-05-21T01:59:59+02:00""}, {""begin"": ""2026-05-21T02:00:00+02:00"", ""end"": ""2026-05-22T01:59:59+02:00""}, {""begin"": ""2026-05-22T02:00:00+02:00"", ""end"": ""2026-05-23T01:59:59+02:00""}, {""begin"": ""2026-05-23T02:00:00+02:00"", ""end"": ""2026-05-24T01:59:59+02:00""}, {""begin"": ""2026-05-24T02:00:00+02:00"", ""end"": ""2026-05-25T01:59:59+02:00""}, {""begin"": ""2026-05-25T02:00:00+02:00"", ""end"": ""2026-05-26T01:59:59+02:00""}, {""begin"": ""2026-05-26T02:00:00+02:00"", ""end"": ""2026-05-27T01:59:59+02:00""}, {""begin"": ""2026-05-27T02:00:00+02:00"", ""end"": ""2026-05-28T01:59:59+02:00""}, {""begin"": ""2026-05-28T02:00:00+02:00"", ""end"": ""2026-05-29T01:59:59+02:00""}, {""begin"": ""2026-05-29T02:00:00+02:00"", ""end"": ""2026-05-30T01:59:59+02:00""}, {""begin"": ""2026-05-30T02:00:00+02:00"", ""end"": ""2026-05-31T01:59:59+02:00""}, {""begin"": ""2026-05-31T02:00:00+02:00"", ""end"": ""2026-05-31T23:59:59+02:00""}]",CPAM de Moselle,"27 Rue des Messageries, 57000 Metz, France",57000,Metz,Moselle,Grand Est,,,,"{""id"": 1, ""label"": {""fr"": ""Sur place"", ""en"": ""In situ"", ""it"": ""In presenza"", ""es"": ""Desconnectad"", ""de"": ""Offline"", ""br"": ""War al lec\u2019h"", ""io"": ""crwdns14266:0crwdne14266:0"", ""oc"": ""Sus pla\u00e7a"", ""nl"": ""Ter plaatse""}}",,"[{""type"": ""link"", ""value"": ""https://challenge-maiavelo.geovelo.fr/""}]"
46083908,https://openagenda.com/culture/events/decouvrez-les-coulisses-du-reseau-le-met,Découvrez les coulisses du réseau LE MET',"À l’occasion de la Semaine de la mobilité, le Centre d’exploitation et de maintenance du réseau LE MET' ouvre ses portes au grand public le samedi 20 septembre. Vous pourrez découvrir les coulisses à…","À l’occasion de la Semaine de la mobilité, le Centre d’exploitation et de maintenance du réseau LE MET' ouvre ses portes au grand public le samedi 20 septembre. Vous pourrez découvrir les coulisses du réseau LE MET' à travers la visite du poste de contrôle et de commande (PCC) et des 5 000 m² d’ateliers.",Ouverture des réservations début septembre.,,,"Samedi 20 septembre 2025, 09h15",2025-09-20 07:15:00+00:00,2025-09-20 10:45:00+00:00,"[{""begin"": ""2025-09-20T09:15:00+02:00"", ""end"": ""2025-09-20T12:45:00+02:00""}]",Centre d'exploitation LE MET',"10 rue des Intendants Joseph et Ernest Joba, 57050 Metz",57004,Metz,Moselle,Grand Est,"['handicap visuel', 'handicap intellectuel', 'handicap psychique', 'handicap auditif', 'handicap moteur']",,,"{""id"": 1, ""label"": {""fr"": ""Sur place"", ""en"": ""In situ"", ""it"": ""In presenza"", ""es"": ""Desconnectad"", ""de"": ""Offline"", ""br"": ""War al lec\u2019h"", ""io"": ""crwdns14266:0crwdne14266:0"", ""oc"": ""Sus pla\u00e7a""}}",,"[{""type"": ""link"", ""value"": ""http://lemet.fr""}]"
95344631,https://openagenda.com/culture/events/visites-guidees-de-larsenal,Visites guidées de l'Arsenal,"Découvrez les différentes facettes de ce bâtiment militaire, devenu un lieu incontournable de la vie culturelle messine.","Découvrez les différentes facettes de ce bâtiment militaire, devenu un lieu incontournable de la vie culturelle messine. Réservez une visite pour découvrir l’Arsenal comme vous ne l’avez jamais vu !",Ouverture des réservations le 20 août à 13h.,,,20 et 21 septembre 2025,2025-09-20 09:00:00+00:00,2025-09-21 10:00:00+00:00,"[{""begin"": ""2025-09-20T11:00:00+02:00"", ""end"": ""2025-09-20T12:00:00+02:00""}, {""begin"": ""2025-09-21T11:00:00+02:00"", ""end"": ""2025-09-21T12:00:00+02:00""}]",L'Arsenal Jean-Marie Rausch,"3 avenue Ney, 57000 Metz",,Metz,Moselle,Grand Est,['handicap moteur'],,,"{""id"": 1, ""label"": {""fr"": ""Sur place"", ""en"": ""In situ"", ""it"": ""In presenza"", ""es"": ""Desconnectad"", ""de"": ""Offline"", ""br"": ""War al lec\u2019h"", ""io"": ""crwdns14266:0crwdne14266:0"", ""oc"": ""Sus pla\u00e7a""}}",,"[{""type"": ""link"", ""value"": ""https://www.citemusicale-metz.fr/fr/programmation/saison-25-26/arsenal/visites-de-larsenal-1""}]"
10763993,https://openagenda.com/culture/events/les-grandes-heures-de-la-basilique-saint-vincent-4297566,Les grandes heures de la basilique Saint-Vincent,Découvrez l'histoire et la vie à travers les époques de la basilique Saint-Vincent grâce à cette exposition.,Découvrez l'histoire et la vie à travers les époques de la basilique Saint-Vincent grâce à cette exposition.,,,,20 et 21 septembre 2025,2025-09-20 09:00:00+00:00,2025-09-21 16:00:00+00:00,"[{""begin"": ""2025-09-20T11:00:00+02:00"", ""end"": ""2025-09-20T18:00:00+02:00""}, {""begin"": ""2025-09-21T11:00:00+02:00"", ""end"": ""2025-09-21T18:00:00+02:00""}]",Basilique Saint-Vincent,"Place Saint-Vincent, 57000 Metz",57045,Metz,Moselle,Grand Est,['handicap moteur'],,,"{""id"": 1, ""label"": {""fr"": ""Sur place"", ""en"": ""In situ"", ""it"": ""In presenza"", ""es"": ""Desconnectad"", ""de"": ""Offline"", ""br"": ""War al lec\u2019h"", ""io"": ""crwdns14266:0crwdne14266:0"", ""oc"": ""Sus pla\u00e7a""}}",,
15283263,https://openagenda.com/francetravail/events/acceder-a-une-formation-employee-detage-retour-rapide-a-lemploi,"Accéder à une formation: employée d'étage, retour rapide à l'emploi","Vous recherchez une formation qui pourrait vous permettre de reprendre rapidement un emploi, alors n'hésitez pas à vous positionner sur cette réunion d'information.","Vous recherchez une formation qui pourrait vous permettre de reprendre rapidement un emploi, alors n'hésitez pas à vous positionner sur cette réunion d'information.",,['Découverte formation'],,"Lundi 24 novembre 2025, 14h00",2025-11-24 13:00:00+00:00,2025-11-24 15:00:00+00:00,"[{""begin"": ""2025-11-24T14:00:00+01:00"", ""end"": ""2025-11-24T16:00:00+01:00""}]",Agence MONTIGNY LES METZ,57070 Metz,57000,Metz,Moselle,Grand Est,,,,"{""id"": 1, ""label"": {""fr"": ""Sur place"", ""en"": ""In situ"", ""it"": ""In presenza"", ""es"": ""Desconnectad"", ""de"": ""Offline"", ""br"": ""War al lec\u2019h"", ""io"": ""crwdns14266:0crwdne14266:0"", ""oc"": ""Sus pla\u00e7a"", ""nl"": ""Ter plaatse""}}",,"[{""type"": ""link"", ""value"": ""https://mesevenementsemploi.francetravail.fr/mes-evenements-emploi/evenement/526519""}]"
76118620,https://openagenda.com/francetravail/events/venez-decouvrir-les-metiers-de-laide-a-la-personne-4015058,Venez découvrir les métiers de l'aide à la personne !,Vous êtes intéressé par les métiers de l'aide à la personne ? Rejoignez-nous pour un moment d'échange enrichissant en compagnie de la société ONELA !,"Vous êtes intéressé par les métiers de l'aide à la personne ? Rejoignez-nous pour un moment d'échange enrichissant en compagnie de la société ONELA ! Nous vous inviterons à découvrir les métiers d'auxiliaire de vie et d'aide ménager(ère), à travers des discussions interactives sur les réalités et les perceptions de ces professions. Vous apprendrez quels sont les prérequis nécessaires pour exercer et nous vous présenterons les opportunités de postes disponibles. Ne manquez pas cette occasion de v",,"['#TousMobilisés', '1 jeune  1 solution', ""Les métiers de l'humain"", 'Découverte secteur / métier', 'Marché du travail', ""S'informer"", 'Recrutement']",,"Mardi 16 décembre 2025, 09h00",2025-12-16 08:00:00+00:00,2025-12-16 10:00:00+00:00,"[{""begin"": ""2025-12-16T09:00:00+01:00"", ""end"": ""2025-12-16T11:00:00+01:00""}]",Agence METZ GARE,57000 Metz,57000,Metz,Moselle,Grand Est,,,,"{""id"": 1, ""label"": {""fr"": ""Sur place"", ""en"": ""In situ"", ""it"": ""In presenza"", ""es"": ""Desconnectad"", ""de"": ""Offline"", ""br"": ""War al lec\u2019h"", ""io"": ""crwdns14266:0crwdne14266:0"", ""oc"": ""Sus pla\u00e7a"", ""nl"": ""Ter plaatse""}}",,"[{""type"": ""link"", ""value"": ""https://mesevenementsemploi.francetravail.fr/mes-evenements-emploi/evenement/542637""}]"
45423975,https://openagenda.com/francetravail/events/chargee-de-clientele-a-distance-concentrix-recrute-2282167,Chargé(e) de clientèle à distance ... CONCENTRIX recrute !,Concentrix recrute ses futurs collaborateurs H/F qui seront chargé(e)s de la relation clients dans le secteur de l'énergie ...,Concentrix recrute ses futurs collaborateurs H/F qui seront chargé(e)s de la relation clients dans le secteur de l'énergie ... Pas de prospection ! Si vous aimez la relation clients et que vous maitrisez le numérique alors rejoignez-nous ! Venez découvrir ce que Concentrix peut vous proposer ... L'entreprise présentera sa structure implantée sur le Technopole de Metz ainsi que les postes à pourvoir. Un premier entretien sera mené à l'issue de la présentation pour les candidats intéressés. Merci,,"['#TousMobilisés', 'Découverte secteur / métier', 'Recrutement']",,"Mardi 7 avril, 09h30",2026-04-07 07:30:00+00:00,2026-04-07 10:00:00+00:00,"[{""begin"": ""2026-04-07T09:30:00+02:00"", ""end"": ""2026-04-07T12:00:00+02:00""}]",Agence METZ SEBASTOPOL,57070 Metz,57070,Metz,Moselle,Grand Est,,,,"{""id"": 1, ""label"": {""fr"": ""Sur place"", ""en"": ""In situ"", ""it"": ""In presenza"", ""es"": ""Desconnectad"", ""de"": ""Offline"", ""br"": ""War al lec\u2019h"", ""io"": ""crwdns14266:0crwdne14266:0"", ""oc"": ""Sus pla\u00e7a"", ""nl"": ""Ter plaatse""}}",,"[{""type"": ""link"", ""value"": ""https://mesevenementsemploi.francetravail.fr/mes-evenements-emploi/evenement/626873""}]"
41595807,https://openagenda.com/culture/events/de-largentique-au-numerique-60-ans-de-photographie-du-patrimoine,"De l’argentique au numérique, 60 ans de photographie du patrimoine","A l’occasion des journées du patrimoines 2026 et du 60ème anniversaire de l’Inventaire du Patrimoine Culturel sur le territoire lorrain, Gilles André photographe de ce service de la région Grand Est…","A l’occasion des journées du patrimoines 2026 et du 60ème anniversaire de l’Inventaire du Patrimoine Culturel sur le territoire lorrain, Gilles André photographe de ce service de la région Grand Est présentera un historique de la photographie documentaire à l’Inventaire. Il parlera du métier de photographe du patrimoine, illustré de cas concrets.",Au Salon de Guise de l'Hôtel de Ville,,,"Samedi 19 septembre, 16h30",2026-09-19 14:30:00+00:00,2026-09-19 15:30:00+00:00,"[{""begin"": ""2026-09-19T16:30:00+02:00"", ""end"": ""2026-09-19T17:30:00+02:00""}]",Hôtel de Ville,"Place d'Armes, 57000 Metz",57014,Metz,Moselle,Grand Est,['handicap moteur'],,,"{""id"": 1, ""label"": {""fr"": ""Sur place"", ""en"": ""In situ"", ""it"": ""In presenza"", ""es"": ""Desconnectad"", ""de"": ""Offline"", ""br"": ""War al lec\u2019h"", ""io"": ""crwdns14266:0crwdne14266:0"", ""oc"": ""Sus pla\u00e7a"", ""nl"": ""Ter plaatse""}}",,
19028222,https://openagenda.com/francetravail/events/atelier-cv-abonnement-aux-offres-carte-de-visite-7568161,ATELIER CV / ABONNEMENT AUX OFFRES/ CARTE DE VISITE .........,ATELIER CV / ABONNEMENT AUX OFFRES/ CARTE DE VISITE .........,ATELIER CV / ABONNEMENT AUX OFFRES/ CARTE DE VISITE ......... Il s'agit d'un accompagnement personnalisé d'une heure avec un agent volontaire service civique permettant de créer mettre à jour votre CV de rendre votre profil visible pour les employeurs et de découvrir les potentialités de votre espace personnel,,['Les outils du numérique'],,"Mercredi 19 août, 09h00",2026-08-19 07:00:00+00:00,2026-08-19 08:00:00+00:00,"[{""begin"": ""2026-08-19T09:00:00+02:00"", ""end"": ""2026-08-19T10:00:00+02:00""}]",Agence METZ BLIDA,57000 Metz,57014,Metz,Moselle,Grand Est,,,,"{""id"": 1, ""label"": {""fr"": ""Sur place"", ""en"": ""In situ"", ""it"": ""In presenza"", ""es"": ""Desconnectad"", ""de"": ""Offline"", ""br"": ""War al lec\u2019h"", ""io"": ""crwdns14266:0crwdne14266:0"", ""oc"": ""Sus pla\u00e7a"", ""nl"": ""Ter plaatse""}}",,"[{""type"": ""link"", ""value"": ""https://mesevenementsemploi.francetravail.fr/mes-evenements-emploi/evenement/726647""}]"
62699773,https://openagenda.com/fetedelamusique2026/events/concerts-jardin-de-lesplanade-metz,Concerts Jardin de l'Esplanade - Metz,Concerts Fête de la musique - Jardin de l'Esplanade Metz,Concerts Fête de la musique - Jardin de l'Esplanade Metz Le Tourdion : 17h00 à 19h00 (Chorale) Blues Bazar Revival : 20h00 à 21h30 (pop rock) Ylesia : 22h30 à 00h (Métal),"Gratuit, accès libre",,,"Dimanche 21 juin, 17h00",2026-06-21 15:00:00+00:00,2026-06-21 21:59:00+00:00,"[{""begin"": ""2026-06-21T17:00:00+02:00"", ""end"": ""2026-06-21T23:59:00+02:00""}]",Esplanade - Metz,Jardin de l'Esplanade Metz,,Metz,Moselle,Grand Est,,,,"{""id"": 1, ""label"": {""fr"": ""Sur place""}}",,
98525963,https://openagenda.com/culture/events/la-visite-de-madame-de-gournay-7012769,La visite de Madame de Gournay,"Cette année, Madame de Gournay propose un coaching architectural dans le quartier de la Citadelle. En une visite, vous apprendrez à repérer et à lire les détails d’architecture, des plus savants aux…","Cette année, Madame de Gournay propose un coaching architectural dans le quartier de la Citadelle. En une visite, vous apprendrez à repérer et à lire les détails d’architecture, des plus savants aux plus insolites. Une (re)mise en forme de l’esprit en douceur et sans abdos.","25 personnes maximum. Ouverture des réservations : le 1er septembre 2025. Départ au pied de la statue Ney, sur l’Esplanade.",,,20 et 21 septembre 2025,2025-09-20 12:00:00+00:00,2025-09-21 14:15:00+00:00,"[{""begin"": ""2025-09-20T14:00:00+02:00"", ""end"": ""2025-09-20T15:15:00+02:00""}, {""begin"": ""2025-09-20T16:00:00+02:00"", ""end"": ""2025-09-20T17:15:00+02:00""}, {""begin"": ""2025-09-21T11:00:00+02:00"", ""end"": ""2025-09-21T12:15:00+02:00""}, {""begin"": ""2025-09-21T15:00:00+02:00"", ""end"": ""2025-09-21T16:15:00+02:00""}]",L'Esplanade,"Jardin de l'esplanade, 57000 Metz",,Metz,Moselle,Grand Est,,,,"{""id"": 1, ""label"": {""fr"": ""Sur place"", ""en"": ""In situ"", ""it"": ""In presenza"", ""es"": ""Desconnectad"", ""de"": ""Offline"", ""br"": ""War al lec\u2019h"", ""io"": ""crwdns14266:0crwdne14266:0"", ""oc"": ""Sus pla\u00e7a"", ""nl"": ""Ter plaatse""}}",,"[{""type"": ""link"", ""value"": ""http://metz.fr/m0473""}]"
99357593,https://openagenda.com/culture/events/en-exposition-a-carrefour-des-arts-metz,Exposition à Carrefour des Arts Metz,"Carrefour des Arts Metz, centre d'art et Pôle culturel messin, ouvre ses portes. Michel Lelièvre, médiateur culturel et artiste s'occupe de ce lieu depuis 1987.","Carrefour des Arts Metz, centre d'art et Pôle culturel messin, ouvre ses portes. Michel Lelièvre, médiateur culturel et artiste s'occupe de ce lieu depuis 1987. - Carrefour des Arts présente dans les cours, les bâches peintes de Patricia Caballina, -dans le jardin, la Tour de Babel sous la direction de Michel Lelièvre. - au sous-sol de Carrefour, la sculpture monumentale Normania de Michel Lelièvre... -dans l'espace d'exposition, les gravures de Patricia Gérardin , - dans la cage d'escalier, les peintures contre le cancer du sein de l'artiste plasticien Fabrice Entemeyer, ainsi que les dessins et sculptures de Michel Lelièvre, mais aussi les peintures-vitraux de Paul Nadé. - En patrimoine, la maison natale du compositeur messin Gabriel Pierné et son escalier en bois ( accès par la cour).",,,,19 et 20 septembre,2026-09-19 13:00:00+00:00,2026-09-20 16:00:00+00:00,"[{""begin"": ""2026-09-19T15:00:00+02:00"", ""end"": ""2026-09-19T18:00:00+02:00""}, {""begin"": ""2026-09-20T15:00:00+02:00"", ""end"": ""2026-09-20T18:00:00+02:00""}]",Association Carrefour,"3 Rue des Trinitaires, 57000 Metz",57014,Metz,Moselle,Grand Est,,,,"{""id"": 1, ""label"": {""fr"": ""Sur place"", ""en"": ""In situ"", ""it"": ""In presenza"", ""es"": ""Desconnectad"", ""de"": ""Offline"", ""br"": ""War al lec\u2019h"", ""io"": ""crwdns14266:0crwdne14266:0"", ""oc"": ""Sus pla\u00e7a"", ""nl"": ""Ter plaatse""}}",,
11944418,https://openagenda.com/culture/events/les-coulisses-de-la-prefecture-de-zone-de-defense-et-de-securite-est,Les coulisses de la préfecture de zone de défense et de sécurité Est,"A l'occasion de la Journée européenne du patrimoine, la préfecture de zone de défense et de sécurité ouvre exceptionnellement ses portes.","A l'occasion de la Journée européenne du patrimoine, la préfecture de zone de défense et de sécurité ouvre exceptionnellement ses portes. Au fil d'un parcours guidé d'environ 1h30, les visiteurs découvriront l'histoire du site Riberpray, ainsi que les missions exercées au quotidien par les services de l'Etat. Chaque étape débute par une énigme photographique invitant les participants à observer leur environnement, avant une présentation des lieux, de leur histoire et de leurs fonctions. Le parcours propose notamment : - une introduction historique autour du mât des couleurs ; - une exploration des souterrains historiques du site ; - la découverte des tenus du préfet et du policier, ainsi que son équipement. Les associations Les Historateurs et Metz en guerre animeront plusieurs séquences, à travers des reconstitutions historiques, des mises en scène immersives, la présentation d'objets et de photographies d'époque. Une occasion unique de porter un autre regard sur un lieu emblématique du patrimoine messin, et sur les femmes et les hommes qui y exercent leurs missions au service de l'Etat et des citoyens.",Limité à 30 personnes par créneau,,,"Samedi 19 septembre, 09h00, 11h00, 14h00, 16h00",2026-09-19 07:00:00+00:00,2026-09-19 15:30:00+00:00,"[{""begin"": ""2026-09-19T09:00:00+02:00"", ""end"": ""2026-09-19T10:30:00+02:00""}, {""begin"": ""2026-09-19T11:00:00+02:00"", ""end"": ""2026-09-19T12:30:00+02:00""}, {""begin"": ""2026-09-19T14:00:00+02:00"", ""end"": ""2026-09-19T15:30:00+02:00""}, {""begin"": ""2026-09-19T16:00:00+02:00"", ""end"": ""2026-09-19T17:30:00+02:00""}]",Préfecture de Zone de Défense et de Sécurité Est,"12 rue Belle-Isle, 57036 Metz",57004,Metz,Moselle,Grand Est,,,,"{""id"": 1, ""label"": {""fr"": ""Sur place"", ""en"": ""In situ"", ""it"": ""In presenza"", ""es"": ""Desconnectad"", ""de"": ""Offline"", ""br"": ""War al lec\u2019h"", ""io"": ""crwdns14266:0crwdne14266:0"", ""oc"": ""Sus pla\u00e7a"", ""nl"": ""Ter plaatse""}}",,"[{""type"": ""link"", ""value"": ""https://www.eventbrite.com/e/les-coulisses-de-la-prefecture-de-zone-de-defense-et-de-securite-est-tickets-1991700937118?aff=oddtdtcreator""}]"
74822340,https://openagenda.com/maiavelo/events/mai-a-velo-2026-2390779,Mai à Vélo 2026,Faites parcourir à votre communauté le plus de kilomètres au mois de mai !,,,['challenge-id=212984'],,1 - 31 mai,2026-04-30 22:00:00+00:00,2026-05-31 21:59:59+00:00,"[{""begin"": ""2026-05-01T00:00:00+02:00"", ""end"": ""2026-05-01T01:59:59+02:00""}, {""begin"": ""2026-05-01T02:00:00+02:00"", ""end"": ""2026-05-02T01:59:59+02:00""}, {""begin"": ""2026-05-02T02:00:00+02:00"", ""end"": ""2026-05-03T01:59:59+02:00""}, {""begin"": ""2026-05-03T02:00:00+02:00"", ""end"": ""2026-05-04T01:59:59+02:00""}, {""begin"": ""2026-05-04T02:00:00+02:00"", ""end"": ""2026-05-05T01:59:59+02:00""}, {""begin"": ""2026-05-05T02:00:00+02:00"", ""end"": ""2026-05-06T01:59:59+02:00""}, {""begin"": ""2026-05-06T02:00:00+02:00"", ""end"": ""2026-05-07T01:59:59+02:00""}, {""begin"": ""2026-05-07T02:00:00+02:00"", ""end"": ""2026-05-08T01:59:59+02:00""}, {""begin"": ""2026-05-08T02:00:00+02:00"", ""end"": ""2026-05-09T01:59:59+02:00""}, {""begin"": ""2026-05-09T02:00:00+02:00"", ""end"": ""2026-05-10T01:59:59+02:00""}, {""begin"": ""2026-05-10T02:00:00+02:00"", ""end"": ""2026-05-11T01:59:59+02:00""}, {""begin"": ""2026-05-11T02:00:00+02:00"", ""end"": ""2026-05-12T01:59:59+02:00""}, {""begin"": ""2026-05-12T02:00:00+02:00"", ""end"": ""2026-05-13T01:59:59+02:00""}, {""begin"": ""2026-05-13T02:00:00+02:00"", ""end"": ""2026-05-14T01:59:59+02:00""}, {""begin"": ""2026-05-14T02:00:00+02:00"", ""end"": ""2026-05-15T01:59:59+02:00""}, {""begin"": ""2026-05-15T02:00:00+02:00"", ""end"": ""2026-05-16T01:59:59+02:00""}, {""begin"": ""2026-05-16T02:00:00+02:00"", ""end"": ""2026-05-17T01:59:59+02:00""}, {""begin"": ""2026-05-17T02:00:00+02:00"", ""end"": ""2026-05-18T01:59:59+02:00""}, {""begin"": ""2026-05-18T02:00:00+02:00"", ""end"": ""2026-05-19T01:59:59+02:00""}, {""begin"": ""2026-05-19T02:00:00+02:00"", ""end"": ""2026-05-20T01:59:59+02:00""}, {""begin"": ""2026-05-20T02:00:00+02:00"", ""end"": ""2026-05-21T01:59:59+02:00""}, {""begin"": ""2026-05-21T02:00:00+02:00"", ""end"": ""2026-05-22T01:59:59+02:00""}, {""begin"": ""2026-05-22T02:00:00+02:00"", ""end"": ""2026-05-23T01:59:59+02:00""}, {""begin"": ""2026-05-23T02:00:00+02:00"", ""end"": ""2026-05-24T01:59:59+02:00""}, {""begin"": ""2026-05-24T02:00:00+02:00"", ""end"": ""2026-05-25T01:59:59+02:00""}, {""begin"": ""2026-05-25T02:00:00+02:00"", ""end"": ""2026-05-26T01:59:59+02:00""}, {""begin"": ""2026-05-26T02:00:00+02:00"", ""end"": ""2026-05-27T01:59:59+02:00""}, {""begin"": ""2026-05-27T02:00:00+02:00"", ""end"": ""2026-05-28T01:59:59+02:00""}, {""begin"": ""2026-05-28T02:00:00+02:00"", ""end"": ""2026-05-29T01:59:59+02:00""}, {""begin"": ""2026-05-29T02:00:00+02:00"", ""end"": ""2026-05-30T01:59:59+02:00""}, {""begin"": ""2026-05-30T02:00:00+02:00"", ""end"": ""2026-05-31T01:59:59+02:00""}, {""begin"": ""2026-05-31T02:00:00+02:00"", ""end"": ""2026-05-31T23:59:59+02:00""}]",Metz à Vélo,"3 Avenue Leclerc de Hauteclocque, 57000 Metz France",57000,Metz,Moselle,Grand Est,,,,"{""id"": 1, ""label"": {""fr"": ""Sur place"", ""en"": ""In situ"", ""it"": ""In presenza"", ""es"": ""Desconnectad"", ""de"": ""Offline"", ""br"": ""War al lec\u2019h"", ""io"": ""crwdns14266:0crwdne14266:0"", ""oc"": ""Sus pla\u00e7a"", ""nl"": ""Ter plaatse""}}",,"[{""type"": ""link"", ""value"": ""https://challenge-maiavelo.geovelo.fr/""}]"
72207249,https://openagenda.com/planlibre/events/planning-et-poeme,Planning et poème,Exposition personnelle d'Alexis Nivelle,"Planning et poème Exposition personnelle d'Alexis Nivelle Vernissage le 8 janvier 2026 à 18h La peinture d'Alexis Nivelle explore les associations et les ambiguïtés de la vie imaginative en utilisant un répertoire limité de formes simples, apparemment abstraites. Toutes ces formes ont un air de famille et semblent imiter des bulles, des pelotes, des saucisses, des soleils, des nuages ou peut-être des fleurs... Le poncif n'est jamais bien loin, l'idiotie et l'humour non plus. Et aussi (pourquoi pas ?) la tendresse. Dessinateur, son travail est autoréférentiel et procède, le plus souvent, par mise en abîme.Dans les intérieurs et les architectures qu'il dessine, vidés de toute présence humaine, des tableaux apparemment abstraits sont mis en scène. Là où les tableaux réels cherchent à affirmer une présence lumineuse et sans récit, leurs doublures dans les dessins s'inscrivent, elles, dans le temps suspendu d'une narration toujours en attente d'advenir. Alexis Nivelle Après des études brèves (une licence en arts plastiques obtenue en 2001), Alexis Nivelle s'oriente très vite, et avec un engouement variable, vers divers emplois subalternes. À l'image des anti-héros de Robert Walser, dont il est un fervent lecteur, il navigue longtemps ainsi : de petit boulot en petit boulot. Parallèlement toutefois, et comme en sous-main, la pratique quotidienne de la peinture et du dessin fonctionne pour lui comme une boussole précieuse. Évoquant cette pratique au long cours, Alexis Nivelle aime à dire qu'elle lui permet de « [se] dédoubler agréablement.» Peinture et dessin sont en effet, dans son cas, deux activités rigoureusement circonscrites, différentes l'une de l’autre, et cependant reliées conceptuellement. Au fil du temps, c’est une forme de rapport ludique (et critique) à l'activité artistique elle-même que cette démarche autoréflexive et bipartite semble mettre en place – facétieusement. Avec les soutiens du Ministère de la Culture et de la Communication, la Région Grand Est, le Conseil Départemental de la Moselle, la ville de Metz, DRAJES, Économie solidaire de l'art, Tirage à part.",,['exposition peinture dessin'],,9 janvier - 14 février,2026-01-09 13:00:00+00:00,2026-02-14 17:00:00+00:00,"[{""begin"": ""2026-01-09T14:00:00+01:00"", ""end"": ""2026-01-09T18:00:00+01:00""}, {""begin"": ""2026-01-10T14:00:00+01:00"", ""end"": ""2026-01-10T18:00:00+01:00""}, {""begin"": ""2026-01-15T14:00:00+01:00"", ""end"": ""2026-01-15T18:00:00+01:00""}, {""begin"": ""2026-01-16T14:00:00+01:00"", ""end"": ""2026-01-16T18:00:00+01:00""}, {""begin"": ""2026-01-17T14:00:00+01:00"", ""end"": ""2026-01-17T18:00:00+01:00""}, {""begin"": ""2026-01-22T14:00:00+01:00"", ""end"": ""2026-01-22T18:00:00+01:00""}, {""begin"": ""2026-01-23T14:00:00+01:00"", ""end"": ""2026-01-23T18:00:00+01:00""}, {""begin"": ""2026-01-24T14:00:00+01:00"", ""end"": ""2026-01-24T18:00:00+01:00""}, {""begin"": ""2026-01-29T14:00:00+01:00"", ""end"": ""2026-01-29T18:00:00+01:00""}, {""begin"": ""2026-01-30T14:00:00+01:00"", ""end"": ""2026-01-30T18:00:00+01:00""}, {""begin"": ""2026-01-31T14:00:00+01:00"", ""end"": ""2026-01-31T18:00:00+01:00""}, {""begin"": ""2026-02-05T14:00:00+01:00"", ""end"": ""2026-02-05T18:00:00+01:00""}, {""begin"": ""2026-02-06T14:00:00+01:00"", ""end"": ""2026-02-06T18:00:00+01:00""}, {""begin"": ""2026-02-07T14:00:00+01:00"", ""end"": ""2026-02-07T18:00:00+01:00""}, {""begin"": ""2026-02-12T14:00:00+01:00"", ""end"": ""2026-02-12T18:00:00+01:00""}, {""begin"": ""2026-02-13T14:00:00+01:00"", ""end"": ""2026-02-13T18:00:00+01:00""}, {""begin"": ""2026-02-14T14:00:00+01:00"", ""end"": ""2026-02-14T18:00:00+01:00""}]",Galerie Modulab,28 rue Mazelle,57000,Metz,Moselle,Grand Est,"['handicap moteur', 'handicap psychique', 'handicap auditif', 'handicap intellectuel']",,99.0,"{""id"": 1, ""label"": {""fr"": ""Sur place"", ""en"": ""In situ"", ""it"": ""In presenza"", ""es"": ""Desconnectad"", ""de"": ""Offline"", ""br"": ""War al lec\u2019h"", ""io"": ""crwdns14266:0crwdne14266:0"", ""oc"": ""Sus pla\u00e7a"", ""nl"": ""Ter plaatse""}}",,"[{""type"": ""link"", ""value"": ""https://www.modulab.fr""}, {""type"": ""link"", ""value"": ""https://www.instagram.com/modulab/""}, {""type"": ""link"", ""value"": ""https://www.facebook.com/modulab""}]"
788520,https://openagenda.com/culture/events/marche-des-metiers-dart-1921671,Marché des métiers d’art,"Découvrez le marché des métiers d’art de Metz. Une trentaine d’artisans d’art, tous professionnels, vous présentent leurs dernières œuvres, place des Charrons à Metz. La géométrie de cette place une…","Découvrez le marché des métiers d’art de Metz. Une trentaine d’artisans d’art, tous professionnels, vous présentent leurs dernières œuvres, place des Charrons à Metz. La géométrie de cette place permet d’accueillir une trentaine d’exposants. Vous y trouverez des céramistes, verriers, maroquiniers, vanniers, ébénistes, ferronniers…",,,,20 et 21 septembre 2025,2025-09-20 08:00:00+00:00,2025-09-21 16:00:00+00:00,"[{""begin"": ""2025-09-20T10:00:00+02:00"", ""end"": ""2025-09-20T19:00:00+02:00""}, {""begin"": ""2025-09-21T10:00:00+02:00"", ""end"": ""2025-09-21T18:00:00+02:00""}]",Place des Charrons,"Place des Charrons, 57000 Metz",57000,Metz,Moselle,Grand Est,,,,"{""id"": 1, ""label"": {""fr"": ""Sur place"", ""en"": ""In situ"", ""it"": ""In presenza"", ""es"": ""Desconnectad"", ""de"": ""Offline"", ""br"": ""War al lec\u2019h"", ""io"": ""crwdns14266:0crwdne14266:0"", ""oc"": ""Sus pla\u00e7a""}}",,
16769637,https://openagenda.com/culture/events/visite-libre-de-lexposition-copistes,Visite de l'exposition « Copistes »,"L’exposition « Copistes » invite cent figures de la création contemporaine à copier une œuvre du musée du Louvre, l’un des plus grands musées du monde, riche de trésors à la fois iconiques et   Parmi…","L’exposition « Copistes » invite cent figures de la création contemporaine à copier une œuvre du musée du Louvre, l’un des plus grands musées du monde, riche de trésors à la fois iconiques et encyclopédiques. Parmi elles : des peintres, des dessinateurs, mais aussi des sculpteurs, des designers et des écrivains, qui proposent autant de façons de copier et de repenser la notion de copie aujourd’hui.",,,,20 et 21 septembre 2025,2025-09-20 08:00:00+00:00,2025-09-21 17:00:00+00:00,"[{""begin"": ""2025-09-20T10:00:00+02:00"", ""end"": ""2025-09-20T19:00:00+02:00""}, {""begin"": ""2025-09-21T10:00:00+02:00"", ""end"": ""2025-09-21T19:00:00+02:00""}]",Centre Pompidou - Metz,"1 parvis des droits de l'homme, 57000 Metz, France",57000,Metz,Moselle,Grand Est,,,,"{""id"": 1, ""label"": {""fr"": ""Sur place"", ""en"": ""In situ"", ""it"": ""In presenza"", ""es"": ""Desconnectad"", ""de"": ""Offline"", ""br"": ""War al lec\u2019h"", ""io"": ""crwdns14266:0crwdne14266:0"", ""oc"": ""Sus pla\u00e7a""}}",,
35809128,https://openagenda.com/culture/events/sur-les-traces-du-moyen-age-le-patrimoine-architectural-de-metz-1200-1550,Sur les traces du Moyen Âge : le patrimoine architectural de Metz (1200–1550),"Partez à la découverte des vestiges médiévaux qui jalonnent le patrimoine architectural messin, à l’époque où la noble cité de Metz, ville libre du Saint-Empire, était gouvernée par les paraiges.","Partez à la découverte des vestiges médiévaux qui jalonnent le patrimoine architectural messin, à l’époque où la noble cité de Metz, ville libre du Saint-Empire, était gouvernée par les paraiges. Entre le XIIIe et le XVIe siècle, Metz connaît une histoire riche et mouvementée, dont les pierres gardent la mémoire : églises, rues, remparts et demeures racontent encore aujourd’hui la grandeur d’une cité marchande, fière de ses libertés. Présentée par Amélie Marineau-Pelletier, au salon de Guise.",,,,"Dimanche 21 septembre 2025, 16h00",2025-09-21 14:00:00+00:00,2025-09-21 15:00:00+00:00,"[{""begin"": ""2025-09-21T16:00:00+02:00"", ""end"": ""2025-09-21T17:00:00+02:00""}]",Hôtel de Ville,"Place d'Armes, 57000 Metz",57014,Metz,Moselle,Grand Est,,,,"{""id"": 1, ""label"": {""fr"": ""Sur place"", ""en"": ""In situ"", ""it"": ""In presenza"", ""es"": ""Desconnectad"", ""de"": ""Offline"", ""br"": ""War al lec\u2019h"", ""io"": ""crwdns14266:0crwdne14266:0"", ""oc"": ""Sus pla\u00e7a""}}",,
24807241,https://openagenda.com/culture/events/visite-de-la-prefecture-de-la-moselle-7875965,Visite exclusive d’un bâtiment officiel,"Les visiteurs pourront découvrir, lors de visites guidées, différents espaces habituellement inaccessibles au public : la cour et les salons d’honneur, le bureau du préfet, les salles Jean Moulin et…","Les visiteurs pourront découvrir, lors de visites guidées, différents espaces habituellement inaccessibles au public : la cour et les salons d’honneur, le bureau du préfet, les salles Jean Moulin et Marcel Rebourset ainsi que les jardins de l’hôtel de la préfecture.",,,,"Dimanche 21 septembre 2025, 10h00",2025-09-21 08:00:00+00:00,2025-09-21 15:00:00+00:00,"[{""begin"": ""2025-09-21T10:00:00+02:00"", ""end"": ""2025-09-21T17:00:00+02:00""}]",Préfecture de la Moselle,"9 place de la Préfecture, 57034 Metz",57000,Metz,Moselle,Grand Est,,,,"{""id"": 1, ""label"": {""fr"": ""Sur place"", ""en"": ""In situ"", ""it"": ""In presenza"", ""es"": ""Desconnectad"", ""de"": ""Offline"", ""br"": ""War al lec\u2019h"", ""io"": ""crwdns14266:0crwdne14266:0"", ""oc"": ""Sus pla\u00e7a""}}",,
47388050,https://openagenda.com/culture/events/visite-guidee-theatralisee-9033583,"Verlaine, cet illustre Messin",Découverte de l’œuvre et de la vie de Paul Verlaine dans sa maison natale.,"Découverte de l’œuvre et de la vie de Paul Verlaine dans sa maison natale. Découvrez un lieu littéraire où la vie, l’œuvre du poète Verlaine et son temps vous seront présentés dans un décor du Second Empire au travers d'un récit passionnant. Une iconographie riche composée de portraits, photographies, journaux anciens, livres, gravures et caricatures composent l'exposition permanente et temporaire.","Visite toutes les heures : 14h, 15h, 16h et 17h le samedi, et 14h, 15h, 16h le dimanche.
Ouverture des réservations le 12 septembre 2025. Adulte 5€. Etudiant, faible revenu  : 3€ ; Gratuit moins de 18 ans.",,,20 et 21 septembre 2025,2025-09-20 12:00:00+00:00,2025-09-21 15:00:00+00:00,"[{""begin"": ""2025-09-20T14:00:00+02:00"", ""end"": ""2025-09-20T18:00:00+02:00""}, {""begin"": ""2025-09-21T14:00:00+02:00"", ""end"": ""2025-09-21T17:00:00+02:00""}]",Maison de Paul Verlaine,"2 Rue Haute Pierre, 57000 Metz, France",57000,Metz,Moselle,Grand Est,,,,"{""id"": 1, ""label"": {""fr"": ""Sur place"", ""en"": ""In situ"", ""it"": ""In presenza"", ""es"": ""Desconnectad"", ""de"": ""Offline"", ""br"": ""War al lec\u2019h"", ""io"": ""crwdns14266:0crwdne14266:0"", ""oc"": ""Sus pla\u00e7a""}}",,"[{""type"": ""phone"", ""value"": ""06.34.52.22.34""}]"
97766629,https://openagenda.com/culture/events/fuhrung-durch-einen-historischen-bahnhof,Une immersion dans un édifice emblématique du patrimoine ferroviaire,"Laissez-vous guider en allemand à travers l’histoire et l’architecture singulière de la gare de Metz. Une immersion dans un lieu emblématique du patrimoine ferroviaire, accessible depuis le Pavillon…","Laissez-vous guider en allemand à travers l’histoire et l’architecture singulière de la gare de Metz. Une immersion dans un lieu emblématique du patrimoine ferroviaire, accessible depuis le Pavillon de l’Empereur. Un rendez-vous à ne pas manquer, sur inscription préalable.",Merci de vous présenter 10min avant le début de la visite. 15 personnes maximum.,,,"Samedi 20 septembre 2025, 10h00",2025-09-20 08:00:00+00:00,2025-09-20 09:00:00+00:00,"[{""begin"": ""2025-09-20T10:00:00+02:00"", ""end"": ""2025-09-20T11:00:00+02:00""}]",Gare,"Place du Général de Gaulle, 57000 Metz",57000,Metz,Moselle,Grand Est,,,,"{""id"": 1, ""label"": {""fr"": ""Sur place"", ""en"": ""In situ"", ""it"": ""In presenza"", ""es"": ""Desconnectad"", ""de"": ""Offline"", ""br"": ""War al lec\u2019h"", ""io"": ""crwdns14266:0crwdne14266:0"", ""oc"": ""Sus pla\u00e7a""}}",,"[{""type"": ""link"", ""value"": ""https://affluences.com/fr/""}]"
84399868,https://openagenda.com/culture/events/visite-libre-chapelle-orthodoxe-saint-martin-saint-silouane,Visite d'une chapelle orthodoxe et de ses fresques de style byzantin,Découvrez un lieu de culte selon la tradition orthodoxe.,Découvrez un lieu de culte selon la tradition orthodoxe.,,,,20 et 21 septembre 2025,2025-09-20 12:00:00+00:00,2025-09-21 16:00:00+00:00,"[{""begin"": ""2025-09-20T14:00:00+02:00"", ""end"": ""2025-09-20T18:00:00+02:00""}, {""begin"": ""2025-09-21T14:00:00+02:00"", ""end"": ""2025-09-21T18:00:00+02:00""}]",Chapelle orthodoxe Saint-Martin-Saint-Silouane,"32 rue Saint-Gengoulf, 57000 Metz",57000,Metz,Moselle,Grand Est,,,,"{""id"": 1, ""label"": {""fr"": ""Sur place"", ""en"": ""In situ"", ""it"": ""In presenza"", ""es"": ""Desconnectad"", ""de"": ""Offline"", ""br"": ""War al lec\u2019h"", ""io"": ""crwdns14266:0crwdne14266:0"", ""oc"": ""Sus pla\u00e7a""}}",,
17461577,https://openagenda.com/francetravail/events/forum-emploi-de-la-ville-de-metz-2184618,FORUM EMPLOI DE LA VILLE DE METZ,"La Ville de Metz organise, le mardi 21 octobre prochain, un forum de l'emploi de 14h à 17h dans les salons de l'Hôtel de Ville. Ce forum accueille une cinquantaine d'exposants.","La Ville de Metz organise, le mardi 21 octobre prochain, un forum de l'emploi de 14h à 17h dans les salons de l'Hôtel de Ville. Ce forum accueille une cinquantaine d'exposants. Les secteurs représentés: Industrie, Hôtellerie/Restauration, Commerce, Transport, Bâtiment, Défense, Logistique... Entrée libre",,"['1 jeune  1 solution', '#TousMobilisés', ""Les métiers de l'humain"", 'Recrutement', 'Découverte secteur / métier']",,"Mardi 21 octobre 2025, 14h00",2025-10-21 12:00:00+00:00,2025-10-21 13:00:00+00:00,"[{""begin"": ""2025-10-21T14:00:00+02:00"", ""end"": ""2025-10-21T15:00:00+02:00""}]",Agence METZ GARE,57000 Metz,57000,Metz,Moselle,Grand Est,,,,"{""id"": 1, ""label"": {""fr"": ""Sur place"", ""en"": ""In situ"", ""it"": ""In presenza"", ""es"": ""Desconnectad"", ""de"": ""Offline"", ""br"": ""War al lec\u2019h"", ""io"": ""crwdns14266:0crwdne14266:0"", ""oc"": ""Sus pla\u00e7a"", ""nl"": ""Ter plaatse""}}",,"[{""type"": ""link"", ""value"": ""https://mesevenementsemploi.francetravail.fr/mes-evenements-emploi/evenement/503538""}]"
15226201,https://openagenda.com/francetravail/events/contrat-en-alternance-dans-le-secteur-du-commerce-automobile-319921,Contrat en alternance dans le secteur du commerce automobile,"Si vous recherchez un contrat en alternance dans un garage ou une concession automobile, venez assister à une réunion de présentation des différents métiers et prendre connaissance des futurs recrutem","Si vous recherchez un contrat en alternance dans un garage ou une concession automobile, venez assister à une réunion de présentation des différents métiers et prendre connaissance des futurs recrutements. Présentation des différents métiers de l'automobile par un chargé de recrutement et de formation de la société Car Avenue avec également diffusion des postes en alternance (apprentissage) disponibles dans les différentes enseignes du groupe.",,"['TaskForceEntreprise', '#TousMobilisés', 'Recrutement', ""S'informer""]",,"Vendredi 10 avril, 10h30",2026-04-10 08:30:00+00:00,2026-04-10 10:00:00+00:00,"[{""begin"": ""2026-04-10T10:30:00+02:00"", ""end"": ""2026-04-10T12:00:00+02:00""}]",Agence METZ BLIDA,57000 Metz,57014,Metz,Moselle,Grand Est,,,,"{""id"": 1, ""label"": {""fr"": ""Sur place"", ""en"": ""In situ"", ""it"": ""In presenza"", ""es"": ""Desconnectad"", ""de"": ""Offline"", ""br"": ""War al lec\u2019h"", ""io"": ""crwdns14266:0crwdne14266:0"", ""oc"": ""Sus pla\u00e7a"", ""nl"": ""Ter plaatse""}}",,"[{""type"": ""link"", ""value"": ""https://mesevenementsemploi.francetravail.fr/mes-evenements-emploi/evenement/598776""}]"
58300866,https://openagenda.com/francetravail/events/du-stade-vers-lemploi-football-fc-metz-rencontrez-des-employeurs-autrement-2455937,Du Stade Vers l'Emploi Football (FC METZ): Rencontrez des employeurs autrement !!!,Venez rencontrer les employeurs autrement autour d'une matinée sportive !,"Venez rencontrer les employeurs autrement autour d'une matinée sportive ! Nous vous invitons à participer à l'évènement Du Stade vers l'emploi qui aura lieu jeudi 25 juin 2026 sur les installations du FC Metz !!! Du Stade Vers l'Emploi , c'est une matinée avec des activités sportives (football) associant employeurs et demandeurs d'emploi de manière anonyme durant la première partie de la matinée. Enfin, suite à la levée de l'anonymat, vous participerez au job dating avec les mêmes employeurs lor",,"[""Du Stade vers l'Emploi"", 'Recrutement', 'Recrutement par le sport', ""S'informer""]",,"Mercredi 17 juin, 14h00",2026-06-17 12:00:00+00:00,2026-06-17 13:00:00+00:00,"[{""begin"": ""2026-06-17T14:00:00+02:00"", ""end"": ""2026-06-17T15:00:00+02:00""}]",Agence METZ GARE,57000 Metz,57000,Metz,Moselle,Grand Est,,,,"{""id"": 1, ""label"": {""fr"": ""Sur place"", ""en"": ""In situ"", ""it"": ""In presenza"", ""es"": ""Desconnectad"", ""de"": ""Offline"", ""br"": ""War al lec\u2019h"", ""io"": ""crwdns14266:0crwdne14266:0"", ""oc"": ""Sus pla\u00e7a"", ""nl"": ""Ter plaatse""}}",,"[{""type"": ""link"", ""value"": ""https://mesevenementsemploi.francetravail.fr/mes-evenements-emploi/evenement/679206""}]"
87581774,https://openagenda.com/francetravail/events/devenez-technicien-de-nettoyage-specialise-hf-chez-resilians-recrutement-par-simulation,Devenez Technicien de Nettoyage spécialisé H/F chez Résilians - Recrutement par Simulation !,"Envie d'un métier qui a du sens ? Rejoignez Résilians ! Leader de l'après-sinistre, Résilians recrute des Techniciens de nettoyage spécialisé H/F via la Méthode de Recrutement par Simulation (MRS).","Envie d'un métier qui a du sens ? Rejoignez Résilians ! Leader de l'après-sinistre, Résilians recrute des Techniciens de nettoyage spécialisé H/F via la Méthode de Recrutement par Simulation (MRS). Aucune expérience n'est requise, nous vous formons directement au métier! Pourquoi nous rejoindre ? Un emploi en CDI à temps plein Un métier utile, concret et valorisant Une entreprise reconnue dans son domaine Une formation assurée dès votre arrivée Participez à notre session de recrutement : Le 3 j",,"['Méthode de Recrutement par Simulation', '#TousMobilisés', ""S'informer"", 'Recrutement sans CV']",,"Mercredi 3 juin, 09h00",2026-06-03 07:00:00+00:00,2026-06-03 10:00:00+00:00,"[{""begin"": ""2026-06-03T09:00:00+02:00"", ""end"": ""2026-06-03T12:00:00+02:00""}]",Agence METZ SEBASTOPOL,57070 Metz,57070,Metz,Moselle,Grand Est,,,,"{""id"": 1, ""label"": {""fr"": ""Sur place"", ""en"": ""In situ"", ""it"": ""In presenza"", ""es"": ""Desconnectad"", ""de"": ""Offline"", ""br"": ""War al lec\u2019h"", ""io"": ""crwdns14266:0crwdne14266:0"", ""oc"": ""Sus pla\u00e7a"", ""nl"": ""Ter plaatse""}}",,"[{""type"": ""link"", ""value"": ""https://mesevenementsemploi.francetravail.fr/mes-evenements-emploi/evenement/644148""}]"
83829244,https://openagenda.com/francetravail/events/france-travail-metz-blida-vos-droits-et-devoirs-en-tant-que-demandeurs-demploi,France Travail Metz Blida: Vos Droits et Devoirs en tant que Demandeurs d'Emploi,Vous venez de vous inscrire à France Travail et vous souhaitez en savoir plus sur vos droits et vos devoirs ? Vous êtes invité à notre atelier d'information dédié aux nouveaux demandeurs d'emploi.,"Vous venez de vous inscrire à France Travail et vous souhaitez en savoir plus sur vos droits et vos devoirs ? Vous êtes invité à notre atelier d'information dédié aux nouveaux demandeurs d'emploi. Au programme : · Présentation de vos droits : allocations, aides, formations, etc. · Explication de vos devoirs : actualisation, recherches d'emploi, disponibilité, etc. · Conseils pour optimiser votre accompagnement et faciliter votre retour à l'emploi. Un conseiller Indemnisation et un conseiller En",,"[""S'informer"", ""Aides à l'emploi""]",,"Vendredi 3 juillet, 09h00",2026-07-03 07:00:00+00:00,2026-07-03 08:30:00+00:00,"[{""begin"": ""2026-07-03T09:00:00+02:00"", ""end"": ""2026-07-03T10:30:00+02:00""}]",Agence METZ BLIDA,57000 Metz,57014,Metz,Moselle,Grand Est,,,,"{""id"": 1, ""label"": {""fr"": ""Sur place"", ""en"": ""In situ"", ""it"": ""In presenza"", ""es"": ""Desconnectad"", ""de"": ""Offline"", ""br"": ""War al lec\u2019h"", ""io"": ""crwdns14266:0crwdne14266:0"", ""oc"": ""Sus pla\u00e7a"", ""nl"": ""Ter plaatse""}}",,"[{""type"": ""link"", ""value"": ""https://mesevenementsemploi.francetravail.fr/mes-evenements-emploi/evenement/693154""}]"
65431808,https://openagenda.com/culture/events/visite-libre-des-jardins-de-plantes-medicinales-et-toxiques-du-cloitre-des-recollets,Visite libre des jardins de plantes médicinales et toxiques du Cloître des Récollets,"Déambulation dans un haut-lieu historique de la ville à travers les plantes médicinales et les plantes toxiques, dangereuses et salvatrices à la fois.","Déambulation dans un haut-lieu historique de la ville à travers les plantes médicinales et les plantes toxiques, dangereuses et salvatrices à la fois. Cheminement entre science et histoire à travers les plantes médicinales.",,,,5 - 7 juin,2026-06-05 07:00:00+00:00,2026-06-07 16:00:00+00:00,"[{""begin"": ""2026-06-05T09:00:00+02:00"", ""end"": ""2026-06-05T18:00:00+02:00""}, {""begin"": ""2026-06-06T09:00:00+02:00"", ""end"": ""2026-06-06T18:00:00+02:00""}, {""begin"": ""2026-06-07T09:00:00+02:00"", ""end"": ""2026-06-07T18:00:00+02:00""}]","Cloître des Récollets, Metz","1, rue des Récollets 57000 METZ",57000,Metz,Moselle,Grand Est,,,,"{""id"": 1, ""label"": {""fr"": ""Sur place"", ""en"": ""In situ"", ""it"": ""In presenza"", ""es"": ""Desconnectad"", ""de"": ""Offline"", ""br"": ""War al lec\u2019h"", ""io"": ""crwdns14266:0crwdne14266:0"", ""oc"": ""Sus pla\u00e7a"", ""nl"": ""Ter plaatse""}}",,
16438001,https://openagenda.com/fetedelamusique2026/events/animaal-perplexx-concert-place-de-la-republique-metz,Animaal Perplexx - concert Metz,Animaal Perplexx à 19h30 place de la République à Metz,"Animaal Perplexx à 19h30 place de la République à Metz « Amis de longue date et amoureux du rock, nous avons associé nos différentes expériences musicales pour faire naître une formation basée essentiellement sur des morceaux originaux ainsi que quelques reprises. Il manquait tout de même une épice à notre groupe. Il y a 3 ans, nous recherchions un bassiste pour compléter la formation, il se trouve qu’il habitait à 500m de notre lieu de répétition, et que c’était le bon… Le groupe prend alors une direction un peu plus punk-rock pour offrir un mélange plus détonant. Mettant chacun sa pierre à l’édifice nous avons monté un set d’environ 1h30. L’an dernier nous sommes passé au studio l’Autre Oreille à Metz pour enregistrer un EP de 6 morceaux qui nous servirait de démo. Nous sommes maintenant prêts à faire découvrir nos musiques et partager cette passion commune. »","Gratuit, en accès libre",,,"Dimanche 21 juin, 19h30",2026-06-21 17:30:00+00:00,2026-06-21 19:00:00+00:00,"[{""begin"": ""2026-06-21T19:30:00+02:00"", ""end"": ""2026-06-21T21:00:00+02:00""}]",Place de la République - Podium A,place de la république Metz,,Metz,Moselle,Grand Est,,,,"{""id"": 1, ""label"": {""fr"": ""Sur place""}}",,
55450662,https://openagenda.com/bicentenaire-photographie-fr/events/titre-de-lexposition,Metz sous l'œil des photographes,Les Bibliothèques-Médiathèques de Metz et le Musée de la Cour d’Or s’associent pour proposer au printemps 2027 une grande exposition retraçant 180 ans de regards photographiques sur la ville de Metz..,"Les Bibliothèques-Médiathèques de Metz et le Musée de la Cour d’Or s’associent pour proposer au printemps 2027 une grande exposition retraçant 180 ans de regards photographiques sur la ville de Metz. Cette exposition sera l’occasion de (re)découvrir des figures majeures de la photographie à Metz comme Casimir Oulif, le pionnier, Gonzalve Malardot, qui couvrit le conflit de 1870 au moyen de techniques innovantes, les figures incontournables des frères Prillot, le photoreporter Paul de Busson, jusqu’à la production contemporaine. Cet événement, agrémenté d’une programmation variée et pour tous les publics, réunissant de nombreux acteurs locaux du patrimoine et de la création, permettra de mettre en lumière cette épopée et de stimuler la création et l'intérêt du public pour cette forme d'expression artistique.",,,,6 mars - 30 mai 2027,2027-03-06 13:00:00+00:00,2027-05-30 17:00:00+00:00,"[{""begin"": ""2027-03-06T14:00:00+01:00"", ""end"": ""2027-03-06T18:00:00+01:00""}, {""begin"": ""2027-03-07T14:00:00+01:00"", ""end"": ""2027-03-07T18:00:00+01:00""}, {""begin"": ""2027-03-09T14:00:00+01:00"", ""end"": ""2027-03-09T18:00:00+01:00""}, {""begin"": ""2027-03-10T14:00:00+01:00"", ""end"": ""2027-03-10T18:00:00+01:00""}, {""begin"": ""2027-03-11T14:00:00+01:00"", ""end"": ""2027-03-11T18:00:00+01:00""}, {""begin"": ""2027-03-12T14:00:00+01:00"", ""end"": ""2027-03-12T18:00:00+01:00""}, {""begin"": ""2027-03-13T14:00:00+01:00"", ""end"": ""2027-03-13T18:00:00+01:00""}, {""begin"": ""2027-03-14T14:00:00+01:00"", ""end"": ""2027-03-14T18:00:00+01:00""}, {""begin"": ""2027-03-16T14:00:00+01:00"", ""end"": ""2027-03-16T18:00:00+01:00""}, {""begin"": ""2027-03-17T14:00:00+01:00"", ""end"": ""2027-03-17T18:00:00+01:00""}, {""begin"": ""2027-03-18T14:00:00+01:00"", ""end"": ""2027-03-18T18:00:00+01:00""}, {""begin"": ""2027-03-19T14:00:00+01:00"", ""end"": ""2027-03-19T18:00:00+01:00""}, {""begin"": ""2027-03-20T14:00:00+01:00"", ""end"": ""2027-03-20T18:00:00+01:00""}, {""begin"": ""2027-03-21T14:00:00+01:00"", ""end"": ""2027-03-21T18:00:00+01:00""}, {""begin"": ""2027-03-23T14:00:00+01:00"", ""end"": ""2027-03-23T18:00:00+01:00""}, {""begin"": ""2027-03-24T14:00:00+01:00"", ""end"": ""2027-03-24T18:00:00+01:00""}, {""begin"": ""2027-03-25T14:00:00+01:00"", ""end"": ""2027-03-25T18:00:00+01:00""}, {""begin"": ""2027-03-26T14:00:00+01:00"", ""end"": ""2027-03-26T18:00:00+01:00""}, {""begin"": ""2027-03-27T14:00:00+01:00"", ""end"": ""2027-03-27T18:00:00+01:00""}, {""begin"": ""2027-03-28T14:00:00+02:00"", ""end"": ""2027-03-28T18:00:00+02:00""}, {""begin"": ""2027-03-30T14:00:00+02:00"", ""end"": ""2027-03-30T18:00:00+02:00""}, {""begin"": ""2027-03-31T14:00:00+02:00"", ""end"": ""2027-03-31T18:00:00+02:00""}, {""begin"": ""2027-04-01T14:00:00+02:00"", ""end"": ""2027-04-01T18:00:00+02:00""}, {""begin"": ""2027-04-02T14:00:00+02:00"", ""end"": ""2027-04-02T18:00:00+02:00""}, {""begin"": ""2027-04-03T14:00:00+02:00"", ""end"": ""2027-04-03T18:00:00+02:00""}, {""begin"": ""2027-04-04T14:00:00+02:00"", ""end"": ""2027-04-04T18:00:00+02:00""}, {""begin"": ""2027-04-06T14:00:00+02:00"", ""end"": ""2027-04-06T18:00:00+02:00""}, {""begin"": ""2027-04-07T14:00:00+02:00"", ""end"": ""2027-04-07T18:00:00+02:00""}, {""begin"": ""2027-04-08T14:00:00+02:00"", ""end"": ""2027-04-08T18:00:00+02:00""}, {""begin"": ""2027-04-09T14:00:00+02:00"", ""end"": ""2027-04-09T18:00:00+02:00""}, {""begin"": ""2027-04-10T14:00:00+02:00"", ""end"": ""2027-04-10T18:00:00+02:00""}, {""begin"": ""2027-04-11T14:00:00+02:00"", ""end"": ""2027-04-11T18:00:00+02:00""}, {""begin"": ""2027-04-13T14:00:00+02:00"", ""end"": ""2027-04-13T18:00:00+02:00""}, {""begin"": ""2027-04-14T14:00:00+02:00"", ""end"": ""2027-04-14T18:00:00+02:00""}, {""begin"": ""2027-04-15T14:00:00+02:00"", ""end"": ""2027-04-15T18:00:00+02:00""}, {""begin"": ""2027-04-16T14:00:00+02:00"", ""end"": ""2027-04-16T18:00:00+02:00""}, {""begin"": ""2027-04-17T14:00:00+02:00"", ""end"": ""2027-04-17T18:00:00+02:00""}, {""begin"": ""2027-04-18T14:00:00+02:00"", ""end"": ""2027-04-18T18:00:00+02:00""}, {""begin"": ""2027-04-20T14:00:00+02:00"", ""end"": ""2027-04-20T18:00:00+02:00""}, {""begin"": ""2027-04-21T14:00:00+02:00"", ""end"": ""2027-04-21T18:00:00+02:00""}, {""begin"": ""2027-04-22T14:00:00+02:00"", ""end"": ""2027-04-22T18:00:00+02:00""}, {""begin"": ""2027-04-23T14:00:00+02:00"", ""end"": ""2027-04-23T18:00:00+02:00""}, {""begin"": ""2027-04-24T14:00:00+02:00"", ""end"": ""2027-04-24T18:00:00+02:00""}, {""begin"": ""2027-04-25T14:00:00+02:00"", ""end"": ""2027-04-25T18:00:00+02:00""}, {""begin"": ""2027-04-27T14:00:00+02:00"", ""end"": ""2027-04-27T18:00:00+02:00""}, {""begin"": ""2027-04-28T14:00:00+02:00"", ""end"": ""2027-04-28T18:00:00+02:00""}, {""begin"": ""2027-04-29T14:00:00+02:00"", ""end"": ""2027-04-29T18:00:00+02:00""}, {""begin"": ""2027-04-30T14:00:00+02:00"", ""end"": ""2027-04-30T18:00:00+02:00""}, {""begin"": ""2027-05-01T14:00:00+02:00"", ""end"": ""2027-05-01T19:00:00+02:00""}, {""begin"": ""2027-05-02T14:00:00+02:00"", ""end"": ""2027-05-02T19:00:00+02:00""}, {""begin"": ""2027-05-04T14:00:00+02:00"", ""end"": ""2027-05-04T19:00:00+02:00""}, {""begin"": ""2027-05-05T14:00:00+02:00"", ""end"": ""2027-05-05T19:00:00+02:00""}, {""begin"": ""2027-05-06T14:00:00+02:00"", ""end"": ""2027-05-06T19:00:00+02:00""}, {""begin"": ""2027-05-07T14:00:00+02:00"", ""end"": ""2027-05-07T19:00:00+02:00""}, {""begin"": ""2027-05-08T14:00:00+02:00"", ""end"": ""2027-05-08T19:00:00+02:00""}, {""begin"": ""2027-05-09T14:00:00+02:00"", ""end"": ""2027-05-09T19:00:00+02:00""}, {""begin"": ""2027-05-11T14:00:00+02:00"", ""end"": ""2027-05-11T19:00:00+02:00""}, {""begin"": ""2027-05-12T14:00:00+02:00"", ""end"": ""2027-05-12T19:00:00+02:00""}, {""begin"": ""2027-05-13T14:00:00+02:00"", ""end"": ""2027-05-13T19:00:00+02:00""}, {""begin"": ""2027-05-14T14:00:00+02:00"", ""end"": ""2027-05-14T19:00:00+02:00""}, {""begin"": ""2027-05-15T14:00:00+02:00"", ""end"": ""2027-05-15T19:00:00+02:00""}, {""begin"": ""2027-05-16T14:00:00+02:00"", ""end"": ""2027-05-16T19:00:00+02:00""}, {""begin"": ""2027-05-18T14:00:00+02:00"", ""end"": ""2027-05-18T19:00:00+02:00""}, {""begin"": ""2027-05-19T14:00:00+02:00"", ""end"": ""2027-05-19T19:00:00+02:00""}, {""begin"": ""2027-05-20T14:00:00+02:00"", ""end"": ""2027-05-20T19:00:00+02:00""}, {""begin"": ""2027-05-21T14:00:00+02:00"", ""end"": ""2027-05-21T19:00:00+02:00""}, {""begin"": ""2027-05-22T14:00:00+02:00"", ""end"": ""2027-05-22T19:00:00+02:00""}, {""begin"": ""2027-05-23T14:00:00+02:00"", ""end"": ""2027-05-23T19:00:00+02:00""}, {""begin"": ""2027-05-25T14:00:00+02:00"", ""end"": ""2027-05-25T19:00:00+02:00""}, {""begin"": ""2027-05-26T14:00:00+02:00"", ""end"": ""2027-05-26T19:00:00+02:00""}, {""begin"": ""2027-05-27T14:00:00+02:00"", ""end"": ""2027-05-27T19:00:00+02:00""}, {""begin"": ""2027-05-28T14:00:00+02:00"", ""end"": ""2027-05-28T19:00:00+02:00""}, {""begin"": ""2027-05-29T14:00:00+02:00"", ""end"": ""2027-05-29T19:00:00+02:00""}, {""begin"": ""2027-05-30T14:00:00+02:00"", ""end"": ""2027-05-30T19:00:00+02:00""}]",Porte des Allemands,"Bd André Maginot, 57000 Metz",57000,Metz,Moselle,Grand Est,['handicap moteur'],,,"{""id"": 1, ""label"": {""fr"": ""Sur place"", ""en"": ""in situ""}}",,
89575669,https://openagenda.com/culture/events/a-vos-marques-copiez,"À vos marques, copiez !","En écho à l’exposition ""Copistes"", la pratique artistique est mise à l’honneur pendant deux journées complètes. Les visiteurs du Centre Pompidou-Metz sont invités à sortir leurs crayons pour copier à…","En écho à l’exposition ""Copistes"", la pratique artistique est mise à l’honneur pendant deux journées complètes. Les visiteurs du Centre Pompidou-Metz sont invités à sortir leurs crayons pour copier à la main les œuvres présentées dans les expositions ou le bâtiment lui-même. Cette invitation est ouverte à tous, des simples curieux aux dessinateurs aguerris.",,,,20 et 21 septembre 2025,2025-09-20 08:00:00+00:00,2025-09-21 17:00:00+00:00,"[{""begin"": ""2025-09-20T10:00:00+02:00"", ""end"": ""2025-09-20T19:00:00+02:00""}, {""begin"": ""2025-09-21T10:00:00+02:00"", ""end"": ""2025-09-21T19:00:00+02:00""}]",Centre Pompidou - Metz,"1 parvis des droits de l'homme, 57000 Metz, France",57000,Metz,Moselle,Grand Est,,,,"{""id"": 1, ""label"": {""fr"": ""Sur place"", ""en"": ""In situ"", ""it"": ""In presenza"", ""es"": ""Desconnectad"", ""de"": ""Offline"", ""br"": ""War al lec\u2019h"", ""io"": ""crwdns14266:0crwdne14266:0"", ""oc"": ""Sus pla\u00e7a"", ""nl"": ""Ter plaatse""}}",,
89843479,https://openagenda.com/culture/events/de-la-blessure-a-la-reconstruction,De la blessure à la reconstruction,"Les peintres des armées propose un regard artistique et profondément humain sur la blessure de guerre — physique, psychique et symbolique — ainsi que sur le chemin de résilience qui donne un visage à…","Les peintres des armées propose un regard artistique et profondément humain sur la blessure de guerre — physique, psychique et symbolique — ainsi que sur le chemin de résilience qui suit. L’exposition donne un visage à la souffrance, au courage et à la reconstruction des blessés de guerre, tout en interrogeant notre mémoire collective et notre rapport à l’engagement militaire.",,,,19 et 20 septembre,2026-09-19 08:00:00+00:00,2026-09-20 16:00:00+00:00,"[{""begin"": ""2026-09-19T10:00:00+02:00"", ""end"": ""2026-09-19T18:00:00+02:00""}, {""begin"": ""2026-09-20T10:00:00+02:00"", ""end"": ""2026-09-20T18:00:00+02:00""}]",Palais du Gouverneur,"9 rue de la Citadelle, 57000 Metz",57045,Metz,Moselle,Grand Est,,,,"{""id"": 1, ""label"": {""fr"": ""Sur place"", ""en"": ""In situ"", ""it"": ""In presenza"", ""es"": ""Desconnectad"", ""de"": ""Offline"", ""br"": ""War al lec\u2019h"", ""io"": ""crwdns14266:0crwdne14266:0"", ""oc"": ""Sus pla\u00e7a"", ""nl"": ""Ter plaatse""}}",,
77410301,https://openagenda.com/unidivers-oui-sortir/events/les-fouilles-archeologeek-niveau-4,Les Fouilles Archéolo'Geek - Niveau 4,"La 4ème édition des Fouilles Archéolo’Geek aura lieu le 21 décembre 2025 à Metz (57), toujorus organisée par Kaiten Matsuri !","La 4ème édition des Fouilles Archéolo’Geek aura lieu le 21 décembre 2025 à Metz (57), toujorus organisée par Kaiten Matsuri ! 3 jours avant Noël !? Quoi de mieux pour trouver LE cadeau de dernière minute ! Et pourquoi pas ""les"" 😉 Jeux vidéos, cartes de collections, jouets ou encore livres spécialisés, c'est le moment de fouiner pour choper le cadeau parfait ♥ Mais aussi compléter sa collection ! Entrée gratuite, restauration et buvette sur place par What The Food. Toutes les infos sur http://www.kaiten-matsuri.fr/ ========================= Vendeurs : L’inscription se passe directement sur https://orga.kaiten-matsuri.fr , la première table à 25€ ! Pour toutes questions : Mail – contact@kaiten-matsuri.fr Tél. – 06.08.05.50.20 IRL – Boutique What The Food, 4 rue Gambetta 57000 METZ",Visiteurs : Gratuit / Exposants : 25€ la table,"['brocante', 'geek', 'pokemon', 'cartes', 'jeux vidéos', 'retro retrogaming', 'manga', 'jouets anciens']",,"Dimanche 21 décembre 2025, 09h30",2025-12-21 08:30:00+00:00,2025-12-21 16:00:00+00:00,"[{""begin"": ""2025-12-21T09:30:00+01:00"", ""end"": ""2025-12-21T17:00:00+01:00""}]",Espace Corchade METZ (Moselle),37 rue du Saulnois,57070,Metz,Moselle,Grand Est,['handicap moteur'],3.0,90.0,"{""id"": 1, ""label"": {""fr"": ""Sur place"", ""en"": ""In situ"", ""it"": ""In presenza"", ""es"": ""Desconnectad"", ""de"": ""Offline"", ""br"": ""War al lec\u2019h"", ""io"": ""crwdns14266:0crwdne14266:0"", ""oc"": ""Sus pla\u00e7a"", ""nl"": ""Ter plaatse""}}",,"[{""type"": ""link"", ""value"": ""https://orga.kaiten-matsuri.fr""}]"
76798401,https://openagenda.com/unidivers-oui-sortir/events/musicophotographie,Musicophotographie,Projection photographique 2026,"Un voyage artistique où la photo rencontre la musique, une projection d’images fortes, accompagnée d’un univers électronique immersif. Le collectif messin Bout d’essais vous invite à la 5ème édition de Musicophotographie , une projection photographique mise en musique qui offre l’opportunité aux artistes de présenter leurs œuvres devant le public et un jury de professionnels du secteur culturel. Entre exigence artistique et découverte de la création émergente, la projection mêle rencontres et exploration artistique. L’expérience est enrichie par une création électronique live assurée par le musicien PIM du collectif Poesis Sonore , pour une immersion complète. La projection est suivie du vote, puis de la remise des prix 2026 du jury et du public, et d’un moment convivial au Karava’bar. Vous pourrez également y découvrir, place de la République, l’exposition RAW de Leïla Bakouche , lauréate de l’édition 2022. Rendez-vous le samedi 16 mai à 18h à l’Arsenal, salle de l’Esplanade à Metz. Réservez dès à présent vos places gratuitement : https://passages-transfestival.mapado.com/ Cet évènement est réalisé cette année en partenariat avec Passages Transfestival, avec le soutien de la Ville de Metz, du Département de la Moselle, de la Cité Musicale-Metz, du musée de la Cour d'Or et de Tirage à part. Labellisé éco-évènement Moselle durable.",Gratuit sur réservation,"['photographie', 'photo', 'art', 'culturel', 'culture', 'artistique', 'exposition', 'expo', 'musical', 'musique', 'projection', 'photographe', 'grand est', 'metz', 'concours', 'création']",,"Samedi 16 mai, 18h00",2026-05-16 16:00:00+00:00,2026-05-16 18:00:00+00:00,"[{""begin"": ""2026-05-16T18:00:00+02:00"", ""end"": ""2026-05-16T20:00:00+02:00""}]","L'Arsenal, salle de l'Esplanade",3 av. Ney Metz,57000,Metz,Moselle,Grand Est,,,,"{""id"": 1, ""label"": {""fr"": ""Sur place"", ""en"": ""In situ"", ""it"": ""In presenza"", ""es"": ""Desconnectad"", ""de"": ""Offline"", ""br"": ""War al lec\u2019h"", ""io"": ""crwdns14266:0crwdne14266:0"", ""oc"": ""Sus pla\u00e7a"", ""nl"": ""Ter plaatse""}}",,"[{""type"": ""link"", ""value"": ""https://passages-transfestival.mapado.com/event/686150-musicophotographie""}]"
60889378,https://openagenda.com/francetravail/events/atelier-cv-abonnement-aux-offres-carte-de-visite-3005653,ATELIER CV / ABONNEMENT AUX OFFRES/ CARTE DE VISITE .........,ATELIER CV / ABONNEMENT AUX OFFRES/ CARTE DE VISITE .........,ATELIER CV / ABONNEMENT AUX OFFRES/ CARTE DE VISITE ......... Il s'agit d'un accompagnement personnalisé d'une heure avec un agent volontaire service civique permettant de créer mettre à jour votre CV de rendre votre profil visible pour les employeurs et de découvrir les potentialités de votre espace personnel,,['Les outils du numérique'],,"Mardi 11 août, 14h00",2026-08-11 12:00:00+00:00,2026-08-11 13:00:00+00:00,"[{""begin"": ""2026-08-11T14:00:00+02:00"", ""end"": ""2026-08-11T15:00:00+02:00""}]",Agence METZ BLIDA,57000 Metz,57014,Metz,Moselle,Grand Est,,,,"{""id"": 1, ""label"": {""fr"": ""Sur place"", ""en"": ""In situ"", ""it"": ""In presenza"", ""es"": ""Desconnectad"", ""de"": ""Offline"", ""br"": ""War al lec\u2019h"", ""io"": ""crwdns14266:0crwdne14266:0"", ""oc"": ""Sus pla\u00e7a"", ""nl"": ""Ter plaatse""}}",,"[{""type"": ""link"", ""value"": ""https://mesevenementsemploi.francetravail.fr/mes-evenements-emploi/evenement/714728""}]"
37231803,https://openagenda.com/francetravail/events/la-caf-recrute-ses-conseillers-relation-allocataire-2451936,La CAF recrute ses conseillers relation allocataire,"La CAF recrute ses futur(e)s conseillers(ères) relation allocataire et vous propose de venir découvrir le parcours de recrutement, le poste et l'entreprise lors d'une réunion d'information dans ses lo","La CAF recrute ses futur(e)s conseillers(ères) relation allocataire et vous propose de venir découvrir le parcours de recrutement, le poste et l'entreprise lors d'une réunion d'information dans ses locaux. Les conseillers relation allocataire assurent un premier niveau d'accueil physique et téléphonique des allocataires. Ils accompagnent également les allocataires dans l'utilisation des outils de téléservices tels que le site internet caf. FORMATION ET EXPERIENCE OBLIGATOIRES : Bac 2 obtenu mini",,"['#TousMobilisés', 'Recrutement']",,"Lundi 7 septembre, 13h30",2026-09-07 11:30:00+00:00,2026-09-07 12:30:00+00:00,"[{""begin"": ""2026-09-07T13:30:00+02:00"", ""end"": ""2026-09-07T14:30:00+02:00""}]",Agence METZ BLIDA,57000 Metz,57014,Metz,Moselle,Grand Est,,,,"{""id"": 1, ""label"": {""fr"": ""Sur place"", ""en"": ""In situ"", ""it"": ""In presenza"", ""es"": ""Desconnectad"", ""de"": ""Offline"", ""br"": ""War al lec\u2019h"", ""io"": ""crwdns14266:0crwdne14266:0"", ""oc"": ""Sus pla\u00e7a"", ""nl"": ""Ter plaatse""}}",,"[{""type"": ""link"", ""value"": ""https://mesevenementsemploi.francetravail.fr/mes-evenements-emploi/evenement/722928""}]"
80571107,https://openagenda.com/cie-caminos/events/contes-shipibos-lagora-mets-57,Contes Shipibos - L'Agora - Metz (57),Contes Shipibos - Dessin en sable et musique en direct tout public à partir de 5 an - Mythes et légendes de l'Amazonie péruvienne.,"Le Pérou abrite cinquante-cinq communautés indigènes, dont les Shipibo-Konibo. Installé au cœur de la forêt amazonienne le long de la rivière Ucayali, à l’origine du fleuve Amazone, ce peuple est renommé pour sa connaissance des propriétés et de l’utilisation des plantes. Leur culture, riche et vibrante, s’exprime à travers l’art, l’artisanat, les légendes et la science des chamans. Les mythes et légendes des Shipibo- Konibo témoignent de la profondeur de leur système de pensée, contribuant ainsi à dévoiler les idées et les rêves qui animent cette communauté. Notre univers poétique, graphique et musical, sera mis au service de ces contes et légendes, où l’humain et la nature s’entrelacent de manière intime. En puisant notre récit dans trois des contes issus des ouvrages “Mythes De L’Amazonie – Une Traversée De L’imaginaire Shipibo” de Pierrette Bertrand-Ricoveri et “L’univers Enchanté Des Indiens Shipibos – Une Version Littéraire Des Mythes Et Légendes De La Tradition Orale Shipibo-Conibo” de Luis Urteaga Cabrera, notre objectif est de transmettre aux enfants un espace d’exploration de l’imaginaire. Cet espace, centré sur la nature, transcende la séparation habituelle entre l’humain et la nature, promouvant l’idée d’harmonie et d’espaces entrelacés, coexistants et devant se préserver mutuellement. Nous souhaitons permettre au spectateur de se laisser emporter par son propre imaginaire et de s’abandonner à ses propres interprétations.",,,,"Samedi 13 décembre 2025, 16h00",2025-12-13 15:00:00+00:00,2025-12-13 16:00:00+00:00,"[{""begin"": ""2025-12-13T16:00:00+01:00"", ""end"": ""2025-12-13T17:00:00+01:00""}]",L'Agora,4 rue théodore de gargan   57050 METZ,57004,Metz,Moselle,Grand Est,,5.0,99.0,"{""id"": 1, ""label"": {""fr"": ""Sur place"", ""en"": ""In situ"", ""it"": ""In presenza"", ""es"": ""Desconnectad"", ""de"": ""Offline"", ""br"": ""War al lec\u2019h"", ""io"": ""crwdns14266:0crwdne14266:0"", ""oc"": ""Sus pla\u00e7a"", ""nl"": ""Ter plaatse""}}",,
4697567,https://openagenda.com/planlibre/events/jhesite-pour-les-tulipes,J'hésite pour les tulipes,Exposition personnelle de Jean-Louis Micha,"Vernissage le jeudi 18 septembre à 18h J'hésite pour les tulipes C’est peut-être (une) chronique. Cet ensemble dessiné est réceptacle, carrefour et tentative de synthèse très provisoire d’une quotidienneté nourrie de porosités. L’idée de résoudre – arrêter serait plus juste – une image au terme d’un jour écoulé est ici un modus operandi privilégié: n’usant pas le désir, cette posologie évite d’inutiles endimanchements et rend disponible à de nouveaux états du dessin. Des fleurs ont pris place dans ma rivière d’images et titrent cette exposition: celles-ci n’éludent pas la citation mais organisent de nécessaires silences entre le spectacle du monde et les murs familiers. Diplômé en peinture monumentale de l’Académie Royale des Beaux-Arts de Liège en 2005, Jean-Louis Micha développe depuis plusieurs années une œuvre dessinée et peinte résolument figurative. Les qualités d’épure et d’immédiateté tout autant que la capacité du dessin à intégrer l’accident l’ont conduit à en faire le medium premier de son propos plastique. Celui-ci est le canal privilégié d’une vision du monde alternant la radicalité de l’interpellation à la conscience viscérale de la tragédie humaine. Ses travaux ont été notamment exposés au MAMAC de Liège, à BOZAR ainsi que chez James Rubin à Milan. Il est représenté en Belgique par Rossicontemporary. Il enseigne le dessin à l’Académie Royale des Beaux-Arts de Liège. Avec les soutiens de la DRAC Grand-Est, la Région Grand-Est, le Département de la Moselle, la DRAJES et la Ville de Metz Galerie Modulab 28, rue Mazelle 57000 Metz (FR) Ouvert du jeudi au samedi De 14h00 à 18h00 et sur rendez-vous Site Web | Facebook | Instagram",,"['peinture', 'dessin', 'art', 'contemporain', 'galerie', 'images']",,18 septembre - 13 décembre 2025,2025-09-18 16:00:00+00:00,2025-12-13 17:00:00+00:00,"[{""begin"": ""2025-09-18T18:00:00+02:00"", ""end"": ""2025-09-18T20:00:00+02:00""}, {""begin"": ""2025-09-19T14:00:00+02:00"", ""end"": ""2025-09-19T18:00:00+02:00""}, {""begin"": ""2025-09-20T14:00:00+02:00"", ""end"": ""2025-09-20T18:00:00+02:00""}, {""begin"": ""2025-09-25T14:00:00+02:00"", ""end"": ""2025-09-25T18:00:00+02:00""}, {""begin"": ""2025-09-26T14:00:00+02:00"", ""end"": ""2025-09-26T18:00:00+02:00""}, {""begin"": ""2025-09-27T14:00:00+02:00"", ""end"": ""2025-09-27T18:00:00+02:00""}, {""begin"": ""2025-10-02T14:00:00+02:00"", ""end"": ""2025-10-02T18:00:00+02:00""}, {""begin"": ""2025-10-03T14:00:00+02:00"", ""end"": ""2025-10-03T18:00:00+02:00""}, {""begin"": ""2025-10-04T14:00:00+02:00"", ""end"": ""2025-10-04T18:00:00+02:00""}, {""begin"": ""2025-10-09T14:00:00+02:00"", ""end"": ""2025-10-09T18:00:00+02:00""}, {""begin"": ""2025-10-10T14:00:00+02:00"", ""end"": ""2025-10-10T18:00:00+02:00""}, {""begin"": ""2025-10-11T14:00:00+02:00"", ""end"": ""2025-10-11T18:00:00+02:00""}, {""begin"": ""2025-10-16T14:00:00+02:00"", ""end"": ""2025-10-16T18:00:00+02:00""}, {""begin"": ""2025-10-17T14:00:00+02:00"", ""end"": ""2025-10-17T18:00:00+02:00""}, {""begin"": ""2025-10-18T14:00:00+02:00"", ""end"": ""2025-10-18T18:00:00+02:00""}, {""begin"": ""2025-10-23T14:00:00+02:00"", ""end"": ""2025-10-23T18:00:00+02:00""}, {""begin"": ""2025-10-24T14:00:00+02:00"", ""end"": ""2025-10-24T18:00:00+02:00""}, {""begin"": ""2025-10-25T14:00:00+02:00"", ""end"": ""2025-10-25T18:00:00+02:00""}, {""begin"": ""2025-10-30T14:00:00+01:00"", ""end"": ""2025-10-30T18:00:00+01:00""}, {""begin"": ""2025-10-31T14:00:00+01:00"", ""end"": ""2025-10-31T18:00:00+01:00""}, {""begin"": ""2025-11-01T14:00:00+01:00"", ""end"": ""2025-11-01T18:00:00+01:00""}, {""begin"": ""2025-11-06T14:00:00+01:00"", ""end"": ""2025-11-06T18:00:00+01:00""}, {""begin"": ""2025-11-07T14:00:00+01:00"", ""end"": ""2025-11-07T18:00:00+01:00""}, {""begin"": ""2025-11-08T14:00:00+01:00"", ""end"": ""2025-11-08T18:00:00+01:00""}, {""begin"": ""2025-11-13T14:00:00+01:00"", ""end"": ""2025-11-13T18:00:00+01:00""}, {""begin"": ""2025-11-14T14:00:00+01:00"", ""end"": ""2025-11-14T18:00:00+01:00""}, {""begin"": ""2025-11-15T14:00:00+01:00"", ""end"": ""2025-11-15T18:00:00+01:00""}, {""begin"": ""2025-11-20T14:00:00+01:00"", ""end"": ""2025-11-20T18:00:00+01:00""}, {""begin"": ""2025-11-21T14:00:00+01:00"", ""end"": ""2025-11-21T18:00:00+01:00""}, {""begin"": ""2025-11-22T14:00:00+01:00"", ""end"": ""2025-11-22T18:00:00+01:00""}, {""begin"": ""2025-11-27T14:00:00+01:00"", ""end"": ""2025-11-27T18:00:00+01:00""}, {""begin"": ""2025-11-28T14:00:00+01:00"", ""end"": ""2025-11-28T18:00:00+01:00""}, {""begin"": ""2025-11-29T14:00:00+01:00"", ""end"": ""2025-11-29T18:00:00+01:00""}, {""begin"": ""2025-12-04T14:00:00+01:00"", ""end"": ""2025-12-04T18:00:00+01:00""}, {""begin"": ""2025-12-05T14:00:00+01:00"", ""end"": ""2025-12-05T18:00:00+01:00""}, {""begin"": ""2025-12-06T14:00:00+01:00"", ""end"": ""2025-12-06T18:00:00+01:00""}, {""begin"": ""2025-12-11T14:00:00+01:00"", ""end"": ""2025-12-11T18:00:00+01:00""}, {""begin"": ""2025-12-12T14:00:00+01:00"", ""end"": ""2025-12-12T18:00:00+01:00""}, {""begin"": ""2025-12-13T14:00:00+01:00"", ""end"": ""2025-12-13T18:00:00+01:00""}]",Galerie Modulab,28 rue Mazelle,57000,Metz,Moselle,Grand Est,,,,"{""id"": 1, ""label"": {""fr"": ""Sur place"", ""en"": ""In situ"", ""it"": ""In presenza"", ""es"": ""Desconnectad"", ""de"": ""Offline"", ""br"": ""War al lec\u2019h"", ""io"": ""crwdns14266:0crwdne14266:0"", ""oc"": ""Sus pla\u00e7a"", ""nl"": ""Ter plaatse""}}",,
12227279,https://openagenda.com/planlibre/events/petites-voix-grand-avenir,Dedans/dehors : ce qui nous traverse,"Le Frac ouvre ses portes pour une exploration nocturne des expositions jusqu'à 23h. À cette occasion, découvrez les créations des élèves de 5e de la classe CHAAP du collège Rabelais de Metz, ayant et…","Le Frac ouvre ses portes pour une exploration nocturne des expositions jusqu'à 23h. À cette occasion, découvrez les créations des élèves de 5e de la classe CHAAP du collège Rabelais de Metz, ayant rencontré l’artiste Hélène Yamba-Guimbi, et celles des élèves de l’école Saint Symphorien de Longeville-lès-Metz, dans le cadre du dispositif national « La classe, l’oeuvre ».",,,,"Samedi 23 mai, 16h00",2026-05-23 14:00:00+00:00,2026-05-23 15:00:00+00:00,"[{""begin"": ""2026-05-23T16:00:00+02:00"", ""end"": ""2026-05-23T17:00:00+02:00""}]",Frac Lorraine,"1 bis rue des Trinitaires, 57000 Metz",57000,Metz,Moselle,Grand Est,"['handicap moteur', 'handicap psychique', 'handicap auditif', 'handicap intellectuel']",,,"{""id"": 1, ""label"": {""fr"": ""Sur place"", ""en"": ""In situ"", ""it"": ""In presenza"", ""es"": ""Desconnectad"", ""de"": ""Offline"", ""br"": ""War al lec\u2019h"", ""io"": ""crwdns14266:0crwdne14266:0"", ""oc"": ""Sus pla\u00e7a"", ""nl"": ""Ter plaatse""}}",,
72016009,https://openagenda.com/francetravail/events/devenir-technicien-hf-de-maintenance-en-automatisme-via-la-formation-preparation-operationnelle-a-lemploi-5837887,DEVENIR TECHNICIEN (H/F) DE MAINTENANCE EN AUTOMATISME VIA LA FORMATION (Préparation Opérationnelle à l'emploi),"""Boostez Votre Avenir: Formation en Maintenance Automatisme"" suivie d'un contrat de Travail E MOTORS à TremeryUne Formation de Préparation Opérationnelle à l'emploi (POE) de 231 heures , avec l'AFPA d","""Boostez Votre Avenir: Formation en Maintenance Automatisme"" suivie d'un contrat de Travail E MOTORS à TremeryUne Formation de Préparation Opérationnelle à l'emploi (POE) de 231 heures , avec l'AFPA de METZ, vous est proposée pour occuper le poste de Technicien de Maintenance en Automatisme,  pour maitriser les systèmes automatisés,  et sera suivie d'un contrat de travail au sein de l'entreprise E MOTORS  à TREMERY Vous avez des fortes appétences en informatiques, et vous avez des connaissances",,"['#TousMobilisés', '1 jour', '1 formation', 'Recrutement', ""S'informer"", 'Découverte formation']",,"Jeudi 28 août, 08h45",2025-08-28 06:45:00+00:00,2025-08-28 10:00:00+00:00,"[{""begin"": ""2025-08-28T08:45:00+02:00"", ""end"": ""2025-08-28T12:00:00+02:00""}]",Agence METZ BLIDA,57000 Metz,57014,Metz,Moselle,Grand Est,,,,"{""id"": 1, ""label"": {""fr"": ""Sur place"", ""en"": ""In situ"", ""it"": ""In presenza"", ""es"": ""Desconnectad"", ""de"": ""Offline"", ""br"": ""War al lec\u2019h"", ""io"": ""crwdns14266:0crwdne14266:0"", ""oc"": ""Sus pla\u00e7a""}}",,"[{""type"": ""link"", ""value"": ""https://mesevenementsemploi.francetravail.fr/mes-evenements-emploi/evenement/481720""}]"
10292256,https://openagenda.com/francetravail/events/recrutement-de-garde-denfants-pour-la-rentree-de-septembre-assadia,Recrutement de garde d'enfants pour la rentrée de septembre ASSADIA,Présentation de l'entreprise ASSADIA un service de garde d'enfants intelligente qui recrute à la rentrée de septembre.,Présentation de l'entreprise ASSADIA un service de garde d'enfants intelligente qui recrute à la rentrée de septembre. L'entreprise ASSASIA vous proposera :- Une présentation de l'entreprise- Un échange question/réponse sur le poste de garde d'enfants à domicile- Un entretien individuel pour les personnes intéressées par le poste proposé.,,"['1 jeune  1 solution', ""S'informer"", 'Recrutement', 'Découverte secteur / métier']",,"Mercredi 27 août, 13h30",2025-08-27 11:30:00+00:00,2025-08-27 13:30:00+00:00,"[{""begin"": ""2025-08-27T13:30:00+02:00"", ""end"": ""2025-08-27T15:30:00+02:00""}]",Agence METZ GARE,57000 Metz,57000,Metz,Moselle,Grand Est,,,,"{""id"": 1, ""label"": {""fr"": ""Sur place"", ""en"": ""In situ"", ""it"": ""In presenza"", ""es"": ""Desconnectad"", ""de"": ""Offline"", ""br"": ""War al lec\u2019h"", ""io"": ""crwdns14266:0crwdne14266:0"", ""oc"": ""Sus pla\u00e7a""}}",,"[{""type"": ""link"", ""value"": ""https://mesevenementsemploi.francetravail.fr/mes-evenements-emploi/evenement/466269""}]"
99291234,https://openagenda.com/culture/events/marche-des-metiers-dart-6193045,Rencontrez des artisans d’art et découvrez leur savoir-faire,"Pendant deux jours, 28 artisans d’art investissent le cœur de Metz pour présenter leur savoir-faire et leurs créations originales. Céramique, cuir, bois, verre, fer, fil, papier, osier… : un large de…","Pendant deux jours, 28 artisans d’art investissent le cœur de Metz pour présenter leur savoir-faire et leurs créations originales. Céramique, cuir, bois, verre, fer, fil, papier, osier… : un large éventail de matières et de techniques est à découvrir pour cette 4e édition. Le public est invité à flâner parmi les stands, échanger avec les créateurs et admirer des objets uniques, reflets de la diversité des métiers d’art. Une rencontre vivante, créative et à ciel ouvert.",Accès libre,,,20 et 21 septembre 2025,2025-09-20 08:00:00+00:00,2025-09-21 16:00:00+00:00,"[{""begin"": ""2025-09-20T10:00:00+02:00"", ""end"": ""2025-09-20T19:00:00+02:00""}, {""begin"": ""2025-09-21T10:00:00+02:00"", ""end"": ""2025-09-21T18:00:00+02:00""}]",Place des Charrons,"Place des Charrons, 57000 Metz",57000,Metz,Moselle,Grand Est,,,,"{""id"": 1, ""label"": {""fr"": ""Sur place"", ""en"": ""In situ"", ""it"": ""In presenza"", ""es"": ""Desconnectad"", ""de"": ""Offline"", ""br"": ""War al lec\u2019h"", ""io"": ""crwdns14266:0crwdne14266:0"", ""oc"": ""Sus pla\u00e7a""}}",,
23772787,https://openagenda.com/culture/events/architectures-messines-connues-ou-meconnues-1925-2025-patrimoines,"Architectures messines, connues ou méconnues (1925–2025) : quel(s) patrimoine(s) ?","Pierre Maurer, spécialiste de l’histoire de l’architecture, vous propose d’interroger le patrimoine architectural messin des cent dernières années, à partir des exemples les plus célèbres, mais aussi…","Pierre Maurer, spécialiste de l’histoire de l’architecture, vous propose d’interroger le patrimoine architectural messin des cent dernières années, à partir des exemples les plus célèbres, mais aussi d’exemples (presque) jamais mentionnés. Qu’est-ce qui fait un patrimoine ? Qu’en est-il du matrimoine à Metz ? Une conférence à découvrir au salon de Guise.",,,,"Samedi 20 septembre 2025, 14h00",2025-09-20 12:00:00+00:00,2025-09-20 13:00:00+00:00,"[{""begin"": ""2025-09-20T14:00:00+02:00"", ""end"": ""2025-09-20T15:00:00+02:00""}]",Hôtel de Ville,"Place d'Armes, 57000 Metz",57014,Metz,Moselle,Grand Est,,,,"{""id"": 1, ""label"": {""fr"": ""Sur place"", ""en"": ""In situ"", ""it"": ""In presenza"", ""es"": ""Desconnectad"", ""de"": ""Offline"", ""br"": ""War al lec\u2019h"", ""io"": ""crwdns14266:0crwdne14266:0"", ""oc"": ""Sus pla\u00e7a""}}",,
20057078,https://openagenda.com/culture/events/visite-guidee-de-la-tour-denfer,Plongez dans les entrailles d’une tour fortifiée,"Explorez un vestige impressionnant du rempart historique de Metz à travers une visite guidée inédite de la Tour d’Enfer, nichée dans les jardins du palais du Gouverneur. En petit groupe, vous 52 pour…","Explorez un vestige impressionnant du rempart historique de Metz à travers une visite guidée inédite de la Tour d’Enfer, nichée dans les jardins du palais du Gouverneur. En petit groupe, vous descendrez 52 marches pour atteindre les profondeurs de cette fortification emblématique. Construite en 1515, cette tour d’artillerie de 22 mètres de diamètre fut un élément stratégique durant le siège de 1552 par les troupes de Charles Quint. Une plongée rare dans un passé militaire dense, au cœur d’un site chargé d’histoire.",Chaussures adaptées requises.,,,20 et 21 septembre 2025,2025-09-20 08:00:00+00:00,2025-09-21 15:30:00+00:00,"[{""begin"": ""2025-09-20T10:00:00+02:00"", ""end"": ""2025-09-20T13:00:00+02:00""}, {""begin"": ""2025-09-20T14:00:00+02:00"", ""end"": ""2025-09-20T17:30:00+02:00""}, {""begin"": ""2025-09-21T10:00:00+02:00"", ""end"": ""2025-09-21T13:00:00+02:00""}, {""begin"": ""2025-09-21T14:00:00+02:00"", ""end"": ""2025-09-21T17:30:00+02:00""}]",Palais du Gouverneur,"9 rue de la Citadelle, 57000 Metz",57045,Metz,Moselle,Grand Est,,,,"{""id"": 1, ""label"": {""fr"": ""Sur place"", ""en"": ""In situ"", ""it"": ""In presenza"", ""es"": ""Desconnectad"", ""de"": ""Offline"", ""br"": ""War al lec\u2019h"", ""io"": ""crwdns14266:0crwdne14266:0"", ""oc"": ""Sus pla\u00e7a""}}",,
7207935,https://openagenda.com/culture/events/20-septembre-2025-exposition-photo-les-visages-du-crime,Exposition photo : « Les visages du crime »,"Le Palais de justice est un bâtiment public qui abrite le tribunal judiciaire et la cour d’appel de Metz. Lieu emblématique chargé d’histoire, il est situé au cœur de la ville de Metz. À l’occasion à…","Le Palais de justice est un bâtiment public qui abrite le tribunal judiciaire et la cour d’appel de Metz. Lieu emblématique chargé d’histoire, il est situé au cœur de la ville de Metz. À l’occasion des Journées européennes du patrimoine, nous vous invitons à découvrir une exposition photo : « Les visages du crime » en salle des pas perdus . Plusieurs animations vous seront proposées : - Une visite guidée historique par un magistrat honoraire: ici - Des visites guidées assurées par des personnels de la Justice : ici - Une présentation des assises et des audiences correctionnelles : ici - Un concert symphonique : ici",,,,"Samedi 20 septembre 2025, 10h00",2025-09-20 08:00:00+00:00,2025-09-20 14:30:00+00:00,"[{""begin"": ""2025-09-20T10:00:00+02:00"", ""end"": ""2025-09-20T16:30:00+02:00""}]",Palais de Justice,"3 rue haute Pierre, 57000 Metz",57045,Metz,Moselle,Grand Est,,,,"{""id"": 1, ""label"": {""fr"": ""Sur place"", ""en"": ""In situ"", ""it"": ""In presenza"", ""es"": ""Desconnectad"", ""de"": ""Offline"", ""br"": ""War al lec\u2019h"", ""io"": ""crwdns14266:0crwdne14266:0"", ""oc"": ""Sus pla\u00e7a""}}",,"[{""type"": ""link"", ""value"": ""https://my.weezevent.com/exposition-photo-les-visages-du-crime""}]"
51371886,https://openagenda.com/biblis-en-folie-2025/events/le-monde-marin-du-dessin-au-dessin-anime,"Le monde marin, du dessin au dessin animé","Cet atelier sur le thème de la mer, permettra aux enfants de découvrir le monde marin et de voir leurs dessins prendre vie.","Cet atelier sur le thème de la mer, permettra aux enfants de découvrir le monde marin et de voir leurs dessins prendre vie.",Enfants à partir de 6 ans,,,"Samedi 4 octobre 2025, 14h30",2025-10-04 12:30:00+00:00,2025-10-04 14:00:00+00:00,"[{""begin"": ""2025-10-04T14:30:00+02:00"", ""end"": ""2025-10-04T16:00:00+02:00""}]",Médiathèque du Phénix,10 rue du bon pasteur metz,57070,Metz,Moselle,Grand Est,['handicap moteur'],,,"{""id"": 1, ""label"": {""fr"": ""Sur place"", ""en"": ""In situ"", ""it"": ""In presenza"", ""es"": ""Desconnectad"", ""de"": ""Offline"", ""br"": ""War al lec\u2019h"", ""io"": ""crwdns14266:0crwdne14266:0"", ""oc"": ""Sus pla\u00e7a"", ""nl"": ""Ter plaatse""}}",,"[{""type"": ""email"", ""value"": ""servicesauxpublics@mairie-metz.fr""}]"
24106016,https://openagenda.com/biblis-en-folie-2025/events/a-la-decouverte-de-tomoko-ohmura,À la découverte de Tomoko Ohmura,"À l'occasion de la sortie de son album « Mon camion-restaurant préféré », (re)découvre l'univers coloré de Tomoko Ohmura.","À l'occasion de la sortie de son album « Mon camion-restaurant préféré », (re)découvre l'univers coloré de Tomoko Ohmura. Au programme de cet après-midi festif : lectures, jeux et activité manuelle !",Enfants dès 4 ans,,,"Samedi 4 octobre 2025, 15h00",2025-10-04 13:00:00+00:00,2025-10-04 15:00:00+00:00,"[{""begin"": ""2025-10-04T15:00:00+02:00"", ""end"": ""2025-10-04T17:00:00+02:00""}]",Médiathèque Agora,4 rue Théodore de Gargan 57050 Metz,57050,Metz,Moselle,Grand Est,['handicap moteur'],,,"{""id"": 1, ""label"": {""fr"": ""Sur place"", ""en"": ""In situ"", ""it"": ""In presenza"", ""es"": ""Desconnectad"", ""de"": ""Offline"", ""br"": ""War al lec\u2019h"", ""io"": ""crwdns14266:0crwdne14266:0"", ""oc"": ""Sus pla\u00e7a"", ""nl"": ""Ter plaatse""}}",,"[{""type"": ""email"", ""value"": ""servicesauxpublics@mairie-metz.fr""}]"
29643017,https://openagenda.com/francetravail/events/passe-digitale-vers-lemploi-action-de-formation-developpement-competences-digitales-et-softskills-confiance-et-estime-de-soi-gestion-des-em,Passe Digitale Vers l'Emploi / Action de formation développement compétences digitales et softskills / Confiance et estime de soi / Gestion des ém...,"Développez vos compétences digitales et les softskills autrement, par le biais de la pratique sportive ! Intégrez l'action de formation Passe Digitale Vers l'Emploi ! Objectifs : - Action de forma...","Développez vos compétences digitales et les softskills autrement, par le biais de la pratique sportive ! Intégrez l'action de formation Passe Digitale Vers l'Emploi ! Objectifs : - Action de formation en vue de développer les compétences digitales tout en intégrant la pratique sportive comme méthode pédagogique à l'acquisition des softskills & compétences digitales attendus en entreprise; - Utiliser les activités sportives et e-sportives pour développer la confiance, l'estime de soi, la gestion de ses émotions, l'esprit d'équipe et la cohésion; - Utiliser les techniques théâtrales pour développer son aisance à l'oral. Date formation : du 22/09/2025 au 31/12/2025 Lieu : 430 heures de formation dont 360 heures en centre sur Metz Rythme : 30 heures par semaine, du lundi au vendredi. Environ une demi-heure de présentation de l'action de formation par Mme ZIELKE Anne, responsable de centre JCD Formation suivi d'entretien individuel d'une dizaine de minutes.",,"[""Réunion d'information"", 'Les clés pour réussir', '1 jeune  1 solution', 'Insertion', 'Sport et insertion', 'Découverte formation', 'Marché du travail', 'Tout public', 'Formation financée', 'en physique']",,"Mardi 9 septembre 2025, 09h00",2025-09-09 07:00:00+00:00,2025-09-09 10:00:00+00:00,"[{""begin"": ""2025-09-09T09:00:00+02:00"", ""end"": ""2025-09-09T12:00:00+02:00""}]",Agence METZ SEBASTOPOL,57070 Metz,57070,Metz,Moselle,Grand Est,,,,"{""id"": 1, ""label"": {""fr"": ""Sur place"", ""en"": ""In situ"", ""it"": ""In presenza"", ""es"": ""Desconnectad"", ""de"": ""Offline"", ""br"": ""War al lec\u2019h"", ""io"": ""crwdns14266:0crwdne14266:0"", ""oc"": ""Sus pla\u00e7a"", ""nl"": ""Ter plaatse""}}",,"[{""type"": ""link"", ""value"": ""https://mesevenementsemploi.francetravail.fr/mes-evenements-emploi/evenement/485860""}]"
32000998,https://openagenda.com/francetravail/events/la-plateforme-lidl-recrute-des-preparateurs-de-commandes-hf-en-cdi-a-la-plateforme-regionale-4468821,La plateforme LIDL recrute des préparateurs de commandes H/F en CDI à la plateforme régionale,Session de recrutement pour le poste de préparateur de commandes H/F pour la plateforme régionale LIDL de Montoy Flanville en présence de l'employeur (missions et conditions de travail) via la méthode,"Session de recrutement pour le poste de préparateur de commandes H/F pour la plateforme régionale LIDL de Montoy Flanville en présence de l'employeur (missions et conditions de travail) via la méthode de recrutement MRS (recrutement par simulation). Le responsable de la plateforme logistique ainsi que des collaborateurs vous présenteront l'entreprise, le site et les postes à pourvoir et ensuite, l'équipe MRS vous détaillera les modalités de recrutement.",,"['Méthode de Recrutement par Simulation', '#TousMobilisés', 'Recrutement']",,"Lundi 18 mai, 10h45",2026-05-18 08:45:00+00:00,2026-05-18 10:30:00+00:00,"[{""begin"": ""2026-05-18T10:45:00+02:00"", ""end"": ""2026-05-18T12:30:00+02:00""}]",Agence METZ SEBASTOPOL,57070 Metz,57070,Metz,Moselle,Grand Est,,,,"{""id"": 1, ""label"": {""fr"": ""Sur place"", ""en"": ""In situ"", ""it"": ""In presenza"", ""es"": ""Desconnectad"", ""de"": ""Offline"", ""br"": ""War al lec\u2019h"", ""io"": ""crwdns14266:0crwdne14266:0"", ""oc"": ""Sus pla\u00e7a"", ""nl"": ""Ter plaatse""}}",,"[{""type"": ""link"", ""value"": ""https://mesevenementsemploi.francetravail.fr/mes-evenements-emploi/evenement/644862""}]"
22662853,https://openagenda.com/francetravail/events/le-trait-de-lemploi-8735126,Le Trait de l'emploi,"AMLI et l'association Travailler en Moselle organisent ""Le trait de l'emploi"" en partenariat avec France Travail. Vous êtes à la recherche d'un emploi, d'un logement ou d'une formation ? Cet événe...","AMLI et l'association Travailler en Moselle organisent ""Le trait de l'emploi"" en partenariat avec France Travail. Vous êtes à la recherche d'un emploi, d'un logement ou d'une formation ? Cet événement sera l'occasion de rencontrer de nombreux partenaires pour répondre à vos besoins en terme d'emploi , formation et logement. Venez découvrir nos partenaires le mercredi 17 septembre à 13h30 dans la cours intérieur de BATIGERE HABITAT au 7 rue de la Patrotte à Metz. Venez découvrir nos partenaires le mercredi 17 septembre à 13h30 dans la cours intérieur de BATIGERE HABITAT au 7 rue de la Patrotte à Metz.",,"['Forum', '1 jeune  1 solution', 'Construction', 'Bâtiment et Travaux publics', 'Hôtellerie-Restauration', 'Tourisme', 'Loisirs et Animation', 'Services à la personne et à la collectivité', ""Aides à l'emploi"", ""S'informer"", 'Insertion', 'Marché du travail', 'Découverte formation', 'Tout public', 'Se diplômer', 'Rencontre recruteur', ""Opportunité d'emploi"", 'en physique']",,"Mercredi 17 septembre 2025, 13h30",2025-09-17 11:30:00+00:00,2025-09-17 14:00:00+00:00,"[{""begin"": ""2025-09-17T13:30:00+02:00"", ""end"": ""2025-09-17T16:00:00+02:00""}]",Agence METZ BLIDA,57050 Metz,57004,Metz,Moselle,Grand Est,,,,"{""id"": 1, ""label"": {""fr"": ""Sur place"", ""en"": ""In situ"", ""it"": ""In presenza"", ""es"": ""Desconnectad"", ""de"": ""Offline"", ""br"": ""War al lec\u2019h"", ""io"": ""crwdns14266:0crwdne14266:0"", ""oc"": ""Sus pla\u00e7a"", ""nl"": ""Ter plaatse""}}",,"[{""type"": ""link"", ""value"": ""https://mesevenementsemploi.francetravail.fr/mes-evenements-emploi/evenement/491702""}]"
48308610,https://openagenda.com/francetravail/events/visite-de-lentreprise-primark-specifique-pour-un-public-en-situation-de-handicap-6620387,Visite de l'entreprise PRIMARK spécifique pour un public en situation de handicap,Nous mettons en place avec l' entreprise PRIMARK une visite de leur enseigne et une présentation des différents métiers.,"Nous mettons en place avec l' entreprise PRIMARK une visite de leur enseigne et une présentation des différents métiers. Pour les personnes intéressées, il sera possible d'avoir un entretien d'embauche",,['Recrutement'],,"Mercredi 3 juin, 11h00",2026-06-03 09:00:00+00:00,2026-06-03 11:00:00+00:00,"[{""begin"": ""2026-06-03T11:00:00+02:00"", ""end"": ""2026-06-03T13:00:00+02:00""}]",Agence METZ GARE,57000 Metz,57000,Metz,Moselle,Grand Est,,,,"{""id"": 1, ""label"": {""fr"": ""Sur place"", ""en"": ""In situ"", ""it"": ""In presenza"", ""es"": ""Desconnectad"", ""de"": ""Offline"", ""br"": ""War al lec\u2019h"", ""io"": ""crwdns14266:0crwdne14266:0"", ""oc"": ""Sus pla\u00e7a"", ""nl"": ""Ter plaatse""}}",,"[{""type"": ""link"", ""value"": ""https://mesevenementsemploi.francetravail.fr/mes-evenements-emploi/evenement/648544""}]"
33195563,https://openagenda.com/francetravail/events/rencontre-avec-un-grand-groupe-des-travaux-publics,Rencontre avec un grand groupe des travaux publics,"Vous souhaitez travailler dans le secteur des Travaux publics sur différents postes ( ouvriers Voiries et réseaux divers, manoeuvre, conducteur d'engins de chantiers, conducteur de travaux, chef de ch","Vous souhaitez travailler dans le secteur des Travaux publics sur différents postes ( ouvriers Voiries et réseaux divers, manoeuvre, conducteur d'engins de chantiers, conducteur de travaux, chef de chantier ..). Venir découvrir les différents postes et fonctions avec la présence des responsables ressources humaines du groupe COLAS TP, grand groupe chargé de la réalisation de beaucoup de chantiers locaux ( exemple: l'hôpital de Maizières les Metz) -Présentation de la société et des différents mé",,"['#TousMobilisés', 'Découverte secteur / métier', 'Recrutement']",,"Jeudi 23 juillet, 10h30",2026-07-23 08:30:00+00:00,2026-07-23 10:00:00+00:00,"[{""begin"": ""2026-07-23T10:30:00+02:00"", ""end"": ""2026-07-23T12:00:00+02:00""}]",Agence METZ BLIDA,57000 Metz,57014,Metz,Moselle,Grand Est,,,,"{""id"": 1, ""label"": {""fr"": ""Sur place"", ""en"": ""In situ"", ""it"": ""In presenza"", ""es"": ""Desconnectad"", ""de"": ""Offline"", ""br"": ""War al lec\u2019h"", ""io"": ""crwdns14266:0crwdne14266:0"", ""oc"": ""Sus pla\u00e7a"", ""nl"": ""Ter plaatse""}}",,"[{""type"": ""link"", ""value"": ""https://mesevenementsemploi.francetravail.fr/mes-evenements-emploi/evenement/682841""}]"
98266644,https://openagenda.com/francetravail/events/feuillette-sinstalle-a-metzanine-des-offres-qui-ont-du-croustillant-6929622,FEUILLETTE S'INSTALLE A METZANINE : Des offres qui ont du croustillant !,"Feuillette s'installe à Metz Mezzanine et recrute ses talents ! Découvrez l'univers gourmand et chaleureux de Feuillette, une enseigne réputée qui ouvre prochainement ses portes à Metz Mezzanine.","Feuillette s'installe à Metz Mezzanine et recrute ses talents ! Découvrez l'univers gourmand et chaleureux de Feuillette, une enseigne réputée qui ouvre prochainement ses portes à Metz Mezzanine. Nous recherchons des collaborateurs passionnés pour rejoindre notre aventure. Pourquoi rejoindre Feuillette ? Chez Feuillette, vous intégrerez une entreprise familiale, chaleureuse et ambitieuse, guidée par des valeurs fortes : passion, excellence et entraide. Avec plus de 10 ans d'expérience et un rése",,"['#TousMobilisés', 'Recrutement']",,"Mardi 23 juin, 13h30",2026-06-23 11:30:00+00:00,2026-06-23 14:00:00+00:00,"[{""begin"": ""2026-06-23T13:30:00+02:00"", ""end"": ""2026-06-23T16:00:00+02:00""}]",Agence METZ SEBASTOPOL,57070 Metz,57070,Metz,Moselle,Grand Est,,,,"{""id"": 1, ""label"": {""fr"": ""Sur place"", ""en"": ""In situ"", ""it"": ""In presenza"", ""es"": ""Desconnectad"", ""de"": ""Offline"", ""br"": ""War al lec\u2019h"", ""io"": ""crwdns14266:0crwdne14266:0"", ""oc"": ""Sus pla\u00e7a"", ""nl"": ""Ter plaatse""}}",,"[{""type"": ""link"", ""value"": ""https://mesevenementsemploi.francetravail.fr/mes-evenements-emploi/evenement/684637""}]"
39912507,https://openagenda.com/francetravail/events/educateurstravailleurs-sociaux-hf-le-centre-departemental-de-lenfance-de-moselle-recrute,Educateurs/Travailleurs Sociaux H/F : Le Centre Départemental de l'Enfance de Moselle recrute !,Le Centre Départemental de l'Enfance de Moselle (CDE57) est à la recherche de plusieurs Educateurs jeunes enfants de 0 à 18 ans (ou Travailleurs Sociaux) pour ses différents centres.,Le Centre Départemental de l'Enfance de Moselle (CDE57) est à la recherche de plusieurs Educateurs jeunes enfants de 0 à 18 ans (ou Travailleurs Sociaux) pour ses différents centres. Le CDE57 est un établissement public d'accueil d'urgence en protection de l'enfance. Il accueille des enfants âgés de 0 à 18 ans sur ses différents sites. Il contribue à l'évaluation de leur situation et de celle de leurs familles puis accompagne l'orientation de l'enfant. Vous possédez un diplôme de Travailleur Soc,,"['#TousMobilisés', ""Les métiers de l'humain"", 'Recrutement']",,"Mardi 27 janvier, 09h30",2026-01-27 08:30:00+00:00,2026-01-27 11:00:00+00:00,"[{""begin"": ""2026-01-27T09:30:00+01:00"", ""end"": ""2026-01-27T12:00:00+01:00""}]",Agence METZ BLIDA,57000 Metz,57014,Metz,Moselle,Grand Est,,,,"{""id"": 1, ""label"": {""fr"": ""Sur place"", ""en"": ""In situ"", ""it"": ""In presenza"", ""es"": ""Desconnectad"", ""de"": ""Offline"", ""br"": ""War al lec\u2019h"", ""io"": ""crwdns14266:0crwdne14266:0"", ""oc"": ""Sus pla\u00e7a"", ""nl"": ""Ter plaatse""}}",,"[{""type"": ""link"", ""value"": ""https://mesevenementsemploi.francetravail.fr/mes-evenements-emploi/evenement/559200""}]"
50411014,https://openagenda.com/fetedelamusique2026/events/ylesia-concert-jardin-de-lesplanade-metz,Ylesia - Concert  Metz,Ylesia à 22h00 au Jardin de l'Esplanade à Metz,"Ylesia à 22h00 au Jardin de l'Esplanade à Metz « YLESIA est un groupe de metal progressif alternatif, originaire de METZ/THIONVILLE en Moselle. Formé début 2020 le groupe compose rapidement son répertoire de ses propres morceaux alternant puissance et émotions, le tout dans une atmosphère pleine et envoûtante. Début 2023 le quatuor se rode sur quelques dates dans des bars de la grande région avant de s'enfermer dès le mois de mai en studio pour l'enregistrement d'un premier EP 4 titres. Cet EP sort en Juin 2024, un second EP 3 titres suit en Mars 2025, en attendant la sortie d'un album complet prochainement ! L'occasion d'écouter cet univers singulier ! »","Gratuit, en accès libre",,,"Dimanche 21 juin, 22h00",2026-06-21 20:00:00+00:00,2026-06-21 21:59:00+00:00,"[{""begin"": ""2026-06-21T22:00:00+02:00"", ""end"": ""2026-06-21T23:59:00+02:00""}]",Esplanade - Metz,Jardin de l'Esplanade Metz,,Metz,Moselle,Grand Est,,,,"{""id"": 1, ""label"": {""fr"": ""Sur place""}}",,
3723680,https://openagenda.com/saison-mediterranee-2026/events/the-way-back,The Way Back,"**Découvrez cette nouvelle création en première européenne portée par quatre artistes venu.es d’Alexandrie : Mariam Dahab, Nasine Nasr, Bassem Diaa & Zeyad Medhat.** _**The Way Back**_ **mêle danse, …","Découvrez cette nouvelle création en première européenne portée par quatre artistes venu.es d’Alexandrie : Mariam Dahab, Nasine Nasr, Bassem Diaa & Zeyad Medhat. The Way Back mêle danse, musique et performance pour sonder nos liens à la Terre et à la mémoire, intime et collective. The Way Back est une performance multidisciplinaire, immersive et interactive, mêlant musique live, danse contemporaine et art performatif. À travers cette expérience en direct, le spectacle explore les thèmes de l’origine, de l’appartenance et de la migration, en invitant le public à se connecter aux émotions profondes qui traversent notre condition humaine. S’appuyant sur une recherche autour du lien entre les corps humains et la Terre, The Way Back met en lumière les forces invisibles qui façonnent nos identités. Un voyage sensible et sensoriel, où l’art devient un terrain de reconnexion. Dans le cadre de Passages Transfestival - édition 2026 Nouveaux Rivages du 14 au 28 mai à Metz","5 à 22€, dès 10 ans",,,"Samedi 23 mai, 14h30",2026-05-23 12:30:00+00:00,2026-05-23 13:30:00+00:00,"[{""begin"": ""2026-05-23T14:30:00+02:00"", ""end"": ""2026-05-23T15:30:00+02:00""}]",St-Pierre-aux-Nonnains,1 rue de la Citadelle  Metz,57000,Metz,Moselle,Grand Est,,,,"{""id"": 1, ""label"": {""fr"": ""Sur place""}}",,
95700875,https://openagenda.com/saison-mediterranee-2026/events/ein-l-aql,Ein L Aql,"Ancré dans l’expérimentation et l’improvisation, le duo égyptien explore la psyché humaine à travers des univers sonores immersifs et psychédéliques.","Ancré dans l’expérimentation et l’improvisation, le duo égyptien explore la psyché humaine à travers des univers sonores immersifs et psychédéliques. EIN L AQL est un projet collaboratif fondé par les artistes alexandrins Bassem Diaa (oud, électronique) et Amro Zidan (électronique, design sonore). Pour cette performance, EIN L AQL présente Albaydah Wal Hajar (« L’OEuf et la Pierre »), un rituel chaabi électronique expérimental et psychédélique inspiré des traditions des mariages égyptiens et des célébrations collectives. Mêlant rythmes populaires traditionnels, oud, basse et manipulations électroniques, le duo reconfigure les structures de danse populaires par l’improvisation et le traitement électronique, créant un espace rituel mouvant entre mémoire, rythme et expérimentation sonore. Dans le cadre de Passages Transfestival - édition 2026 Nouveaux Rivages du 14 au 28 mai à Metz",accès libre,,,"Dimanche 24 mai, 21h30",2026-05-24 19:30:00+00:00,2026-05-24 20:30:00+00:00,"[{""begin"": ""2026-05-24T21:30:00+02:00"", ""end"": ""2026-05-24T22:30:00+02:00""}]",St-Pierre-aux-Nonnains,1 rue de la Citadelle  Metz,57000,Metz,Moselle,Grand Est,,,,"{""id"": 1, ""label"": {""fr"": ""Sur place""}}",,
55407171,https://openagenda.com/francenum/events/lia-nest-pas-un-defi-cest-votre-vecteur-de-croissance,"L'IA n'est pas un défi, c'est votre vecteur de croissance !","La CCI Moselle vous invite à partager votre expérience IA autour d'un café, en présence de notre expert et ""Ambassadeur IA"" Jean-Louis Humblet, d'Etowline.","- Comment l'IA transforme-t-elle vos tâches chronophages ? - La donnée, élément essentiel à la prise de décision - Comment l'IA peut vous libérer du temps pour vous consacrer à des missions à forte valeur ajoutée ? En une heure, chaque dirigeant pourra : • Parler de son expérience dans l'utilisation de l'IA : ce qui marche, ce qui freine, comment y arriver • Recueillir les témoignages des autres chefs d'entreprise • Bénéficier de l'expertise et des conseils de notre intervenant Un temps de discussion libre pour poser toutes vos questions.","Gratuit, sur inscription","['IA', ""retour d'expérience"", 'performance', 'croissance', 'dirigeants']",,"Vendredi 24 avril, 08h30",2026-04-24 06:30:00+00:00,2026-04-24 07:30:00+00:00,"[{""begin"": ""2026-04-24T08:30:00+02:00"", ""end"": ""2026-04-24T09:30:00+02:00""}]",CCI Moselle,- 5 rue Jean-Antoine Chaptal - 57070 Metz,57070,Metz,Moselle,Grand Est,['handicap moteur'],,,"{""id"": 1, ""label"": {""fr"": ""Sur place"", ""en"": ""In situ"", ""it"": ""In presenza"", ""es"": ""Desconnectad"", ""de"": ""Offline"", ""br"": ""War al lec\u2019h"", ""io"": ""crwdns14266:0crwdne14266:0"", ""oc"": ""Sus pla\u00e7a"", ""nl"": ""Ter plaatse""}}",,"[{""type"": ""link"", ""value"": ""https://www.moselle.cci.fr/webform/24_04_26_cafe_ia_facteur_de_croi""}]"
48123481,https://openagenda.com/francetravail/events/atelier-cv-abonnement-aux-offres-carte-de-visite-2424339,ATELIER CV / ABONNEMENT AUX OFFRES/ CARTE DE VISITE .........,ATELIER CV / ABONNEMENT AUX OFFRES/ CARTE DE VISITE .........,ATELIER CV / ABONNEMENT AUX OFFRES/ CARTE DE VISITE ......... Il s'agit d'un accompagnement personnalisé d'une heure avec un agent volontaire service civique permettant de créer mettre à jour votre CV de rendre votre profil visible pour les employeurs et de découvrir les potentialités de votre espace personnel,,['Les outils du numérique'],,"Lundi 31 août, 14h00",2026-08-31 12:00:00+00:00,2026-08-31 13:00:00+00:00,"[{""begin"": ""2026-08-31T14:00:00+02:00"", ""end"": ""2026-08-31T15:00:00+02:00""}]",Agence METZ BLIDA,57000 Metz,57014,Metz,Moselle,Grand Est,,,,"{""id"": 1, ""label"": {""fr"": ""Sur place"", ""en"": ""In situ"", ""it"": ""In presenza"", ""es"": ""Desconnectad"", ""de"": ""Offline"", ""br"": ""War al lec\u2019h"", ""io"": ""crwdns14266:0crwdne14266:0"", ""oc"": ""Sus pla\u00e7a"", ""nl"": ""Ter plaatse""}}",,"[{""type"": ""link"", ""value"": ""https://mesevenementsemploi.francetravail.fr/mes-evenements-emploi/evenement/726650""}]"
13589438,https://openagenda.com/francetravail/events/atelier-cv-abonnement-aux-offres-carte-de-visite-1053104,ATELIER CV / ABONNEMENT AUX OFFRES/ CARTE DE VISITE .........,ATELIER CV / ABONNEMENT AUX OFFRES/ CARTE DE VISITE .........,ATELIER CV / ABONNEMENT AUX OFFRES/ CARTE DE VISITE ......... Il s'agit d'un accompagnement personnalisé d'une heure avec un agent volontaire service civique permettant de créer mettre à jour votre CV de rendre votre profil visible pour les employeurs et de découvrir les potentialités de votre espace personnel,,['Les outils du numérique'],,"Lundi 31 août, 15h00",2026-08-31 13:00:00+00:00,2026-08-31 14:00:00+00:00,"[{""begin"": ""2026-08-31T15:00:00+02:00"", ""end"": ""2026-08-31T16:00:00+02:00""}]",Agence METZ BLIDA,57000 Metz,57014,Metz,Moselle,Grand Est,,,,"{""id"": 1, ""label"": {""fr"": ""Sur place"", ""en"": ""In situ"", ""it"": ""In presenza"", ""es"": ""Desconnectad"", ""de"": ""Offline"", ""br"": ""War al lec\u2019h"", ""io"": ""crwdns14266:0crwdne14266:0"", ""oc"": ""Sus pla\u00e7a"", ""nl"": ""Ter plaatse""}}",,"[{""type"": ""link"", ""value"": ""https://mesevenementsemploi.francetravail.fr/mes-evenements-emploi/evenement/726652""}]"
61684134,https://openagenda.com/culture/events/philippe-delacour-fera-resonner-lorgue-de-leglise-le-samedi-20-a-15h-et-le-dimanche-21-a-17h,L’église en résonance : artisans et musiques,"Découvrez l’artisanat d’art avec l’atelier Jean Salmon (création et restauration de vitraux), et le sculpteur René Le Roy… puis laissez-vous surprendre par le patrimoine reproduit en Lego !","Découvrez l’artisanat d’art avec l’atelier Jean Salmon (création et restauration de vitraux), le travail du sculpteur René Le Roy… puis laissez-vous surprendre par le patrimoine reconstitué en Lego !",,,,20 et 21 septembre 2025,2025-09-20 09:00:00+00:00,2025-09-21 16:00:00+00:00,"[{""begin"": ""2025-09-20T11:00:00+02:00"", ""end"": ""2025-09-20T18:00:00+02:00""}, {""begin"": ""2025-09-21T11:00:00+02:00"", ""end"": ""2025-09-21T18:00:00+02:00""}]",Église Saint-Eucaire,"18 Rue Saint-Eucaire, 57000 Metz, France",57000,Metz,Moselle,Grand Est,['handicap moteur'],,,"{""id"": 1, ""label"": {""fr"": ""Sur place"", ""en"": ""In situ"", ""it"": ""In presenza"", ""es"": ""Desconnectad"", ""de"": ""Offline"", ""br"": ""War al lec\u2019h"", ""io"": ""crwdns14266:0crwdne14266:0"", ""oc"": ""Sus pla\u00e7a"", ""nl"": ""Ter plaatse""}}",,
87668773,https://openagenda.com/culture/events/global-industrial-culture-la-melodie-du-vivant,Global Industrial Culture – La Mélodie du vivant,"Le travail de Global Industrial Culture propose une lecture du monde et de son évolution à travers le prisme de l’environnement et du vivant, par la musique électronique. Transmission et à ces par la…","Le travail de Global Industrial Culture propose une lecture du monde et de son évolution à travers le prisme de l’environnement et du vivant, par la musique électronique. Transmission et sensibilisation à ces sujets, par la musique et la technologie, sont des objectifs récurrents dans sa pratique. Entourés de tant d’éléments primaires nous constituant profondément, sommes-nous les copies de ce que la nature nous fait ressentir ? Le son, les vibrations, la mélodie du vivant : tant de paramètres, aussi bien tangibles qu’invisibles, nous permettent d’appréhender la nature de manière musicale. Saurez-vous créer, dans le cadre d’un atelier, votre propre mélodie du vivant ? L’atelier se propose de former un orchestre du vivant, à travers plusieurs phases de découverte et d’initiation musicale. Pensé comme un voyage sonore, le parcours débute par une phase d’écoute musicale et de gestuelle, faisant écho à nos représentations de la nature. La particularité de l’atelier réside dans l’hybridation des instruments proposés aux participants, mêlant synthèse du vivant et technologie. L’issue de cette activité est une performance musicale de leur propre création, avec pour seule consigne : copier le vivant en collaborant musicalement.",Ateliers entre 5-10 ans,,,20 et 21 septembre 2025,2025-09-20 12:00:00+00:00,2025-09-21 16:00:00+00:00,"[{""begin"": ""2025-09-20T14:00:00+02:00"", ""end"": ""2025-09-20T18:00:00+02:00""}, {""begin"": ""2025-09-21T14:00:00+02:00"", ""end"": ""2025-09-21T18:00:00+02:00""}]",Centre Pompidou - Metz,"1 parvis des droits de l'homme, 57000 Metz, France",57000,Metz,Moselle,Grand Est,,,,"{""id"": 1, ""label"": {""fr"": ""Sur place"", ""en"": ""In situ"", ""it"": ""In presenza"", ""es"": ""Desconnectad"", ""de"": ""Offline"", ""br"": ""War al lec\u2019h"", ""io"": ""crwdns14266:0crwdne14266:0"", ""oc"": ""Sus pla\u00e7a"", ""nl"": ""Ter plaatse""}}",,
67162571,https://openagenda.com/semaine-industrie-2025/events/journee-de-la-maintenance,Journée de la maintenance,Recrutement métiers de la maintenance,"Actual Talent, Talent Acquisition Partner du groupe Actual, 5e acteur sur le marché de l'emploi en France, vous invite à une journée portes ouvertes dédiée aux cadres et experts des métiers de l’industrie Vous êtes (F/H) Technicien de Maintenance Industrielle Technicien Méthodes Technicien Frigoriste Technicien sur Engins TP, agricoles, PL Ingénieur Bureau d'Etudes Dessinateur Projeteur Chargé d'Affaires Industrie … à la recherche d’un CDI ou d’une mission en intérim ou simplement en veille active? Venez rencontrer notre bureau spécialisé dans vos métiers ! 🔹 Découvrez nos opportunités dans tous les secteurs d’activité de l’industrie 🔹 Échangeons ! 🔹 Repartez avec une mission adaptée à votre profil 📅 Date : Lundi 3 novembre et Jeudi 20 novembre 2025 📍 Lieu :12 rue Wilson 57000 METZ Pour mieux vous recevoir nous vous proposons également de nous contacter au 03 88 22 23 00 pour un RDV (recommandé) Ne manquez pas cette occasion unique de booster votre carrière dans l’industrie. Nous avons hâte de vous rencontrer ! https://www.actual-talent.com/",,"['RECRUTEMENT', 'INTERIM', 'CDI', 'CDD', 'BAC+2', 'BAC+3', 'BAC+4', 'BAC+5', 'INGENIEUR', 'TECHNICIEN', 'MAINTENANCE', 'INGENIERIE']",,"Lundi 3 novembre 2025, 06h30",2025-11-03 05:30:00+00:00,2025-11-03 06:00:00+00:00,"[{""begin"": ""2025-11-03T06:30:00+01:00"", ""end"": ""2025-11-03T07:00:00+01:00""}]",ACTUAL TALENT,12 RUE WILSON  METZ,57000,Metz,Moselle,Grand Est,,,,"{""id"": 3, ""label"": {""fr"": ""Mixte"", ""en"": ""Mixed"", ""it"": ""Mista"", ""es"": ""Mezclado"", ""de"": ""Gemischt"", ""br"": ""Kemmesk"", ""io"": ""crwdns14270:0crwdne14270:0"", ""oc"": ""Mesclat"", ""nl"": ""Gemischt""}}",https://www.actual-talent.com/,"[{""type"": ""phone"", ""value"": ""03 88 22 23 00""}, {""type"": ""email"", ""value"": ""pierre.hornecker@actualgroup.com""}]"
54576351,https://openagenda.com/semaine-des-metiers-du-tourisme-2026/events/ournee-portes-ouvertes-or-ecole-superieure-de-tourisme-campus-de-metz,Journée Portes Ouvertes | École Supérieure de Tourisme – Campus de Metz,Venez découvrir les formations et les métiers du tourisme lors de la Journée Portes Ouvertes de l’École Supérieure de Tourisme à Metz.,"Dans le cadre de la Semaine des métiers du tourisme, l’École Supérieure de Tourisme de Metz ouvre ses portes au public. Au programme : présentation des formations, découverte des débouchés professionnels, échanges avec les étudiants et l’équipe pédagogique, visite des locaux et réponses personnalisées aux questions d’orientation et de poursuite d’études. Cet événement s’adresse à toutes les personnes intéressées par les métiers du tourisme, de l’événementiel et du voyage.",,"['tourisme', 'journée portes ouvertes', 'orientation', 'formations', 'métiers du tourisme', 'événementiel', 'école de tourisme', 'Metz']",,"Samedi 31 janvier, 09h00",2026-01-31 08:00:00+00:00,2026-01-31 12:00:00+00:00,"[{""begin"": ""2026-01-31T09:00:00+01:00"", ""end"": ""2026-01-31T13:00:00+01:00""}]",École Supérieure de Tourisme Metz,"15bis Rue Dembour, 57000 Metz",57000,Metz,Moselle,Grand Est,,,,"{""id"": 1, ""label"": {""fr"": ""Sur place"", ""en"": ""In situ"", ""it"": ""In presenza"", ""es"": ""Desconnectad"", ""de"": ""Offline"", ""br"": ""War al lec\u2019h"", ""io"": ""crwdns14266:0crwdne14266:0"", ""oc"": ""Sus pla\u00e7a"", ""nl"": ""Ter plaatse""}}",,"[{""type"": ""link"", ""value"": ""https://ecolesuperieuretourisme.fr/evenement/journee-portes-ouvertes-campus-metz""}]"
64925755,https://openagenda.com/culture/events/pedalons-vers-lhistoire-1203395,Pédalons vers l'Histoire,Envie de découvrir le patrimoine messin tout en flânant à vélo ? La balade « Pédalons vers l’Histoire » n’attend plus que vous !,"Envie de découvrir le patrimoine messin tout en flânant à vélo ? La balade « Pédalons vers l’Histoire » n’attend plus que vous ! Votre parcours sera ponctué par la visite de six sites patrimoniaux ouverts au public : l’Hôtel de Ville, la gare et son salon Charlemagne, le Palais du Gouverneur, la Chambre régionale des comptes, la basilique Saint-Vincent et la Porte des Allemands. En partenariat avec l’association Metz à Vélo.",Ouverture des réservations le 1er septembre. 20 personnes par visite. Rendez-vous place d’Armes pour le départ.,,,20 et 21 septembre 2025,2025-09-20 11:45:00+00:00,2025-09-21 15:00:00+00:00,"[{""begin"": ""2025-09-20T13:45:00+02:00"", ""end"": ""2025-09-20T17:00:00+02:00""}, {""begin"": ""2025-09-21T13:45:00+02:00"", ""end"": ""2025-09-21T17:00:00+02:00""}]",Place d'Armes,"Place d'Armes, 57000 Metz",57014,Metz,Moselle,Grand Est,,,,"{""id"": 1, ""label"": {""fr"": ""Sur place"", ""en"": ""In situ"", ""it"": ""In presenza"", ""es"": ""Desconnectad"", ""de"": ""Offline"", ""br"": ""War al lec\u2019h"", ""io"": ""crwdns14266:0crwdne14266:0"", ""oc"": ""Sus pla\u00e7a"", ""nl"": ""Ter plaatse""}}",,"[{""type"": ""link"", ""value"": ""http://metz.fr/m0473""}]"
26203740,https://openagenda.com/francetravail/events/lart-dacceder-a-lemploi-et-si-le-theatre-vous-aidait-dans-vos-demarches-818439,L'art d'accéder à l'emploi: Et si le théâtre vous aidait dans vos démarches?,"Nous avons le plaisir de débuter avec vous une expérience enrichissante grâce aux ateliers théâtraux ""L'Art d'accéder à l'Emploi"", Un programme unique pour : - Gagner en confiance et améliorer votre c","Nous avons le plaisir de débuter avec vous une expérience enrichissante grâce aux ateliers théâtraux ""L'Art d'accéder à l'Emploi"", Un programme unique pour : - Gagner en confiance et améliorer votre communication. - Vous préparer efficacement aux entretiens d'embauche grâce à des exercices ludiques et créatifs. - Développer des compétences relationnelles essentielles pour votre future carrière. Encadré par une troupe de théâtre professionnelle, ces ateliers vous aideront à travailler votre aisan",,"[""L'Art d'accéder à l'emploi"", ""Recrutement par l'art""]",,"Mercredi 17 juin, 09h00",2026-06-17 07:00:00+00:00,2026-06-17 15:00:00+00:00,"[{""begin"": ""2026-06-17T09:00:00+02:00"", ""end"": ""2026-06-17T17:00:00+02:00""}]",Agence METZ BLIDA,57000 Metz,57014,Metz,Moselle,Grand Est,,,,"{""id"": 1, ""label"": {""fr"": ""Sur place"", ""en"": ""In situ"", ""it"": ""In presenza"", ""es"": ""Desconnectad"", ""de"": ""Offline"", ""br"": ""War al lec\u2019h"", ""io"": ""crwdns14266:0crwdne14266:0"", ""oc"": ""Sus pla\u00e7a"", ""nl"": ""Ter plaatse""}}",,"[{""type"": ""link"", ""value"": ""https://mesevenementsemploi.francetravail.fr/mes-evenements-emploi/evenement/691293""}]"
4914332,https://openagenda.com/francetravail/events/printemps-de-la-reprise-dentreprise-4101040,PRINTEMPS DE LA REPRISE D'ENTREPRISE,Vous souhaitez reprendre ou créer une entreprise ?,"Vous souhaitez reprendre ou créer une entreprise ? Nous vous invitons à vous rendre au PRINTEMPS DE LA REPRISE D'ENTREPRISE organisé par la CMA et CCI qui aura lieu le 2 avril 2026 à METZ de 8h30 à 12h00 - Chambre de Commerce et d'Industrie 5 rue Jean-Antoine Chaptal 57070 Metz. Vous pouvez rencontrer les acteurs de la création/reprise d'entreprise entre 9h30 et 12h00. Pour finaliser votre participation, il est préférable de vous inscrire en cliquant sur ""Voir le site"". AU PROGRAMME : 8h30 : Ac",,"[""Création d'entreprise""]",,"Jeudi 2 avril, 08h30",2026-04-02 06:30:00+00:00,2026-04-02 10:00:00+00:00,"[{""begin"": ""2026-04-02T08:30:00+02:00"", ""end"": ""2026-04-02T12:00:00+02:00""}]",Agence METZ GARE,57070 Metz,57070,Metz,Moselle,Grand Est,,,,"{""id"": 1, ""label"": {""fr"": ""Sur place"", ""en"": ""In situ"", ""it"": ""In presenza"", ""es"": ""Desconnectad"", ""de"": ""Offline"", ""br"": ""War al lec\u2019h"", ""io"": ""crwdns14266:0crwdne14266:0"", ""oc"": ""Sus pla\u00e7a"", ""nl"": ""Ter plaatse""}}",,"[{""type"": ""link"", ""value"": ""https://mesevenementsemploi.francetravail.fr/mes-evenements-emploi/evenement/615271""}]"
33560098,https://openagenda.com/francetravail/events/decouvrez-les-opportunites-demploi-chez-claas-3160547,Découvrez les opportunités d'emploi chez CLAAS,"Rejoignez l'aventure CLAAS à Woippy ! Constructeur leader de machines agricoles, CLAAS recrute pour la saison 2026-2027 (d'octobre à juin) !","Rejoignez l'aventure CLAAS à Woippy ! Constructeur leader de machines agricoles, CLAAS recrute pour la saison 2026-2027 (d'octobre à juin) ! Des postes variés vous attendent : Monteurs (débutants bienvenus) : participez à l'assemblage de machines innovantes. Soudeurs (expérimentés avec licence) : mettez votre expertise au service de l'excellence. Opérateurs CN (expérimentés ou diplômés) : pilotez des machines de pointe. Peintres (expérimentés ou diplômés) : donnez vie aux machines avec votre sav",,"['#TousMobilisés', 'Recrutement']",,"Mardi 23 juin, 09h00",2026-06-23 07:00:00+00:00,2026-06-23 08:30:00+00:00,"[{""begin"": ""2026-06-23T09:00:00+02:00"", ""end"": ""2026-06-23T10:30:00+02:00""}]",Agence METZ BLIDA,57000 Metz,57014,Metz,Moselle,Grand Est,,,,"{""id"": 1, ""label"": {""fr"": ""Sur place"", ""en"": ""In situ"", ""it"": ""In presenza"", ""es"": ""Desconnectad"", ""de"": ""Offline"", ""br"": ""War al lec\u2019h"", ""io"": ""crwdns14266:0crwdne14266:0"", ""oc"": ""Sus pla\u00e7a"", ""nl"": ""Ter plaatse""}}",,"[{""type"": ""link"", ""value"": ""https://mesevenementsemploi.francetravail.fr/mes-evenements-emploi/evenement/684455""}]"
84343269,https://openagenda.com/francetravail/events/darty-recrute-ses-charges-de-clientele-technique-lexpertise-au-service-de-la-satisfaction-client-1644895,DARTY recrute ses Chargés de clientèle technique : l'expertise au service de la satisfaction client,"Darty, leader français de la réparation, recrute des Chargé de Clientèle Technique en électroménager (H/F) pour son site d'Ennery.","Darty, leader français de la réparation, recrute des Chargé de Clientèle Technique en électroménager (H/F) pour son site d'Ennery. Pour les expérimentés : Une Préparation Opérationnelle à l'Emploi de 3 semaines suivie d'un recrutement immédiat. Pour les débutants : Un contrat en alternance menant à un Titre professionnel de Réparateur Conseil d'Equipements Electriques et Electroniques (RC3E) de niveau IV (Bac pro) reconnu par l'État, avec un recrutement à l'issue de la formation. Missions du Cha",,['Recrutement'],,"Jeudi 2 avril, 09h00",2026-04-02 07:00:00+00:00,2026-04-02 09:00:00+00:00,"[{""begin"": ""2026-04-02T09:00:00+02:00"", ""end"": ""2026-04-02T11:00:00+02:00""}]",Agence METZ BLIDA,57000 Metz,57014,Metz,Moselle,Grand Est,,,,"{""id"": 1, ""label"": {""fr"": ""Sur place"", ""en"": ""In situ"", ""it"": ""In presenza"", ""es"": ""Desconnectad"", ""de"": ""Offline"", ""br"": ""War al lec\u2019h"", ""io"": ""crwdns14266:0crwdne14266:0"", ""oc"": ""Sus pla\u00e7a"", ""nl"": ""Ter plaatse""}}",,"[{""type"": ""link"", ""value"": ""https://mesevenementsemploi.francetravail.fr/mes-evenements-emploi/evenement/631996""}]"
62436867,https://openagenda.com/jep-2025-grand-est/events/concert-symphonique-4638573,Concert symphonique de l'orchestre Mettensis Symphonia dans un palais de justice,"Assistez à un concert symphonique de l’orchestre Mettensis Symphonia dans la salle des Pas Perdus du palais de justice de Metz, d’une durée d’une heure.","Assistez à un concert symphonique de l’orchestre Mettensis Symphonia dans la salle des Pas Perdus du palais de justice de Metz, d’une durée d’une heure.",Durée du concert : 1h,,,"Samedi 20 septembre, 18h00",2025-09-20 16:00:00+00:00,2025-09-20 17:00:00+00:00,"[{""begin"": ""2025-09-20T18:00:00+02:00"", ""end"": ""2025-09-20T19:00:00+02:00""}]",Palais de Justice,"3 rue haute Pierre, 57000 Metz",57045,Metz,Moselle,Grand Est,,,,"{""id"": 1, ""label"": {""fr"": ""Sur place"", ""en"": ""In situ"", ""it"": ""In presenza"", ""es"": ""Desconnectad"", ""de"": ""Offline"", ""br"": ""War al lec\u2019h"", ""io"": ""crwdns14266:0crwdne14266:0"", ""oc"": ""Sus pla\u00e7a""}}",,"[{""type"": ""link"", ""value"": ""https://my.weezevent.com/jep-palais-de-justice-de-metz-200925-concert-symphonique""}]"
44516673,https://openagenda.com/francetravail/events/du-terrain-de-rugby-a-celui-de-lemploi-une-rencontre-gagnante-au-stade-7832104,Du terrain de rugby à celui de l'emploi : Une rencontre gagnante au stade !,Venez rencontrer les employeurs autrement autour d'une journée sportive !Nous vous invitons à participer à l’évènement « Du Stade vers l’emploi spécial Rugby » qui aura lieu le 09 Octobre 2025.« Du St,"Venez rencontrer les employeurs autrement autour d'une journée sportive !Nous vous invitons à participer à l’évènement « Du Stade vers l’emploi spécial Rugby » qui aura lieu le 09 Octobre 2025.« Du Stade Vers l’Emploi », une journée avec des activités sportives mais surtout ludiques associant employeurs et demandeurs d’emploi de manière anonyme durant la matinée. Vous partagerez ensuite un moment convivial autour d'un déjeuner qui vous est offert.  Enfin, participez au job dating avec les mêmes",,"['1 jeune  1 solution', ""Du Stade vers l'Emploi"", 'Insertion', 'Recrutement sans CV', 'Recrutement', 'Sport et insertion']",,"Mardi 9 septembre 2025, 09h00",2025-09-09 07:00:00+00:00,2025-09-09 08:00:00+00:00,"[{""begin"": ""2025-09-09T09:00:00+02:00"", ""end"": ""2025-09-09T10:00:00+02:00""}]",Agence METZ BLIDA,57000 Metz,57014,Metz,Moselle,Grand Est,,,,"{""id"": 1, ""label"": {""fr"": ""Sur place"", ""en"": ""In situ"", ""it"": ""In presenza"", ""es"": ""Desconnectad"", ""de"": ""Offline"", ""br"": ""War al lec\u2019h"", ""io"": ""crwdns14266:0crwdne14266:0"", ""oc"": ""Sus pla\u00e7a"", ""nl"": ""Ter plaatse""}}",,"[{""type"": ""link"", ""value"": ""https://mesevenementsemploi.francetravail.fr/mes-evenements-emploi/evenement/467699""}]"
82783222,https://openagenda.com/francetravail/events/envie-de-changement-essayez-le-metier-de-conseiller-clientele-740026,Envie de Changement ? Essayez le Métier de Conseiller Clientèle !,"À la suite d'une réunion d'information collective prévue le 09 septembre, vous pouvez rencontrer l'employeur et candidater à l'offre. Les missions d'un(e) conseiller(e) clientèle dans un centre de con","À la suite d'une réunion d'information collective prévue le 09 septembre, vous pouvez rencontrer l'employeur et candidater à l'offre. Les missions d'un(e) conseiller(e) clientèle dans un centre de contact incluent l'intégration dans une équipe solidaire, le traitement des demandes clients par téléphone, tchat, mail ou courrier, l'analyse des besoins des clients pour proposer des solutions adaptées et des services additionnels, la mise à jour des dossiers clients et l'assurance de leur satisfacti",,"['1 jeune  1 solution', 'Recrutement']",,"Mardi 9 septembre 2025, 14h00",2025-09-09 12:00:00+00:00,2025-09-09 14:00:00+00:00,"[{""begin"": ""2025-09-09T14:00:00+02:00"", ""end"": ""2025-09-09T16:00:00+02:00""}]",Agence METZ BLIDA,57050 Metz,57004,Metz,Moselle,Grand Est,,,,"{""id"": 1, ""label"": {""fr"": ""Sur place"", ""en"": ""In situ"", ""it"": ""In presenza"", ""es"": ""Desconnectad"", ""de"": ""Offline"", ""br"": ""War al lec\u2019h"", ""io"": ""crwdns14266:0crwdne14266:0"", ""oc"": ""Sus pla\u00e7a"", ""nl"": ""Ter plaatse""}}",,"[{""type"": ""link"", ""value"": ""https://mesevenementsemploi.francetravail.fr/mes-evenements-emploi/evenement/481231""}]"
16947330,https://openagenda.com/culture/events/visite-libre-de-lexposition-dimanche-sans-fin,Visite de l'exposition « Dimanche sans fin »,"Le Centre Pompidou-Metz invite le public à une plongée vertigineuse dans l’histoire de l’art et de la pensée contemporaine à travers l’exposition hors norme « Dimanche sans fin », qui investit du  de…","Le Centre Pompidou-Metz invite le public à une plongée vertigineuse dans l’histoire de l’art et de la pensée contemporaine à travers l’exposition hors norme « Dimanche sans fin », qui investit l’ensemble du musée. Plus de 400 pièces issues des collections du MNAM croisent le regard implacable de Maurizio Cattelan, dont près de quarante œuvres interrogent nos mythologies modernes avec lucidité et mélancolie.",,,,20 et 21 septembre 2025,2025-09-20 08:00:00+00:00,2025-09-21 17:00:00+00:00,"[{""begin"": ""2025-09-20T10:00:00+02:00"", ""end"": ""2025-09-20T19:00:00+02:00""}, {""begin"": ""2025-09-21T10:00:00+02:00"", ""end"": ""2025-09-21T19:00:00+02:00""}]",Centre Pompidou - Metz,"1 parvis des droits de l'homme, 57000 Metz, France",57000,Metz,Moselle,Grand Est,,,,"{""id"": 1, ""label"": {""fr"": ""Sur place"", ""en"": ""In situ"", ""it"": ""In presenza"", ""es"": ""Desconnectad"", ""de"": ""Offline"", ""br"": ""War al lec\u2019h"", ""io"": ""crwdns14266:0crwdne14266:0"", ""oc"": ""Sus pla\u00e7a""}}",,
81371251,https://openagenda.com/culture/events/visite-libre-eppc-centre-pompidou-metz,Découverte libre du Centre Pompidou,"Découvrez le Centre Pompidou-Metz, un centre d’art dédié à l’art moderne et contemporain, dont le projet culturel repose sur la présentation d’expositions temporaires et la programmation de vivants,…","Découvrez le Centre Pompidou-Metz, un centre d’art dédié à l’art moderne et contemporain, dont le projet culturel repose sur la présentation d’expositions temporaires et la programmation de spectacles vivants, de séances de cinéma et de conférences dans deux salles dédiées : le Studio et l’Auditorium Wendel.",,,,20 et 21 septembre 2025,2025-09-20 08:00:00+00:00,2025-09-21 16:00:00+00:00,"[{""begin"": ""2025-09-20T10:00:00+02:00"", ""end"": ""2025-09-20T18:00:00+02:00""}, {""begin"": ""2025-09-21T10:00:00+02:00"", ""end"": ""2025-09-21T18:00:00+02:00""}]",Centre Pompidou - Metz,"1 parvis des droits de l'homme, 57000 Metz, France",57000,Metz,Moselle,Grand Est,,,,"{""id"": 1, ""label"": {""fr"": ""Sur place"", ""en"": ""In situ"", ""it"": ""In presenza"", ""es"": ""Desconnectad"", ""de"": ""Offline"", ""br"": ""War al lec\u2019h"", ""io"": ""crwdns14266:0crwdne14266:0"", ""oc"": ""Sus pla\u00e7a""}}",,
54213518,https://openagenda.com/culture/events/visite-libre-chapelle-congregation-des-soeurs-de-sainte-chretienne,Visite de la chapelle de la congrégation des Sœurs de Sainte-Chrétienne,"Visite libre de la chapelle construite en 1848. Elle présente des vitraux de Maréchal, des peintures de Hussenot et conserve l’orgue de Sauvage.","Visite libre de la chapelle construite en 1848. Elle présente des vitraux de Maréchal, des peintures de Hussenot et conserve l’orgue de Sauvage.",,,,"Samedi 20 septembre 2025, 14h00",2025-09-20 12:00:00+00:00,2025-09-20 15:00:00+00:00,"[{""begin"": ""2025-09-20T14:00:00+02:00"", ""end"": ""2025-09-20T17:00:00+02:00""}]",Chapelle de la Congrégation des Sœurs de Sainte-Chrétienne,"60 rue Dupont des Loges, 57000 Metz",57000,Metz,Moselle,Grand Est,,,,"{""id"": 1, ""label"": {""fr"": ""Sur place"", ""en"": ""In situ"", ""it"": ""In presenza"", ""es"": ""Desconnectad"", ""de"": ""Offline"", ""br"": ""War al lec\u2019h"", ""io"": ""crwdns14266:0crwdne14266:0"", ""oc"": ""Sus pla\u00e7a""}}",,
57833259,https://openagenda.com/culture/events/tresors-dune-ancienne-officine,Plongez dans l’univers de la pharmacie ancienne,"Explorez un espace muséographique dédié à l’histoire de la pharmacie : pots anciens, instruments, préparations d’époque. Selon disponibilité, un guide pourra commenter votre visite. Réservation par…","Explorez un espace muséographique dédié à l’histoire de la pharmacie : pots anciens, instruments, préparations d’époque. Selon disponibilité, un guide pourra commenter votre visite. Réservation obligatoire par téléphone.",Sur inscription téléphonique à partir du 8 septembre au 03 87 74 88 89,,,"Dimanche 21 septembre 2025, 14h00",2025-09-21 12:00:00+00:00,2025-09-21 16:00:00+00:00,"[{""begin"": ""2025-09-21T14:00:00+02:00"", ""end"": ""2025-09-21T18:00:00+02:00""}]",Cloître des Récollets,"1-3 rue des Récollets, 57000 Metz",57000,Metz,Moselle,Grand Est,,,,"{""id"": 1, ""label"": {""fr"": ""Sur place"", ""en"": ""In situ"", ""it"": ""In presenza"", ""es"": ""Desconnectad"", ""de"": ""Offline"", ""br"": ""War al lec\u2019h"", ""io"": ""crwdns14266:0crwdne14266:0"", ""oc"": ""Sus pla\u00e7a""}}",,"[{""type"": ""phone"", ""value"": ""03 87 74 88 89""}]"
30843805,https://openagenda.com/culture/events/terre-20-projet-x-2034,"Exposition : ""Terre 2.0 Projet X 2034""","Cette exposition, créée au Brésil et scénographiée par deux artistes mosellanes, vous plonge au cœur d’une histoire dans laquelle le monde semble basculer. Le Brésil émerge alors comme le dernier de…","Cette exposition, créée au Brésil et scénographiée par deux artistes mosellanes, vous plonge au cœur d’une histoire dans laquelle le monde semble basculer. Le Brésil émerge alors comme le dernier bastion de civilisation. Les œuvres photographiques poussent les visiteurs à la réflexion : est-ce une fiction, ou un avertissement ?",,,,20 et 21 septembre 2025,2025-09-20 09:00:00+00:00,2025-09-21 16:00:00+00:00,"[{""begin"": ""2025-09-20T11:00:00+02:00"", ""end"": ""2025-09-20T18:00:00+02:00""}, {""begin"": ""2025-09-21T11:00:00+02:00"", ""end"": ""2025-09-21T18:00:00+02:00""}]",Basilique Saint-Vincent,"Place Saint-Vincent, 57000 Metz",57045,Metz,Moselle,Grand Est,,,,"{""id"": 1, ""label"": {""fr"": ""Sur place"", ""en"": ""In situ"", ""it"": ""In presenza"", ""es"": ""Desconnectad"", ""de"": ""Offline"", ""br"": ""War al lec\u2019h"", ""io"": ""crwdns14266:0crwdne14266:0"", ""oc"": ""Sus pla\u00e7a""}}",,
14451289,https://openagenda.com/francetravail/events/permis-ce-formez-vous-avant-embauche-avec-michel-location,Permis CE : Formez-vous avant embauche avec Michel Location,Permis CE : Formez-vous avant embauche avec Michel Location à Ennery !,Permis CE : Formez-vous avant embauche avec Michel Location à Ennery ! Vous avez déjà le permis C et la FIMO ? Passez à la vitesse supérieure en obtenant votre permis CE grâce à une formation financée avant embauche ! Postes disponibles : Journée : amplitude horaire de 09h à 21h Nuit : amplitude horaire de 21h à 09h30 Secteurs d'intervention : Livraisons sur Metz et Thionville Une opportunité unique : Bénéficiez d'une formation qualifiante avant même de commencer votre nouveau poste ! Ne laissez,,"['#TousMobilisés', 'Recrutement']",,"Lundi 6 juillet, 09h00",2026-07-06 07:00:00+00:00,2026-07-06 09:30:00+00:00,"[{""begin"": ""2026-07-06T09:00:00+02:00"", ""end"": ""2026-07-06T11:30:00+02:00""}]",Agence METZ BLIDA,57000 Metz,57014,Metz,Moselle,Grand Est,,,,"{""id"": 1, ""label"": {""fr"": ""Sur place"", ""en"": ""In situ"", ""it"": ""In presenza"", ""es"": ""Desconnectad"", ""de"": ""Offline"", ""br"": ""War al lec\u2019h"", ""io"": ""crwdns14266:0crwdne14266:0"", ""oc"": ""Sus pla\u00e7a"", ""nl"": ""Ter plaatse""}}",,"[{""type"": ""link"", ""value"": ""https://mesevenementsemploi.francetravail.fr/mes-evenements-emploi/evenement/697848""}]"
45486475,https://openagenda.com/francetravail/events/atelier-cv-abonnement-aux-offres-carte-de-visite-et-decouverte-espace-personnel,ATELIER CV/ ABONNEMENT AUX OFFRES/ CARTE DE VISITE ET DECOUVERTE ESPACE PERSONNEL,ATELIER CV/ ABONNEMENT AUX OFFRES/ CARTE DE VISITE ET DECOUVERTE ESPACE PERSONNEL,"ATELIER CV/ ABONNEMENT AUX OFFRES/ CARTE DE VISITE ET DECOUVERTE ESPACE PERSONNEL Vous serez accompagné personnellement par un agent volontaire service civique pour créer, modifier votre CV, créer une carte de visite, rendre visible votre profil par les recruteurs et découvrir toutes les potentialités de votre espace personnel",,['Les outils du numérique'],,"Vendredi 17 juillet, 07h00",2026-07-17 05:00:00+00:00,2026-07-17 06:00:00+00:00,"[{""begin"": ""2026-07-17T07:00:00+02:00"", ""end"": ""2026-07-17T08:00:00+02:00""}]",Agence METZ BLIDA,57000 Metz,57014,Metz,Moselle,Grand Est,,,,"{""id"": 1, ""label"": {""fr"": ""Sur place"", ""en"": ""In situ"", ""it"": ""In presenza"", ""es"": ""Desconnectad"", ""de"": ""Offline"", ""br"": ""War al lec\u2019h"", ""io"": ""crwdns14266:0crwdne14266:0"", ""oc"": ""Sus pla\u00e7a"", ""nl"": ""Ter plaatse""}}",,"[{""type"": ""link"", ""value"": ""https://mesevenementsemploi.francetravail.fr/mes-evenements-emploi/evenement/705166""}]"
23024813,https://openagenda.com/culture/events/jep-palais-de-justice-de-metz-19-septembre-2026-visites-historiques,Visite historique du Palais de Justice de Metz,"Le Palais de Justice est un bâtiment public qui abrite le tribunal judiciaire et la cour d'appel de Metz. Lieu emblématique chargé d'histoire, il est situé au coeur de la ville de Metz.","Le Palais de Justice est un bâtiment public qui abrite le tribunal judiciaire et la cour d'appel de Metz. Lieu emblématique chargé d'histoire, il est situé au coeur de la ville de Metz. A l'occasion des Journées européennes du patrimoine, nous vous invitons à découvrir ce monument majestueux, qui témoigne de l'évolution de la Justice à travers les siècles. Plusieurs animations vous seront proposées, dont une visite guidée historique par un magistrat honoraire par groupe de 30 personnes maximum. Inscription sur internet.",Limité à 30 personnes,,,"Samedi 19 septembre, 10h00, 14h00",2026-09-19 08:00:00+00:00,2026-09-19 14:00:00+00:00,"[{""begin"": ""2026-09-19T10:00:00+02:00"", ""end"": ""2026-09-19T12:00:00+02:00""}, {""begin"": ""2026-09-19T14:00:00+02:00"", ""end"": ""2026-09-19T16:00:00+02:00""}]",Palais de Justice,"3 rue haute Pierre, 57000 Metz",57045,Metz,Moselle,Grand Est,,,,"{""id"": 1, ""label"": {""fr"": ""Sur place"", ""en"": ""In situ"", ""it"": ""In presenza"", ""es"": ""Desconnectad"", ""de"": ""Offline"", ""br"": ""War al lec\u2019h"", ""io"": ""crwdns14266:0crwdne14266:0"", ""oc"": ""Sus pla\u00e7a"", ""nl"": ""Ter plaatse""}}",,"[{""type"": ""link"", ""value"": ""https://my.weezevent.com/jep-palais-de-justice-de-metz-19-septembre-2026-visites-historiques""}]"
6240675,https://openagenda.com/francetravail/events/atelier-cv-abonnement-aux-offres-carte-de-visite-669029,ATELIER CV / ABONNEMENT AUX OFFRES/ CARTE DE VISITE .........,ATELIER CV / ABONNEMENT AUX OFFRES/ CARTE DE VISITE .........,ATELIER CV / ABONNEMENT AUX OFFRES/ CARTE DE VISITE ......... Il s'agit d'un accompagnement personnalisé d'une heure avec un agent volontaire service civique permettant de créer mettre à jour votre CV de rendre votre profil visible pour les employeurs et de découvrir les potentialités de votre espace personnel,,['Les outils du numérique'],,"Lundi 17 août, 14h00",2026-08-17 12:00:00+00:00,2026-08-17 13:00:00+00:00,"[{""begin"": ""2026-08-17T14:00:00+02:00"", ""end"": ""2026-08-17T15:00:00+02:00""}]",Agence METZ BLIDA,57000 Metz,57014,Metz,Moselle,Grand Est,,,,"{""id"": 1, ""label"": {""fr"": ""Sur place"", ""en"": ""In situ"", ""it"": ""In presenza"", ""es"": ""Desconnectad"", ""de"": ""Offline"", ""br"": ""War al lec\u2019h"", ""io"": ""crwdns14266:0crwdne14266:0"", ""oc"": ""Sus pla\u00e7a"", ""nl"": ""Ter plaatse""}}",,"[{""type"": ""link"", ""value"": ""https://mesevenementsemploi.francetravail.fr/mes-evenements-emploi/evenement/726568""}]"
35767782,https://openagenda.com/francetravail/events/propulse-3686740,PROPULSE,Qu'est-ce que l'Atelier Propulse ? C'est une occasion unique pour les jeunes demandeurs d'emploi de 25 ans et moins de dynamiser leur recherche d'emploi et de renforcer leur confiance en eux.,"Qu'est-ce que l'Atelier Propulse ? C'est une occasion unique pour les jeunes demandeurs d'emploi de 25 ans et moins de dynamiser leur recherche d'emploi et de renforcer leur confiance en eux. Au programme, nous allons : Faire le point sur leurs compétences et les aider à construire un CV percutant. Explorer le marché du travail et identifier les secteurs qui recrutent. Présenter les services disponibles à France Travail et à la Mission Locale. Nous vous attendons de 9h à midi",,"[""Stratégie et techniques de recherches d'emploi"", ""Aides à l'emploi"", 'Marché du travail']",,"Mardi 1 septembre, 09h00",2026-09-01 07:00:00+00:00,2026-09-01 10:00:00+00:00,"[{""begin"": ""2026-09-01T09:00:00+02:00"", ""end"": ""2026-09-01T12:00:00+02:00""}]",Agence METZ SEBASTOPOL,57070 Metz,57070,Metz,Moselle,Grand Est,,,,"{""id"": 1, ""label"": {""fr"": ""Sur place"", ""en"": ""In situ"", ""it"": ""In presenza"", ""es"": ""Desconnectad"", ""de"": ""Offline"", ""br"": ""War al lec\u2019h"", ""io"": ""crwdns14266:0crwdne14266:0"", ""oc"": ""Sus pla\u00e7a"", ""nl"": ""Ter plaatse""}}",,"[{""type"": ""link"", ""value"": ""https://mesevenementsemploi.francetravail.fr/mes-evenements-emploi/evenement/730935""}]"
59164854,https://openagenda.com/fetedelamusique2026/events/le-tourdion-concert-jardin-de-lesplanade,Le Tourdion - Concert Metz,Le Tourdion à 17h00 au Jardin de l'Esplanade à Metz,"Le Tourdion à 17h00 au Jardin de l'Esplanade à Metz Créé en 1971 LE TOURDION est une association composée de 7 groupes et équipes. 3 groupes de spectacle : TOURDION PLUS (de 8 à 14 ans) LES ADOS (de 14 à 20 ans) LA FETE EN CHANSONS (adultes) 5 chefs de chœurs, 165 choristes, 20 personnes assurant l’encadrement des enfants et des ados, 10 techniciens, forment la grande famille du TOURDION.","Gratuit, en accès libre",,,"Dimanche 21 juin, 17h00",2026-06-21 15:00:00+00:00,2026-06-21 17:00:00+00:00,"[{""begin"": ""2026-06-21T17:00:00+02:00"", ""end"": ""2026-06-21T19:00:00+02:00""}]",Esplanade - Metz,Jardin de l'Esplanade Metz,,Metz,Moselle,Grand Est,,,,"{""id"": 1, ""label"": {""fr"": ""Sur place""}}",,
9777059,https://openagenda.com/maiavelo/events/mai-a-velo-2026-9842435,Mai à Vélo 2026,Faites parcourir à votre communauté le plus de kilomètres au mois de mai ! Retrouvez tous les classements sur https://challenge-maiavelo.geovelo.fr/,,,['challenge-id=201628'],,1 - 31 mai,2026-04-30 22:00:00+00:00,2026-05-31 21:59:59+00:00,"[{""begin"": ""2026-05-01T00:00:00+02:00"", ""end"": ""2026-05-01T01:59:59+02:00""}, {""begin"": ""2026-05-01T02:00:00+02:00"", ""end"": ""2026-05-02T01:59:59+02:00""}, {""begin"": ""2026-05-02T02:00:00+02:00"", ""end"": ""2026-05-03T01:59:59+02:00""}, {""begin"": ""2026-05-03T02:00:00+02:00"", ""end"": ""2026-05-04T01:59:59+02:00""}, {""begin"": ""2026-05-04T02:00:00+02:00"", ""end"": ""2026-05-05T01:59:59+02:00""}, {""begin"": ""2026-05-05T02:00:00+02:00"", ""end"": ""2026-05-06T01:59:59+02:00""}, {""begin"": ""2026-05-06T02:00:00+02:00"", ""end"": ""2026-05-07T01:59:59+02:00""}, {""begin"": ""2026-05-07T02:00:00+02:00"", ""end"": ""2026-05-08T01:59:59+02:00""}, {""begin"": ""2026-05-08T02:00:00+02:00"", ""end"": ""2026-05-09T01:59:59+02:00""}, {""begin"": ""2026-05-09T02:00:00+02:00"", ""end"": ""2026-05-10T01:59:59+02:00""}, {""begin"": ""2026-05-10T02:00:00+02:00"", ""end"": ""2026-05-11T01:59:59+02:00""}, {""begin"": ""2026-05-11T02:00:00+02:00"", ""end"": ""2026-05-12T01:59:59+02:00""}, {""begin"": ""2026-05-12T02:00:00+02:00"", ""end"": ""2026-05-13T01:59:59+02:00""}, {""begin"": ""2026-05-13T02:00:00+02:00"", ""end"": ""2026-05-14T01:59:59+02:00""}, {""begin"": ""2026-05-14T02:00:00+02:00"", ""end"": ""2026-05-15T01:59:59+02:00""}, {""begin"": ""2026-05-15T02:00:00+02:00"", ""end"": ""2026-05-16T01:59:59+02:00""}, {""begin"": ""2026-05-16T02:00:00+02:00"", ""end"": ""2026-05-17T01:59:59+02:00""}, {""begin"": ""2026-05-17T02:00:00+02:00"", ""end"": ""2026-05-18T01:59:59+02:00""}, {""begin"": ""2026-05-18T02:00:00+02:00"", ""end"": ""2026-05-19T01:59:59+02:00""}, {""begin"": ""2026-05-19T02:00:00+02:00"", ""end"": ""2026-05-20T01:59:59+02:00""}, {""begin"": ""2026-05-20T02:00:00+02:00"", ""end"": ""2026-05-21T01:59:59+02:00""}, {""begin"": ""2026-05-21T02:00:00+02:00"", ""end"": ""2026-05-22T01:59:59+02:00""}, {""begin"": ""2026-05-22T02:00:00+02:00"", ""end"": ""2026-05-23T01:59:59+02:00""}, {""begin"": ""2026-05-23T02:00:00+02:00"", ""end"": ""2026-05-24T01:59:59+02:00""}, {""begin"": ""2026-05-24T02:00:00+02:00"", ""end"": ""2026-05-25T01:59:59+02:00""}, {""begin"": ""2026-05-25T02:00:00+02:00"", ""end"": ""2026-05-26T01:59:59+02:00""}, {""begin"": ""2026-05-26T02:00:00+02:00"", ""end"": ""2026-05-27T01:59:59+02:00""}, {""begin"": ""2026-05-27T02:00:00+02:00"", ""end"": ""2026-05-28T01:59:59+02:00""}, {""begin"": ""2026-05-28T02:00:00+02:00"", ""end"": ""2026-05-29T01:59:59+02:00""}, {""begin"": ""2026-05-29T02:00:00+02:00"", ""end"": ""2026-05-30T01:59:59+02:00""}, {""begin"": ""2026-05-30T02:00:00+02:00"", ""end"": ""2026-05-31T01:59:59+02:00""}, {""begin"": ""2026-05-31T02:00:00+02:00"", ""end"": ""2026-05-31T23:59:59+02:00""}]",DREAL Grand Est,"2 rue Augustin Fresnel, Metz",57073,Metz,Moselle,Grand Est,,,,"{""id"": 1, ""label"": {""fr"": ""Sur place"", ""en"": ""In situ"", ""it"": ""In presenza"", ""es"": ""Desconnectad"", ""de"": ""Offline"", ""br"": ""War al lec\u2019h"", ""io"": ""crwdns14266:0crwdne14266:0"", ""oc"": ""Sus pla\u00e7a"", ""nl"": ""Ter plaatse""}}",,"[{""type"": ""link"", ""value"": ""https://challenge-maiavelo.geovelo.fr/""}]"
11656439,https://openagenda.com/maiavelo/events/quiz-le-code-de-la-route-vu-du-guidon,"Quiz ""le code de la route vu du guidon""",Il s'agit d'un rappel interactif des règles du code de la route pour des déplacements plus sécures et un meilleur partage de la chaussée entre cyclistes et automobilistes.,,,,,"Jeudi 7 mai, 12h30",2026-05-07 10:30:00+00:00,2026-05-07 12:00:00+00:00,"[{""begin"": ""2026-05-07T12:30:00+02:00"", ""end"": ""2026-05-07T14:00:00+02:00""}]",Préfecture,9 place Jean-Marie Rausch 57000,57000,Metz,Moselle,Grand Est,,,,"{""id"": 1, ""label"": {""fr"": ""Sur place"", ""en"": ""In situ"", ""it"": ""In presenza"", ""es"": ""Desconnectad"", ""de"": ""Offline"", ""br"": ""War al lec\u2019h"", ""io"": ""crwdns14266:0crwdne14266:0"", ""oc"": ""Sus pla\u00e7a"", ""nl"": ""Ter plaatse""}}",,
78382324,https://openagenda.com/francetravail/events/information-collective-dispositif-prepapp-preparation-a-lapprentissage-1796163,information collective dispositif PREPAPP: Préparation à l'apprentissage,"Les objectifs de cette prépa-apprentissage d'une durée de 3 mois : Promouvoir le métier d'aide-soignant, métier en tension à forte utilité sociale ; Remobiliser : construction d'un projet professionne","Les objectifs de cette prépa-apprentissage d'une durée de 3 mois : Promouvoir le métier d'aide-soignant, métier en tension à forte utilité sociale ; Remobiliser : construction d'un projet professionnel, de reprise de confiance en soi ; Mieux préparer :Connaitre le niveau d'exigence d'un parcours de formation en apprentissage ; Lever les freins périphériques à l'insertion durable : accompagner les problématiques sociales (mobilité, logement, administratif, garde d'enfant, santé, etc) afin de sécu",,"['#TousMobilisés', 'Découverte secteur / métier', ""S'informer"", 'Recrutement', 'Découverte formation']",,"Vendredi 4 septembre, 07h00",2026-09-04 05:00:00+00:00,2026-09-04 07:00:00+00:00,"[{""begin"": ""2026-09-04T07:00:00+02:00"", ""end"": ""2026-09-04T09:00:00+02:00""}]",Agence METZ GARE,57000 Metz,57000,Metz,Moselle,Grand Est,,,,"{""id"": 1, ""label"": {""fr"": ""Sur place"", ""en"": ""In situ"", ""it"": ""In presenza"", ""es"": ""Desconnectad"", ""de"": ""Offline"", ""br"": ""War al lec\u2019h"", ""io"": ""crwdns14266:0crwdne14266:0"", ""oc"": ""Sus pla\u00e7a"", ""nl"": ""Ter plaatse""}}",,"[{""type"": ""link"", ""value"": ""https://mesevenementsemploi.francetravail.fr/mes-evenements-emploi/evenement/687542""}]"
54174635,https://openagenda.com/francetravail/events/feuillette-sinstalle-a-metzanine-des-offres-qui-ont-du-croustillant-6953650,FEUILLETTE S'INSTALLE A METZANINE : Des offres qui ont du croustillant !,"Feuillette s'installe à Metz Mezzanine et recrute ses talents ! Découvrez l'univers gourmand et chaleureux de Feuillette, une enseigne réputée qui ouvre prochainement ses portes à Metz Mezzanine.","Feuillette s'installe à Metz Mezzanine et recrute ses talents ! Découvrez l'univers gourmand et chaleureux de Feuillette, une enseigne réputée qui ouvre prochainement ses portes à Metz Mezzanine. Nous recherchons des collaborateurs passionnés pour rejoindre notre aventure. Pourquoi rejoindre Feuillette ? Chez Feuillette, vous intégrerez une entreprise familiale, chaleureuse et ambitieuse, guidée par des valeurs fortes : passion, excellence et entraide. Avec plus de 10 ans d'expérience et un rése",,"['#TousMobilisés', 'Recrutement']",,"Lundi 8 juin, 09h00",2026-06-08 07:00:00+00:00,2026-06-08 08:30:00+00:00,"[{""begin"": ""2026-06-08T09:00:00+02:00"", ""end"": ""2026-06-08T10:30:00+02:00""}]",Agence METZ SEBASTOPOL,57070 Metz,57070,Metz,Moselle,Grand Est,,,,"{""id"": 1, ""label"": {""fr"": ""Sur place"", ""en"": ""In situ"", ""it"": ""In presenza"", ""es"": ""Desconnectad"", ""de"": ""Offline"", ""br"": ""War al lec\u2019h"", ""io"": ""crwdns14266:0crwdne14266:0"", ""oc"": ""Sus pla\u00e7a"", ""nl"": ""Ter plaatse""}}",,"[{""type"": ""link"", ""value"": ""https://mesevenementsemploi.francetravail.fr/mes-evenements-emploi/evenement/672751""}]"
40539079,https://openagenda.com/francetravail/events/atelier-propulse,Atelier Propulse,"Voici le retour un événement dynamique et interactif : l'Atelier Propulse, en coanimation avec la Mission Locale.","Voici le retour un événement dynamique et interactif : l'Atelier Propulse, en coanimation avec la Mission Locale. Qu'est-ce que l'Atelier Propulse ? C'est une occasion unique pour les jeunes demandeurs d'emploi de 25 ans et moins de dynamiser leur recherche d'emploi et de renforcer leur confiance en eux. Au programme, nous allons : Faire le point sur leurs compétences et les aider à construire un CV percutant. Explorer le marché du travail et identifier les secteurs qui recrutent. Présenter les",,"[""Aides à l'emploi"", ""Stratégie et techniques de recherches d'emploi"", 'Se préparer', ""S'informer"", 'Marché du travail', 'Coaching', 'Les outils du numérique']",,"Mardi 12 mai, 09h00",2026-05-12 07:00:00+00:00,2026-05-12 10:00:00+00:00,"[{""begin"": ""2026-05-12T09:00:00+02:00"", ""end"": ""2026-05-12T12:00:00+02:00""}]",Agence METZ SEBASTOPOL,57070 Metz,57070,Metz,Moselle,Grand Est,,,,"{""id"": 1, ""label"": {""fr"": ""Sur place"", ""en"": ""In situ"", ""it"": ""In presenza"", ""es"": ""Desconnectad"", ""de"": ""Offline"", ""br"": ""War al lec\u2019h"", ""io"": ""crwdns14266:0crwdne14266:0"", ""oc"": ""Sus pla\u00e7a"", ""nl"": ""Ter plaatse""}}",,"[{""type"": ""link"", ""value"": ""https://mesevenementsemploi.francetravail.fr/mes-evenements-emploi/evenement/656309""}]"
61666147,https://openagenda.com/francetravail/events/rencontrez-votre-futur-employeur-job-dating-avec-lassociation-alys,Rencontrez votre futur employeur : Job Dating avec l'association ALYS !,"Participez à notre Job Dating spécialement organisé par l'association ALYS, une opportunité unique pour les demandeurs d'emploi de trouver un poste dans le secteur du personnel à domicile. Que vou...","Participez à notre Job Dating spécialement organisé par l'association ALYS, une opportunité unique pour les demandeurs d'emploi de trouver un poste dans le secteur du personnel à domicile. Que vous soyez aide ménagère, auxiliaire de vie ou garde d'enfants, cet événement est fait pour vous ! Venez découvrir les nombreuses offres disponibles sur l'agglomération de Metz et la Vallée de l'Orne. L'association ALYS se fera un plaisir de vous présenter ses missions et ses valeurs, suivi d'entretiens courts pour maximiser vos chances de décrocher un emploi. Rejoignez-nous et faites le premier pas vers une nouvelle carrière enrichissante et épanouissante. Accueil et présentation : Découvrez l'association ALYS, ses missions et ses valeurs. Session d'entretiens courts : Rencontrez les recruteurs pour des entretiens individuels. Conseils et échanges : Profitez de conseils personnalisés et échangez avec les professionnels présents.",,"['Job dating', '1 jeune  1 solution', '#TousMobilisés', 'Recrutement', 'Tout public', ""Opportunité d'emploi"", 'Rencontre recruteur', 'en physique']",,"Vendredi 19 septembre 2025, 08h45",2025-09-19 06:45:00+00:00,2025-09-19 09:00:00+00:00,"[{""begin"": ""2025-09-19T08:45:00+02:00"", ""end"": ""2025-09-19T11:00:00+02:00""}]",Agence METZ BLIDA,57000 Metz,57014,Metz,Moselle,Grand Est,,,,"{""id"": 1, ""label"": {""fr"": ""Sur place"", ""en"": ""In situ"", ""it"": ""In presenza"", ""es"": ""Desconnectad"", ""de"": ""Offline"", ""br"": ""War al lec\u2019h"", ""io"": ""crwdns14266:0crwdne14266:0"", ""oc"": ""Sus pla\u00e7a"", ""nl"": ""Ter plaatse""}}",,"[{""type"": ""link"", ""value"": ""https://mesevenementsemploi.francetravail.fr/mes-evenements-emploi/evenement/486051""}]"
94032394,https://openagenda.com/francetravail/events/la-plateforme-lidl-recrute-des-preparateurs-de-commandes-hf-en-cdi-a-la-plateforme-regionale-127861,La plateforme LIDL recrute des préparateurs de commandes H/F en CDI à la plateforme régionale,Session de recrutement pour le poste de préparateur de commandes H/F pour la plateforme régionale LIDL de Montoy Flanville en présence de l'employeur (missions et conditions de travail),"Session de recrutement pour le poste de préparateur de commandes H/F pour la plateforme régionale LIDL de Montoy Flanville en présence de l'employeur (missions et conditions de travail) Le responsable de la plateforme logistique ainsi que des collaborateurs vous présenteront l'entreprise, le site et les postes à pourvoir et ensuite, vous serez reçu en entretien individuel si le poste vous convient.",,"['Job dating', '#TousMobilisés', '1 jeune  1 solution', 'Recrutement', 'Débutant(e) accepté(e)', 'Jeunes', 'Pas de diplôme exigé', 'Tout public', 'Temps complet', 'CDI', 'en physique']",,"Lundi 22 septembre 2025, 09h00",2025-09-22 07:00:00+00:00,2025-09-22 09:30:00+00:00,"[{""begin"": ""2025-09-22T09:00:00+02:00"", ""end"": ""2025-09-22T11:30:00+02:00""}]",Agence METZ SEBASTOPOL,57070 Metz,57070,Metz,Moselle,Grand Est,,,,"{""id"": 1, ""label"": {""fr"": ""Sur place"", ""en"": ""In situ"", ""it"": ""In presenza"", ""es"": ""Desconnectad"", ""de"": ""Offline"", ""br"": ""War al lec\u2019h"", ""io"": ""crwdns14266:0crwdne14266:0"", ""oc"": ""Sus pla\u00e7a"", ""nl"": ""Ter plaatse""}}",,"[{""type"": ""link"", ""value"": ""https://mesevenementsemploi.francetravail.fr/mes-evenements-emploi/evenement/488562""}]"
38825626,https://openagenda.com/culture/events/identites-regionales-et-modernite-lest-de-la-france-a-lexposition-de-1925,Identités régionales et modernité : l'Est de la France à l'Exposition de 1925,"L’exposition internationale des arts décoratifs et industriels modernes de 1925 marque, pour la première fois, la participation des régions françaises aux côtés des pays invités et des entreprises.","L’exposition internationale des arts décoratifs et industriels modernes de 1925 marque, pour la première fois, la participation des régions françaises aux côtés des pays invités et des entreprises. Dans le contexte de l’après-guerre, alors que l’Alsace et la Moselle viennent d’être réintégrées à la France, la présence de l’Est à l’exposition revêt une dimension symbolique et politique forte. Alsace, Lorraine et Champagne y présentent neuf édifices, répartis sur l’Esplanade des Invalides et autour du Grand Palais. Ces constructions témoignent à la fois de l’identité régionale et des évolutions stylistiques propres à chaque territoire. Une conférence présentée par Alexandre Miot, dans le salon de Guise.",,,,"Dimanche 21 septembre 2025, 14h00",2025-09-21 12:00:00+00:00,2025-09-21 13:00:00+00:00,"[{""begin"": ""2025-09-21T14:00:00+02:00"", ""end"": ""2025-09-21T15:00:00+02:00""}]",Hôtel de Ville,"Place d'Armes, 57000 Metz",57014,Metz,Moselle,Grand Est,,,,"{""id"": 1, ""label"": {""fr"": ""Sur place"", ""en"": ""In situ"", ""it"": ""In presenza"", ""es"": ""Desconnectad"", ""de"": ""Offline"", ""br"": ""War al lec\u2019h"", ""io"": ""crwdns14266:0crwdne14266:0"", ""oc"": ""Sus pla\u00e7a""}}",,
83041590,https://openagenda.com/culture/events/visite-libre-hotel-de-ville-7808751,Découvrez un magnifique édifice du XVIIIe siècle,"Découvrez l’Hôtel de Ville de Metz, un magnifique édifice du XVIIIe siècle.","Découvrez l’Hôtel de Ville de Metz, un magnifique édifice du XVIIIe. Plongez dans l’histoire et l’architecture locales en explorant ce lieu.",,,,20 et 21 septembre 2025,2025-09-20 09:00:00+00:00,2025-09-21 16:00:00+00:00,"[{""begin"": ""2025-09-20T11:00:00+02:00"", ""end"": ""2025-09-20T18:00:00+02:00""}, {""begin"": ""2025-09-21T11:00:00+02:00"", ""end"": ""2025-09-21T18:00:00+02:00""}]",Hôtel de Ville,"Place d'Armes, 57000 Metz",57014,Metz,Moselle,Grand Est,,,,"{""id"": 1, ""label"": {""fr"": ""Sur place"", ""en"": ""In situ"", ""it"": ""In presenza"", ""es"": ""Desconnectad"", ""de"": ""Offline"", ""br"": ""War al lec\u2019h"", ""io"": ""crwdns14266:0crwdne14266:0"", ""oc"": ""Sus pla\u00e7a""}}",,
71098752,https://openagenda.com/culture/events/fabrication-du-livre-contre-la-guerre-architectures-detruites,Initiez-vous à la gravure autour d’un livre engagé sur les patrimoines détruits,"Cet atelier vous invite à découvrir des techniques de gravure comme la taille douce, la taille d’épargne, le monotype ou la gravure à plat. À partir d’un projet de livre d’artiste collectif, réalisé…","Cet atelier vous invite à découvrir des techniques de gravure comme la taille douce, la taille d’épargne, le monotype ou la gravure à plat. À partir d’un projet de livre d’artiste collectif, réalisé par des stagiaires, vous assisterez à une démonstration de savoir-faire artistique en lien avec les patrimoines détruits ou menacés. Ce projet rend hommage aux architectures disparues en Syrie, en Ukraine, en Iran, au Liban ou en Albanie. Il mêle mémoire, engagement et création contemporaine dans un espace dédié à la gravure depuis 2006. Une rencontre sensible entre geste artisanal et mémoire collective.",,,,19 - 21 septembre 2025,2025-09-19 13:00:00+00:00,2025-09-21 16:00:00+00:00,"[{""begin"": ""2025-09-19T15:00:00+02:00"", ""end"": ""2025-09-19T18:00:00+02:00""}, {""begin"": ""2025-09-20T11:00:00+02:00"", ""end"": ""2025-09-20T13:00:00+02:00""}, {""begin"": ""2025-09-20T14:00:00+02:00"", ""end"": ""2025-09-20T18:00:00+02:00""}, {""begin"": ""2025-09-21T11:00:00+02:00"", ""end"": ""2025-09-21T13:00:00+02:00""}, {""begin"": ""2025-09-21T14:00:00+02:00"", ""end"": ""2025-09-21T18:00:00+02:00""}]",La Bottega,"20 rue Taison, Metz 57000",57000,Metz,Moselle,Grand Est,,,,"{""id"": 1, ""label"": {""fr"": ""Sur place"", ""en"": ""In situ"", ""it"": ""In presenza"", ""es"": ""Desconnectad"", ""de"": ""Offline"", ""br"": ""War al lec\u2019h"", ""io"": ""crwdns14266:0crwdne14266:0"", ""oc"": ""Sus pla\u00e7a""}}",,
19532203,https://openagenda.com/culture/events/explora-los-secretos-de-una-estacion-con-un-rico-pasado,Explorez les secrets d’une gare au passé riche (1h15),"Découvrez les spécificités de la gare de Metz lors de visites guidées, centrées sur la signification des sculptures ornementales, l’accès au pavillon de l’Empereur, ainsi que sur le contexte et…","Découvrez les spécificités de la gare de Metz lors de visites guidées, centrées sur la signification des sculptures ornementales, l’accès au pavillon de l’Empereur, la découverte extérieure du bâtiment des services. Des informations plus denses sur le contexte historique et les éléments techniques justifient la durée de cette visite.",Merci de vous présenter 10 minutes avant l’heure réservée. 15 personnes par groupe. Visites en français. Durée de la visite : 1 h 15 min,,,20 et 21 septembre 2025,2025-09-20 07:30:00+00:00,2025-09-21 15:00:00+00:00,"[{""begin"": ""2025-09-20T09:30:00+02:00"", ""end"": ""2025-09-20T12:00:00+02:00""}, {""begin"": ""2025-09-20T13:45:00+02:00"", ""end"": ""2025-09-20T17:00:00+02:00""}, {""begin"": ""2025-09-21T09:30:00+02:00"", ""end"": ""2025-09-21T12:00:00+02:00""}, {""begin"": ""2025-09-21T13:45:00+02:00"", ""end"": ""2025-09-21T17:00:00+02:00""}]",Gare,"Place du Général de Gaulle, 57000 Metz",57000,Metz,Moselle,Grand Est,,,,"{""id"": 1, ""label"": {""fr"": ""Sur place"", ""en"": ""In situ"", ""it"": ""In presenza"", ""es"": ""Desconnectad"", ""de"": ""Offline"", ""br"": ""War al lec\u2019h"", ""io"": ""crwdns14266:0crwdne14266:0"", ""oc"": ""Sus pla\u00e7a""}}",,"[{""type"": ""link"", ""value"": ""https://affluences.com/fr/""}]"
43672517,https://openagenda.com/francetravail/events/decouvrez-le-metier-de-commercial-independant-hf-avec-equi-fit-coaching-informations-et-opportunites,Découvrez le Métier de Commercial Indépendant (H/F) avec EQUI FIT COACHING : Informations et Opportunités !,Vous êtes à la recherche d'une nouvelle opportunité professionnelle ?,Vous êtes à la recherche d'une nouvelle opportunité professionnelle ? Venez découvrir le métier de commercial indépendant / conseiller bien être indépendant (H/F) avec la société EQUI FIT COACHING lors de notre réunion d'information. Cet événement est ouvert à tout public et vous permettra de vous informer sur les métiers de commerciaux indépendants. Vous aurez l'occasion de rencontrer des professionnels d' EQUI FIT COACHING qui vous présenteront l'entreprise et les spécificités du métier. En pa,,"[""S'informer""]",,"Mercredi 6 mai, 14h00",2026-05-06 12:00:00+00:00,2026-05-06 13:00:00+00:00,"[{""begin"": ""2026-05-06T14:00:00+02:00"", ""end"": ""2026-05-06T15:00:00+02:00""}]",Agence METZ GARE,57000 Metz,57000,Metz,Moselle,Grand Est,,,,"{""id"": 1, ""label"": {""fr"": ""Sur place"", ""en"": ""In situ"", ""it"": ""In presenza"", ""es"": ""Desconnectad"", ""de"": ""Offline"", ""br"": ""War al lec\u2019h"", ""io"": ""crwdns14266:0crwdne14266:0"", ""oc"": ""Sus pla\u00e7a"", ""nl"": ""Ter plaatse""}}",,"[{""type"": ""link"", ""value"": ""https://mesevenementsemploi.francetravail.fr/mes-evenements-emploi/evenement/638400""}]"
31769236,https://openagenda.com/solutionscse/events/nouveaux-clients-votre-rose-bon-vivant-offert-1324291,Nouveaux clients : votre Rosé Bon Vivant offert !,Les nouveaux clients bénéficient d'une bouteille de Bon Vivant Rosé offerte pour l'ouverture d'une commande groupée.,"Votre première commande groupée ViniPro récompensée ! Le vin est avant tout une histoire de partage. C’est pourquoi, pour toute ouverture d’une commande groupée effectuée durant l'événement, nous avons le plaisir de vous offrir une bouteille de Bon Vivant Rosé. Offre exclusivement réservée aux nouveaux clients, dans la limite des stocks disponibles.",,,,5 et 6 mars,2026-03-05 08:00:00+00:00,2026-03-06 16:00:00+00:00,"[{""begin"": ""2026-03-05T09:00:00+01:00"", ""end"": ""2026-03-05T17:00:00+01:00""}, {""begin"": ""2026-03-06T09:00:00+01:00"", ""end"": ""2026-03-06T17:00:00+01:00""}]",Metz - Centre de convention du technopôle,Rue de la grange aux Bois 57072 Metz,57072,Metz,Moselle,Grand Est,,,,"{""id"": 1, ""label"": {""fr"": ""Sur place"", ""en"": ""In situ"", ""it"": ""In presenza"", ""es"": ""Desconnectad"", ""de"": ""Offline"", ""br"": ""War al lec\u2019h"", ""io"": ""crwdns14266:0crwdne14266:0"", ""oc"": ""Sus pla\u00e7a"", ""nl"": ""Ter plaatse""}}",,
54293939,https://openagenda.com/repaircafe/events/decouvrez-les-metiers-de-la-reparation-et-trouvez-votre-prochain-emploi,Découvrez les métiers de la réparation et trouvez votre prochain emploi !,Réunion d'information,"À l’occasion des Journées Nationales de la Réparation, nous vous invitons à notre matinée dédiée à la sensibilisation et à la découverte des opportunités professionnelles dans le domaine de la réparation. Ce que vous pouvez attendre de cet événement : Une présentation de l'économie circulaire avec Valo ITT et le témoignage d'un salarié de la recyclerie du sport Une présentation des entreprises spécialistes de la seconde main et un partage d'expérience Obtenez des réponses à toutes vos questions sur les métiers de la réparation et découvrez de nombreuses opportunités pour vous. Pour toute question ou assistance, veuillez vous rapprocher de votre conseiller Nous avons hâte de vous retrouver le 16 octobre à la salle Agora de 9h à 11h pour cet événement enrichissant ! Plus d'informations sur MEE : https://mesevenementsemploi.francetravail.fr/mes-evenements-emploi/evenement/504301",,,,"Jeudi 16 octobre 2025, 09h00",2025-10-16 07:00:00+00:00,2025-10-16 09:00:00+00:00,"[{""begin"": ""2025-10-16T09:00:00+02:00"", ""end"": ""2025-10-16T11:00:00+02:00""}]",FT Metz,4 Rue Théodore de Gargan,57004,Metz,Moselle,Grand Est,,,,"{""id"": 1, ""label"": {""fr"": ""Sur place"", ""en"": ""In situ"", ""it"": ""In presenza"", ""es"": ""Desconnectad"", ""de"": ""Offline"", ""br"": ""War al lec\u2019h"", ""io"": ""crwdns14266:0crwdne14266:0"", ""oc"": ""Sus pla\u00e7a"", ""nl"": ""Ter plaatse""}}",,
3379858,https://openagenda.com/francetravail/events/atelier-cv-abonnement-aux-offres-carte-de-visite-6573243,ATELIER CV / ABONNEMENT AUX OFFRES/ CARTE DE VISITE .........,ATELIER CV / ABONNEMENT AUX OFFRES/ CARTE DE VISITE .........,ATELIER CV / ABONNEMENT AUX OFFRES/ CARTE DE VISITE ......... Il s'agit d'un accompagnement personnalisé d'une heure avec un agent volontaire service civique permettant de créer mettre à jour votre CV de rendre votre profil visible pour les employeurs et de découvrir les potentialités de votre espace personnel,,['Les outils du numérique'],,"Mardi 11 août, 15h00",2026-08-11 13:00:00+00:00,2026-08-11 14:00:00+00:00,"[{""begin"": ""2026-08-11T15:00:00+02:00"", ""end"": ""2026-08-11T16:00:00+02:00""}]",Agence METZ BLIDA,57000 Metz,57014,Metz,Moselle,Grand Est,,,,"{""id"": 1, ""label"": {""fr"": ""Sur place"", ""en"": ""In situ"", ""it"": ""In presenza"", ""es"": ""Desconnectad"", ""de"": ""Offline"", ""br"": ""War al lec\u2019h"", ""io"": ""crwdns14266:0crwdne14266:0"", ""oc"": ""Sus pla\u00e7a"", ""nl"": ""Ter plaatse""}}",,"[{""type"": ""link"", ""value"": ""https://mesevenementsemploi.francetravail.fr/mes-evenements-emploi/evenement/714738""}]"
77295885,https://openagenda.com/francetravail/events/atelier-cv-abonnement-aux-offres-carte-de-visite-6873379,ATELIER CV / ABONNEMENT AUX OFFRES/ CARTE DE VISITE .........,ATELIER CV / ABONNEMENT AUX OFFRES/ CARTE DE VISITE .........,ATELIER CV / ABONNEMENT AUX OFFRES/ CARTE DE VISITE ......... Il s'agit d'un accompagnement personnalisé d'une heure avec un agent volontaire service civique permettant de créer mettre à jour votre CV de rendre votre profil visible pour les employeurs et de découvrir les potentialités de votre espace personnel,,['Les outils du numérique'],,"Vendredi 14 août, 14h00",2026-08-14 12:00:00+00:00,2026-08-14 13:00:00+00:00,"[{""begin"": ""2026-08-14T14:00:00+02:00"", ""end"": ""2026-08-14T15:00:00+02:00""}]",Agence METZ BLIDA,57000 Metz,57014,Metz,Moselle,Grand Est,,,,"{""id"": 1, ""label"": {""fr"": ""Sur place"", ""en"": ""In situ"", ""it"": ""In presenza"", ""es"": ""Desconnectad"", ""de"": ""Offline"", ""br"": ""War al lec\u2019h"", ""io"": ""crwdns14266:0crwdne14266:0"", ""oc"": ""Sus pla\u00e7a"", ""nl"": ""Ter plaatse""}}",,"[{""type"": ""link"", ""value"": ""https://mesevenementsemploi.francetravail.fr/mes-evenements-emploi/evenement/714776""}]"
9752457,https://openagenda.com/francetravail/events/atelier-cv-abonnement-aux-offres-carte-de-visite-5990376,ATELIER CV / ABONNEMENT AUX OFFRES/ CARTE DE VISITE .........,ATELIER CV / ABONNEMENT AUX OFFRES/ CARTE DE VISITE .........,ATELIER CV / ABONNEMENT AUX OFFRES/ CARTE DE VISITE ......... Il s'agit d'un accompagnement personnalisé d'une heure avec un agent volontaire service civique permettant de créer mettre à jour votre CV de rendre votre profil visible pour les employeurs et de découvrir les potentialités de votre espace personnel,,['Les outils du numérique'],,"Mercredi 19 août, 15h00",2026-08-19 13:00:00+00:00,2026-08-19 14:00:00+00:00,"[{""begin"": ""2026-08-19T15:00:00+02:00"", ""end"": ""2026-08-19T16:00:00+02:00""}]",Agence METZ BLIDA,57000 Metz,57014,Metz,Moselle,Grand Est,,,,"{""id"": 1, ""label"": {""fr"": ""Sur place"", ""en"": ""In situ"", ""it"": ""In presenza"", ""es"": ""Desconnectad"", ""de"": ""Offline"", ""br"": ""War al lec\u2019h"", ""io"": ""crwdns14266:0crwdne14266:0"", ""oc"": ""Sus pla\u00e7a"", ""nl"": ""Ter plaatse""}}",,"[{""type"": ""link"", ""value"": ""https://mesevenementsemploi.francetravail.fr/mes-evenements-emploi/evenement/726624""}]"
27081892,https://openagenda.com/culture/events/visite-libre-de-lexposition-francois-morellet-100-pour-cent,"Visite libre de l'exposition ""François Morellet. 100 pour cent""","Inaugurant le centenaire de la naissance de François Morellet (1926-2016), le Centre Pompidou-Metz présente une rétrospective en 100 œuvres allant de 1941 à 2016, la plus complète jamais réalisée à …","Inaugurant le centenaire de la naissance de François Morellet (1926-2016), le Centre Pompidou-Metz présente une rétrospective en 100 œuvres allant de 1941 à 2016, la plus complète jamais réalisée à ce jour. Morellet a ceci de singulier qu’il est tout à la fois le principal représentant français de l’abstraction géométrique et celui qui a le plus décisivement contribué à déstabiliser celle-ci. Cette rétrospective majeure explore, au fil des œuvres choisies, l’ambivalence entre déraison et raison, entre l’héritage de Francis Picabia et celui de Piet Mondrian que l’artiste se plaisait à invoquer.",Entrée libre,,,19 et 20 septembre,2026-09-19 08:00:00+00:00,2026-09-20 17:00:00+00:00,"[{""begin"": ""2026-09-19T10:00:00+02:00"", ""end"": ""2026-09-19T19:00:00+02:00""}, {""begin"": ""2026-09-20T10:00:00+02:00"", ""end"": ""2026-09-20T19:00:00+02:00""}]",Centre Pompidou - Metz,"1 parvis des droits de l'homme, 57000 Metz, France",57000,Metz,Moselle,Grand Est,,,,"{""id"": 1, ""label"": {""fr"": ""Sur place"", ""en"": ""In situ"", ""it"": ""In presenza"", ""es"": ""Desconnectad"", ""de"": ""Offline"", ""br"": ""War al lec\u2019h"", ""io"": ""crwdns14266:0crwdne14266:0"", ""oc"": ""Sus pla\u00e7a"", ""nl"": ""Ter plaatse""}}",,
16059644,https://openagenda.com/culture/events/les-casernes-et-forts-de-metz-dhier-et-daujourdhui,Les casernes et forts de Metz d’hier et d’aujourd’hui,"Ville aux « mille casernes », Metz et sa périphérie regorgent d’un patrimoine militaire unique en France. Sa position géographique stratégique et son histoire ont façonné un paysage urbain hors du et…","Ville aux « mille casernes », Metz et sa périphérie regorgent d’un patrimoine militaire unique en France. Sa position géographique stratégique et son histoire ont façonné un paysage urbain hors du commun, d’une diversité et d’une ampleur qui ont traversé les siècles. Le Palais du Gouverneur offre cette année à ses visiteurs une exposition unique et éphémère, mêlant images d’archives et contemporaines, qui met en lumière les principaux forts et casernes messins, leur évolution et leur rôle actuel.",,,,19 et 20 septembre,2026-09-19 08:00:00+00:00,2026-09-20 16:00:00+00:00,"[{""begin"": ""2026-09-19T10:00:00+02:00"", ""end"": ""2026-09-19T18:00:00+02:00""}, {""begin"": ""2026-09-20T10:00:00+02:00"", ""end"": ""2026-09-20T18:00:00+02:00""}]",Palais du Gouverneur,"9 rue de la Citadelle, 57000 Metz",57045,Metz,Moselle,Grand Est,,,,"{""id"": 1, ""label"": {""fr"": ""Sur place"", ""en"": ""In situ"", ""it"": ""In presenza"", ""es"": ""Desconnectad"", ""de"": ""Offline"", ""br"": ""War al lec\u2019h"", ""io"": ""crwdns14266:0crwdne14266:0"", ""oc"": ""Sus pla\u00e7a"", ""nl"": ""Ter plaatse""}}",,
5031007,https://openagenda.com/culture/events/visite-guidee-des-jardins-de-plantes-medicinales-des-plantes-toxiques-et-de-lapothicarium-du-cloitre-des-recollets,"Visite guidée des jardins de plantes médicinales, des plantes toxiques et de l'Apothicarium du cloître des Récollets","Cette visite est un cheminement original alliant histoire et science et permet de découvrir ou redécouvrir, ce que nous devons à la nature qui nous entoure. Visite guidée en 4 parties :","Cette visite est un cheminement original alliant histoire et science et permet de découvrir, ou redécouvrir, ce que nous devons à la nature qui nous entoure. Visite guidée en 4 parties : - Déambulation dans ce haut lieu historique qu'est le cloître des Récollets de Metz, - Visite du jardin des plantes médicinales, - Visite du jardin des plantes toxiques, à la fois dangereuses et salvatrices, - Visite de l'Apothicarium, musée de matière médicale : véritable coffre-fort de bocaux et flacons renfermant des plantes sèches et autres substances étonnantes.",,,,"Samedi 19 septembre, 15h00",2026-09-19 13:00:00+00:00,2026-09-19 14:30:00+00:00,"[{""begin"": ""2026-09-19T15:00:00+02:00"", ""end"": ""2026-09-19T16:30:00+02:00""}]",Couvent des Récollets,"1 Rue des Récollets, 57000 Metz, France",57000,Metz,Moselle,Grand Est,['handicap moteur'],,,"{""id"": 1, ""label"": {""fr"": ""Sur place"", ""en"": ""In situ"", ""it"": ""In presenza"", ""es"": ""Desconnectad"", ""de"": ""Offline"", ""br"": ""War al lec\u2019h"", ""io"": ""crwdns14266:0crwdne14266:0"", ""oc"": ""Sus pla\u00e7a"", ""nl"": ""Ter plaatse""}}",,"[{""type"": ""email"", ""value"": ""contact-sfe@sfr.fr""}]"
4902246,https://openagenda.com/semaine-des-metiers-du-tourisme-2026/events/semaine-des-metiers-du-tourisme-2026-4623211,Semaine des Métiers du Tourisme 2026,"Rencontres à l'agence Inspire Metz avec des professionnels du tourisme, de l'hôtellerie et de la restauration","L'agence Inspire Metz et l'UMIH 57 proposent aux classes de 4ème et 3ème de venir les rencontrer à l'agence Inspire Metz, place d'Armes J.F Blondel, pour échanger et découvrir les métiers et les formations attendues pour travailler dans ces domaines.",,"['tourisme', 'hôtel', 'restaurant', 'UMIH', 'office de tourisme', 'attractivité']",,"Lundi 2 février, 14h00",2026-02-02 13:00:00+00:00,2026-02-02 16:00:00+00:00,"[{""begin"": ""2026-02-02T14:00:00+01:00"", ""end"": ""2026-02-02T17:00:00+01:00""}]",Agence Inspire Metz,"2, place d'Armes",57014,Metz,Moselle,Grand Est,"['handicap visuel', 'handicap auditif', 'handicap moteur']",,,"{""id"": 1, ""label"": {""fr"": ""Sur place"", ""en"": ""In situ"", ""it"": ""In presenza"", ""es"": ""Desconnectad"", ""de"": ""Offline"", ""br"": ""War al lec\u2019h"", ""io"": ""crwdns14266:0crwdne14266:0"", ""oc"": ""Sus pla\u00e7a"", ""nl"": ""Ter plaatse""}}",,"[{""type"": ""email"", ""value"": ""sdiaz@inspire-metz.com""}]"
21089203,https://openagenda.com/semaine-des-metiers-du-tourisme-2026/events/semaine-des-metiers-du-tourisme-2026-6098474,Semaine des Métiers du Tourisme 2026,"Rencontres à l'agence Inspire Metz avec des professionnels du tourisme, de l'hôtellerie et de la restauration","L'agence Inspire Metz et l'UMIH 57 proposent aux classes de 4ème et 3ème de venir les rencontrer à l'agence Inspire Metz, place d'Armes J.F Blondel, pour échanger et découvrir les métiers et les formations attendues pour travailler dans ces domaines.",,"['tourisme', 'hôtel', 'restaurant', 'UMIH', 'office de tourisme', 'attractivité']",,"Vendredi 6 février, 14h00",2026-02-06 13:00:00+00:00,2026-02-06 16:00:00+00:00,"[{""begin"": ""2026-02-06T14:00:00+01:00"", ""end"": ""2026-02-06T17:00:00+01:00""}]",Agence Inspire Metz,"2, place d'Armes",57014,Metz,Moselle,Grand Est,"['handicap visuel', 'handicap auditif', 'handicap moteur']",,,"{""id"": 1, ""label"": {""fr"": ""Sur place"", ""en"": ""In situ"", ""it"": ""In presenza"", ""es"": ""Desconnectad"", ""de"": ""Offline"", ""br"": ""War al lec\u2019h"", ""io"": ""crwdns14266:0crwdne14266:0"", ""oc"": ""Sus pla\u00e7a"", ""nl"": ""Ter plaatse""}}",,"[{""type"": ""email"", ""value"": ""sdiaz@inspire-metz.com""}]"
25238678,https://openagenda.com/culture/events/venez-decouvrir-les-secrets-de-la-caserne-riberpray,Secrets d’un site militaire et républicain,"Ce site administratif installé dans une ancienne caserne ouvre ses portes au public pour la première fois. Des visites guidées permettront de découvrir les souterrains, le Centre Opérationnel de des…","Ce site administratif installé dans une ancienne caserne ouvre ses portes au public pour la première fois. Des visites guidées permettront de découvrir les souterrains, le Centre Opérationnel de Zone, des véhicules de police anciens et une vidéo retraçant l’histoire et les missions du lieu.",Réservation dans la limite des places disponibles,,,"Samedi 20 septembre 2025, 10h00",2025-09-20 08:00:00+00:00,2025-09-20 14:00:00+00:00,"[{""begin"": ""2025-09-20T10:00:00+02:00"", ""end"": ""2025-09-20T16:00:00+02:00""}]",Préfecture de Zone de Défense et de Sécurité Est,"12 rue Belle-Isle, 57036 Metz",57004,Metz,Moselle,Grand Est,,,,"{""id"": 1, ""label"": {""fr"": ""Sur place"", ""en"": ""In situ"", ""it"": ""In presenza"", ""es"": ""Desconnectad"", ""de"": ""Offline"", ""br"": ""War al lec\u2019h"", ""io"": ""crwdns14266:0crwdne14266:0"", ""oc"": ""Sus pla\u00e7a""}}",,
53235058,https://openagenda.com/culture/events/marco-perego-the-being,"Exposition : « Marco Perego, The Being »",The Being est la première étape d’une série de situations développées par l’artiste Marco Perego.,"The Being est la première étape d’une série de situations développées par l’artiste Marco Perego. L’installation prend pour point de départ un état de conscience permanent, mettant à l’épreuve l’idée selon laquelle nous sommes fondamentalement constitués d’un ensemble d’expériences partagées. Composée d’éléments interconnectés, The Being transforme le temps de l’expérience « La Capsule » en un corps, et les personnes qui le traversent en agents de sa transformation continue.",,,,20 et 21 septembre 2025,2025-09-20 12:00:00+00:00,2025-09-21 16:00:00+00:00,"[{""begin"": ""2025-09-20T14:00:00+02:00"", ""end"": ""2025-09-20T18:00:00+02:00""}, {""begin"": ""2025-09-21T14:00:00+02:00"", ""end"": ""2025-09-21T18:00:00+02:00""}]",Centre Pompidou - Metz,"1 parvis des droits de l'homme, 57000 Metz, France",57000,Metz,Moselle,Grand Est,,,,"{""id"": 1, ""label"": {""fr"": ""Sur place"", ""en"": ""In situ"", ""it"": ""In presenza"", ""es"": ""Desconnectad"", ""de"": ""Offline"", ""br"": ""War al lec\u2019h"", ""io"": ""crwdns14266:0crwdne14266:0"", ""oc"": ""Sus pla\u00e7a""}}",,
71475546,https://openagenda.com/culture/events/visite-libre-modulab,Découvrez une galerie d'art contemporain innovante,"Explorez librement un espace culturel dynamique, engagé dans la promotion des artistes émergents et la diffusion de l'art contemporain.","Explorez librement un espace culturel dynamique, engagé dans la promotion des artistes émergents et la diffusion de l'art contemporain.",,,,"Samedi 20 septembre 2025, 14h00",2025-09-20 12:00:00+00:00,2025-09-20 16:00:00+00:00,"[{""begin"": ""2025-09-20T14:00:00+02:00"", ""end"": ""2025-09-20T18:00:00+02:00""}]",Galerie Modulab,"28 rue Mazelle, 57000 Metz",57000,Metz,Moselle,Grand Est,,,,"{""id"": 1, ""label"": {""fr"": ""Sur place"", ""en"": ""In situ"", ""it"": ""In presenza"", ""es"": ""Desconnectad"", ""de"": ""Offline"", ""br"": ""War al lec\u2019h"", ""io"": ""crwdns14266:0crwdne14266:0"", ""oc"": ""Sus pla\u00e7a""}}",,
27604982,https://openagenda.com/culture/events/defile-des-communes-libres,Défilé des communes libres,"Déambulation de la place d’Armes jusqu’à la Porte des Allemands, en passant par la colline Sainte-Croix. Présentée par la Commune libre de Magny.","Déambulation de la place d’Armes jusqu’à la Porte des Allemands, en passant par la colline Sainte-Croix. Présentée par la Commune libre de Magny.",,,,"Samedi 20 septembre 2025, 11h00",2025-09-20 09:00:00+00:00,2025-09-20 10:00:00+00:00,"[{""begin"": ""2025-09-20T11:00:00+02:00"", ""end"": ""2025-09-20T12:00:00+02:00""}]",Place d'Armes,"Place d'Armes, 57000 Metz",57014,Metz,Moselle,Grand Est,,,,"{""id"": 1, ""label"": {""fr"": ""Sur place"", ""en"": ""In situ"", ""it"": ""In presenza"", ""es"": ""Desconnectad"", ""de"": ""Offline"", ""br"": ""War al lec\u2019h"", ""io"": ""crwdns14266:0crwdne14266:0"", ""oc"": ""Sus pla\u00e7a""}}",,
23491409,https://openagenda.com/culture/events/visite-du-bureau-du-maire-5509323,Ouverture et visite du bureau du maire,"Découvrez le bureau du maire et ses curiosités, un lieu à la fois emblématique et méconnu.","Découvrez le bureau du maire et ses curiosités, un lieu à la fois emblématique et méconnu.",,,,20 et 21 septembre 2025,2025-09-20 09:30:00+00:00,2025-09-21 15:30:00+00:00,"[{""begin"": ""2025-09-20T11:30:00+02:00"", ""end"": ""2025-09-20T17:30:00+02:00""}, {""begin"": ""2025-09-21T11:30:00+02:00"", ""end"": ""2025-09-21T17:30:00+02:00""}]",Hôtel de Ville,"Place d'Armes, 57000 Metz",57014,Metz,Moselle,Grand Est,['handicap moteur'],,,"{""id"": 1, ""label"": {""fr"": ""Sur place"", ""en"": ""In situ"", ""it"": ""In presenza"", ""es"": ""Desconnectad"", ""de"": ""Offline"", ""br"": ""War al lec\u2019h"", ""io"": ""crwdns14266:0crwdne14266:0"", ""oc"": ""Sus pla\u00e7a""}}",,
76571070,https://openagenda.com/culture/events/visite-libre-lycee-georges-de-la-tour,Visite libre d'un lycée qui fut également un hôpital militaire,"La visite libre vous permettra de découvrir la beauté architecturale de l'édifice, de redécouvrir les espaces de travail et l'organisation du lycée de l'époque du début du XXème siècle (comme le du…","La visite libre vous permettra de découvrir la beauté architecturale de l'édifice, de redécouvrir les espaces de travail et l'organisation du lycée de l'époque du début du XXème siècle (comme le gymnase). Le public pourra également trouver d'anciennes traces d'une autre fonction du lycée qui fut, pendant les guerres de 1914-18 et de 1939-45, un hôpital militaire.",,,,"Dimanche 21 septembre 2025, 13h00",2025-09-21 11:00:00+00:00,2025-09-21 15:00:00+00:00,"[{""begin"": ""2025-09-21T13:00:00+02:00"", ""end"": ""2025-09-21T17:00:00+02:00""}]",Lycée Georges-de-La-Tour,"1 place de Maud’Huy, 57000 Metz",57000,Metz,Moselle,Grand Est,['handicap moteur'],,,"{""id"": 1, ""label"": {""fr"": ""Sur place"", ""en"": ""In situ"", ""it"": ""In presenza"", ""es"": ""Desconnectad"", ""de"": ""Offline"", ""br"": ""War al lec\u2019h"", ""io"": ""crwdns14266:0crwdne14266:0"", ""oc"": ""Sus pla\u00e7a""}}",,
37973419,https://openagenda.com/culture/events/autour-de-lagora-le-quartier-de-la-patrotte,"Autour de l'Agora, le quartier de la Patrotte",L'exposition retrace l’urbanisation du quartier de la Patrotte depuis cinquante ans.,L'exposition retrace l’urbanisation du quartier de la Patrotte depuis cinquante ans.,,,,"Samedi 20 septembre 2025, 10h00",2025-09-20 08:00:00+00:00,2025-09-20 16:00:00+00:00,"[{""begin"": ""2025-09-20T10:00:00+02:00"", ""end"": ""2025-09-20T18:00:00+02:00""}]",Médiathèque de l'Agora,"4 rue Théodore de Gargan, 57050 Metz",57004,Metz,Moselle,Grand Est,,,,"{""id"": 1, ""label"": {""fr"": ""Sur place"", ""en"": ""In situ"", ""it"": ""In presenza"", ""es"": ""Desconnectad"", ""de"": ""Offline"", ""br"": ""War al lec\u2019h"", ""io"": ""crwdns14266:0crwdne14266:0"", ""oc"": ""Sus pla\u00e7a""}}",,
61558789,https://openagenda.com/culture/events/visite-guidee-3293527,Visite de l'architecture d'un palais de justice et son évolution à travers les siècles,"Le Palais de justice est un bâtiment public qui abrite le tribunal judiciaire et la cour d’appel de Metz. Lieu emblématique chargé d’histoire, il est situé au cœur de la ville.","Le Palais de justice est un bâtiment public qui abrite le tribunal judiciaire et la cour d’appel de Metz. Lieu emblématique chargé d’histoire, il est situé au cœur de la ville. À cette occasion, nous vous invitons à découvrir ce monument majestueux, témoin de l’évolution de la justice à travers les siècles. Des visites guidées, d’environ 20 minutes, sont proposées par des agents du ministère de la Justice. Plusieurs animations vous seront proposées : - Une visite guidée historique par un magistrat honoraire : ici - Une présentation des assises et des audiences correctionnelles : ici - Une exposition photo : « Les visages du crime » : ici - Un concert symphonique : ici",10 créneaux de 30 personnes.,,,"Samedi 20 septembre 2025, 10h00",2025-09-20 08:00:00+00:00,2025-09-20 15:00:00+00:00,"[{""begin"": ""2025-09-20T10:00:00+02:00"", ""end"": ""2025-09-20T17:00:00+02:00""}]",Palais de Justice,"3 rue haute Pierre, 57000 Metz",57045,Metz,Moselle,Grand Est,,,,"{""id"": 1, ""label"": {""fr"": ""Sur place"", ""en"": ""In situ"", ""it"": ""In presenza"", ""es"": ""Desconnectad"", ""de"": ""Offline"", ""br"": ""War al lec\u2019h"", ""io"": ""crwdns14266:0crwdne14266:0"", ""oc"": ""Sus pla\u00e7a""}}",,"[{""type"": ""link"", ""value"": ""https://my.weezevent.com/jep-palais-de-justice-de-metz-20-septembre-2025-visite-guidee-du-palais-2""}]"
87070184,https://openagenda.com/culture/events/rencontre-discussion-avec-lartiste-vincent-chevillon-et-lanthropologue-lisa-renard-specialiste-de-la-culture-materielle-maori,"Rencontre discussion avec l'artiste Vincent Chevillon et l'anthropologue Lisa Renard, spécialiste de la culture matérielle Maori","Dans le cadre de son exposition ""_Ce qui pousse sur la baleine, demeure""_ , l'artiste Vincent Chevillon animera une conférence, accompagné de l'anthropologue Lisa Renard qui est une spécialiste de la…","Dans le cadre de son exposition "" Ce qui pousse sur la baleine, demeure"" , l'artiste Vincent Chevillon animera une conférence, accompagné de l'anthropologue Lisa Renard qui est une spécialiste de la culture matérielle et de la vie cérémonielle Māori. Un événement programmé dans le cadre des rencontres d'Octave Cowbell.","Gratuit, sans réservation",,,"Dimanche 21 septembre 2025, 16h00",2025-09-21 14:00:00+00:00,2025-09-21 15:30:00+00:00,"[{""begin"": ""2025-09-21T16:00:00+02:00"", ""end"": ""2025-09-21T17:30:00+02:00""}]",Galerie Octave Cowbell,"4 rue du change, 57000 Metz",57014,Metz,Moselle,Grand Est,['handicap moteur'],,,"{""id"": 1, ""label"": {""fr"": ""Sur place"", ""en"": ""In situ"", ""it"": ""In presenza"", ""es"": ""Desconnectad"", ""de"": ""Offline"", ""br"": ""War al lec\u2019h"", ""io"": ""crwdns14266:0crwdne14266:0"", ""oc"": ""Sus pla\u00e7a""}}",,
93283810,https://openagenda.com/francetravail/events/du-terrain-de-rugby-a-celui-de-lemploi-une-rencontre-gagnante-au-stade-5187133,Du terrain de rugby à celui de l'emploi : Une rencontre gagnante au stade !,Venez rencontrer les employeurs autrement autour d'une journée sportive !Nous vous invitons à participer à l’évènement « Du Stade vers l’emploi spécial Rugby » qui aura lieu le 09 Octobre 2025.« Du St,"Venez rencontrer les employeurs autrement autour d'une journée sportive !Nous vous invitons à participer à l’évènement « Du Stade vers l’emploi spécial Rugby » qui aura lieu le 09 Octobre 2025.« Du Stade Vers l’Emploi », une journée avec des activités sportives mais surtout ludiques associant employeurs et demandeurs d’emploi de manière anonyme durant la matinée. Vous partagerez ensuite un moment convivial autour d'un déjeuner qui vous est offert.  Enfin, participez au job dating avec les mêmes",,"['1 jeune  1 solution', ""Du Stade vers l'Emploi"", 'Recrutement', 'Recrutement sans CV', 'Sport et insertion', 'Insertion']",,"Mercredi 24 septembre 2025, 10h30",2025-09-24 08:30:00+00:00,2025-09-24 09:30:00+00:00,"[{""begin"": ""2025-09-24T10:30:00+02:00"", ""end"": ""2025-09-24T11:30:00+02:00""}]",Agence METZ SEBASTOPOL,57070 Metz,57070,Metz,Moselle,Grand Est,,,,"{""id"": 1, ""label"": {""fr"": ""Sur place"", ""en"": ""In situ"", ""it"": ""In presenza"", ""es"": ""Desconnectad"", ""de"": ""Offline"", ""br"": ""War al lec\u2019h"", ""io"": ""crwdns14266:0crwdne14266:0"", ""oc"": ""Sus pla\u00e7a"", ""nl"": ""Ter plaatse""}}",,"[{""type"": ""link"", ""value"": ""https://mesevenementsemploi.francetravail.fr/mes-evenements-emploi/evenement/473592""}]"
55371100,https://openagenda.com/tous-a-lopera-2026/events/travaux-de-renovation-2025-2027-lopera-theatre-de-leurometropole-de-metz-se-refait-une-jeunesse,Travaux de rénovation 2025-2027 : l’Opéra-Théâtre de l’Eurométropole de Metz se refait une jeunesse !,Visites guidées du chantier de l'Opéra-Théâtre,PROGRAMME Samedi 9 et dimanche 10 mai • 9h-13h / 14h-18h : visites guidées du chantier de l’Opéra-Théâtre Informations pratiques - Visites d’1/2 heure sur inscription obligatoire (opera.eurometropolemetz.eu) - Groupes de 19 personnes maximum - Enfant obligatoirement accompagné d’un adulte - Casque de protection et gilet jaune obligatoires (fournis sur place) - Chaussures fermées et adaptées (type baskets) - Accessibilité limitée,,"['opéra', 'visite', 'rénovation']",,9 et 10 mai,2026-05-09 07:00:00+00:00,2026-05-10 16:00:00+00:00,"[{""begin"": ""2026-05-09T09:00:00+02:00"", ""end"": ""2026-05-09T13:00:00+02:00""}, {""begin"": ""2026-05-09T14:00:00+02:00"", ""end"": ""2026-05-09T18:00:00+02:00""}, {""begin"": ""2026-05-10T09:00:00+02:00"", ""end"": ""2026-05-10T13:00:00+02:00""}, {""begin"": ""2026-05-10T14:00:00+02:00"", ""end"": ""2026-05-10T18:00:00+02:00""}]",Opéra-Théâtre de l'Eurométropole de Metz,4-5 place de la Comédie 57000 METZ,57000,Metz,Moselle,Grand Est,,,,"{""id"": 1, ""label"": {""fr"": ""Sur place"", ""en"": ""In situ"", ""it"": ""In presenza"", ""es"": ""Desconnectad"", ""de"": ""Offline"", ""br"": ""War al lec\u2019h"", ""io"": ""crwdns14266:0crwdne14266:0"", ""oc"": ""Sus pla\u00e7a"", ""nl"": ""Ter plaatse""}}",,"[{""type"": ""link"", ""value"": ""http://opera.eurometropolemetz.eu""}]"
63313942,https://openagenda.com/francetravail/events/decouvrez-les-metiers-de-linterim-et-de-lemploi-avec-manpower-le2c-et-le-club-des-entreprises-des-rives-de-moselle,"Découvrez les métiers de l'intérim et de l'emploi avec Manpower, l'E2C et le club des entreprises des Rives de Moselle",Rejoignez-nous pour une expérience unique de découverte des métiers de l'intérim et de l'emploi.,"Rejoignez-nous pour une expérience unique de découverte des métiers de l'intérim et de l'emploi. Organisé par l'E2C en partenariat avec le club des entreprises des Rives de Moselle et Manpower, cet événement vous offrira l'opportunité de rencontrer des professionnels et d'explorer des carrières passionnantes. Au programme : Des rencontres avec des chargés de recrutement, des assistants RH, des conseillers emploi et bien d'autres professionnels. Vous découvrirez les métiers accessibles par l'inté",,"[""S'informer"", 'Découverte secteur / métier']",,"Jeudi 4 juin, 14h00",2026-06-04 12:00:00+00:00,2026-06-04 14:00:00+00:00,"[{""begin"": ""2026-06-04T14:00:00+02:00"", ""end"": ""2026-06-04T16:00:00+02:00""}]",Agence METZ BLIDA,57070 Metz,57070,Metz,Moselle,Grand Est,,,,"{""id"": 1, ""label"": {""fr"": ""Sur place"", ""en"": ""In situ"", ""it"": ""In presenza"", ""es"": ""Desconnectad"", ""de"": ""Offline"", ""br"": ""War al lec\u2019h"", ""io"": ""crwdns14266:0crwdne14266:0"", ""oc"": ""Sus pla\u00e7a"", ""nl"": ""Ter plaatse""}}",,"[{""type"": ""link"", ""value"": ""https://mesevenementsemploi.francetravail.fr/mes-evenements-emploi/evenement/670954""}]"
15582715,https://openagenda.com/francetravail/events/vous-etes-debutante-en-langue-francaise-et-vous-souhaitez-acceder-a-un-emploi-avec-une-formation-devenez-employee-commerciale-ou-assist,Vous êtes débutant/e en langue française et vous souhaitez accéder à un emploi avec une formation ? Devenez Employé(e) Commerciale ou Assist,VOTRE AVENIR DANS LE COMMERCE COMMENCE ICI ! FORMATION EN ALTERNANCE & APPRENTISSAGE Devenez un(e) professionnel(le) qualifié(e) et recherché(e) !,VOTRE AVENIR DANS LE COMMERCE COMMENCE ICI ! FORMATION EN ALTERNANCE & APPRENTISSAGE Devenez un(e) professionnel(le) qualifié(e) et recherché(e) ! 2 Formations Métiers au Choix : Employé(e) Commercial(e) Assistant(e) Manager d'Unité Marchande LE DE LA FORMATION : Des cours de FLE (Français Langue Étrangère) sont directement intégrés au parcours pour vous perfectionner et maîtriser le vocabulaire du commerce ! Conditions d'accès (Critères d'éligibilité) : Âge requis : Être âgé de 16 à 29 ans révo,,"['Métiers du commerce', ""Aides à l'emploi"", 'Insertion', 'Découverte secteur / métier', 'Découverte formation', ""S'informer""]",,"Lundi 15 juin, 10h00",2026-06-15 08:00:00+00:00,2026-06-15 10:00:00+00:00,"[{""begin"": ""2026-06-15T10:00:00+02:00"", ""end"": ""2026-06-15T12:00:00+02:00""}]",Agence METZ SEBASTOPOL,57070 Metz,57070,Metz,Moselle,Grand Est,,,,"{""id"": 1, ""label"": {""fr"": ""Sur place"", ""en"": ""In situ"", ""it"": ""In presenza"", ""es"": ""Desconnectad"", ""de"": ""Offline"", ""br"": ""War al lec\u2019h"", ""io"": ""crwdns14266:0crwdne14266:0"", ""oc"": ""Sus pla\u00e7a"", ""nl"": ""Ter plaatse""}}",,"[{""type"": ""link"", ""value"": ""https://mesevenementsemploi.francetravail.fr/mes-evenements-emploi/evenement/676206""}]"
32187236,https://openagenda.com/francetravail/events/mettez-votre-experience-terrain-au-service-de-lhotellerie,Mettez votre expérience terrain au service de l'hôtellerie,"Cette rencontre a pour objectif de faire le point sur votre parcours, vos compétences et le secteur d'activité dans lequel vous souhaitez poursuivre votre recherche d'emploi.","Cette rencontre a pour objectif de faire le point sur votre parcours, vos compétences et le secteur d'activité dans lequel vous souhaitez poursuivre votre recherche d'emploi. Au cours de cette matinée, vous pourrez : - valoriser votre expérience professionnelle ; - échanger sur les attentes du secteur hôtelier ; - identifier les opportunités correspondant à votre profil ; - entrer en relation avec des entreprises de nettoyage et des hôteliers en vue de réaliser une immersion professionnelle. Un",,"['Métiers de l Hôtellerie Restauration', '#TousEnImmersion', 'Recrutement', 'Marché du travail']",,"Vendredi 17 avril, 09h30",2026-04-17 07:30:00+00:00,2026-04-17 10:00:00+00:00,"[{""begin"": ""2026-04-17T09:30:00+02:00"", ""end"": ""2026-04-17T12:00:00+02:00""}]",Agence METZ GARE,57000 Metz,57000,Metz,Moselle,Grand Est,,,,"{""id"": 1, ""label"": {""fr"": ""Sur place"", ""en"": ""In situ"", ""it"": ""In presenza"", ""es"": ""Desconnectad"", ""de"": ""Offline"", ""br"": ""War al lec\u2019h"", ""io"": ""crwdns14266:0crwdne14266:0"", ""oc"": ""Sus pla\u00e7a"", ""nl"": ""Ter plaatse""}}",,"[{""type"": ""link"", ""value"": ""https://mesevenementsemploi.francetravail.fr/mes-evenements-emploi/evenement/634041""}]"
89434728,https://openagenda.com/francetravail/events/vous-etes-debutante-en-langue-francaise-et-vous-souhaitez-acceder-a-un-emploi-avec-une-formation-devenez-macon-coffreur-hf-9053282,Vous êtes débutant/e en langue française et vous souhaitez accéder à un emploi avec une formation ? Devenez Maçon Coffreur (H/F) !,Information collective organisée pour présenter le dispositif NEW HOPE.,"Information collective organisée pour présenter le dispositif NEW HOPE. Opportunité de formation en alternance maçon coffreur pour les personnes débutantes en langue française et inscrites à France Travail. Salaire et formation garantis. Présentation dispositif NEW HOPE, du déroulé de la formation et des dispositifs d'aides à la formation. Ensuite, les représentants(es) du GEIQ BTP, de l'AFPA et de FRANCE TRAVAIL seront présents (es) pour répondre à toutes vos questions. Munissez-vous d'un CV à",,"['Métiers du BTP', 'Découverte formation', 'Insertion', 'Marché du travail', ""S'informer"", 'Recrutement', 'Découverte secteur / métier']",,"Mercredi 27 mai, 13h30",2026-05-27 11:30:00+00:00,2026-05-27 13:00:00+00:00,"[{""begin"": ""2026-05-27T13:30:00+02:00"", ""end"": ""2026-05-27T15:00:00+02:00""}]",Agence METZ SEBASTOPOL,57050 Metz,57045,Metz,Moselle,Grand Est,,,,"{""id"": 1, ""label"": {""fr"": ""Sur place"", ""en"": ""In situ"", ""it"": ""In presenza"", ""es"": ""Desconnectad"", ""de"": ""Offline"", ""br"": ""War al lec\u2019h"", ""io"": ""crwdns14266:0crwdne14266:0"", ""oc"": ""Sus pla\u00e7a"", ""nl"": ""Ter plaatse""}}",,"[{""type"": ""link"", ""value"": ""https://mesevenementsemploi.francetravail.fr/mes-evenements-emploi/evenement/668318""}]"
91408737,https://openagenda.com/francetravail/events/les-rendez-vous-de-la-reconversion-a-la-chambre-des-metiers-et-de-lartisanat-8547719,LES RENDEZ-VOUS DE LA RECONVERSION A LA CHAMBRE DES METIERS ET DE L'ARTISANAT,LES RDV DE LA RECONVERSION - 5ème ÉDITION Et si 2026 devenait l'année où vous changez de voie ? Vous pensez à une reconversion professionnelle mais vous ne savez pas par où commencer ?,"LES RDV DE LA RECONVERSION - 5ème ÉDITION Et si 2026 devenait l'année où vous changez de voie ? Vous pensez à une reconversion professionnelle mais vous ne savez pas par où commencer ? Bonne nouvelle : vous n'êtes pas seul (e) ! Le 29 avril 2026, la CMA Moselle organise la 5ème édition des RDV de la Reconversion. UN ÉVÉNEMENT OUVERT À TOUS : Salarié, demandeur d'emploi, indépendant, étudiant en réorientation ou simplement en réflexion : chacun peut venir s'informer librement, sans engagement. L'",,"['Espaces formation', 'Se préparer', 'Découverte secteur / métier', 'Découverte formation', ""S'informer""]",,"Mercredi 29 avril, 13h30",2026-04-29 11:30:00+00:00,2026-04-29 12:30:00+00:00,"[{""begin"": ""2026-04-29T13:30:00+02:00"", ""end"": ""2026-04-29T14:30:00+02:00""}]",Agence METZ GARE,57070 Metz,57070,Metz,Moselle,Grand Est,,,,"{""id"": 1, ""label"": {""fr"": ""Sur place"", ""en"": ""In situ"", ""it"": ""In presenza"", ""es"": ""Desconnectad"", ""de"": ""Offline"", ""br"": ""War al lec\u2019h"", ""io"": ""crwdns14266:0crwdne14266:0"", ""oc"": ""Sus pla\u00e7a"", ""nl"": ""Ter plaatse""}}",,"[{""type"": ""link"", ""value"": ""https://mesevenementsemploi.francetravail.fr/mes-evenements-emploi/evenement/639204""}]"
30045057,https://openagenda.com/francetravail/events/les-rendez-vous-de-la-reconversion-a-la-chambre-des-metiers-et-de-lartisanat-2019379,LES RENDEZ-VOUS DE LA RECONVERSION A LA CHAMBRE DES METIERS ET DE L'ARTISANAT,LES RDV DE LA RECONVERSION - 5ème ÉDITION Et si 2026 devenait l'année où vous changez de voie ? Vous pensez à une reconversion professionnelle mais vous ne savez pas par où commencer ?,"LES RDV DE LA RECONVERSION - 5ème ÉDITION Et si 2026 devenait l'année où vous changez de voie ? Vous pensez à une reconversion professionnelle mais vous ne savez pas par où commencer ? Bonne nouvelle : vous n'êtes pas seul (e) ! Le 29 avril 2026, la CMA Moselle organise la 5ème édition des RDV de la Reconversion. UN ÉVÉNEMENT OUVERT À TOUS : Salarié, demandeur d'emploi, indépendant, étudiant en réorientation ou simplement en réflexion : chacun peut venir s'informer librement, sans engagement. L'",,"['Espaces formation', ""S'informer"", 'Découverte secteur / métier', 'Découverte formation', 'Se préparer']",,"Mercredi 29 avril, 14h30",2026-04-29 12:30:00+00:00,2026-04-29 13:30:00+00:00,"[{""begin"": ""2026-04-29T14:30:00+02:00"", ""end"": ""2026-04-29T15:30:00+02:00""}]",Agence METZ GARE,57070 Metz,57070,Metz,Moselle,Grand Est,,,,"{""id"": 1, ""label"": {""fr"": ""Sur place"", ""en"": ""In situ"", ""it"": ""In presenza"", ""es"": ""Desconnectad"", ""de"": ""Offline"", ""br"": ""War al lec\u2019h"", ""io"": ""crwdns14266:0crwdne14266:0"", ""oc"": ""Sus pla\u00e7a"", ""nl"": ""Ter plaatse""}}",,"[{""type"": ""link"", ""value"": ""https://mesevenementsemploi.francetravail.fr/mes-evenements-emploi/evenement/639533""}]"
67871678,https://openagenda.com/francetravail/events/forum-de-linterim-saisissez-votre-chance,Forum de l'Intérim: saisissez votre chance!,"Le 29 juin à 13h30 ne manquez pas cet événement unique où plusieurs agences intérimaires seront présentes pour vous proposer des opportunités en mission, en CDD mais aussi en CDI !","Le 29 juin à 13h30 ne manquez pas cet événement unique où plusieurs agences intérimaires seront présentes pour vous proposer des opportunités en mission, en CDD mais aussi en CDI ! Que vous soyez expérimenté ou débutant, diplômé ou non, ce rendez-vous est fait pour vous. Secteurs représentés : Transport, Logistique, BTP, Industrie, Tertiaire, Santé et bien plus encore ! Pour tous les profils : Que vous cherchiez un emploi temporaire ou un poste stable, venez échanger avec des professionnels prêt",,"['#TousMobilisés', 'Recrutement']",,"Lundi 29 juin, 13h30",2026-06-29 11:30:00+00:00,2026-06-29 15:00:00+00:00,"[{""begin"": ""2026-06-29T13:30:00+02:00"", ""end"": ""2026-06-29T17:00:00+02:00""}]",Agence METZ BLIDA,57000 Metz,57014,Metz,Moselle,Grand Est,,,,"{""id"": 1, ""label"": {""fr"": ""Sur place"", ""en"": ""In situ"", ""it"": ""In presenza"", ""es"": ""Desconnectad"", ""de"": ""Offline"", ""br"": ""War al lec\u2019h"", ""io"": ""crwdns14266:0crwdne14266:0"", ""oc"": ""Sus pla\u00e7a"", ""nl"": ""Ter plaatse""}}",,"[{""type"": ""link"", ""value"": ""https://mesevenementsemploi.francetravail.fr/mes-evenements-emploi/evenement/664835""}]"
40993638,https://openagenda.com/francetravail/events/action-btp,Action BTP,Présentation de l'offre de service en vue de fiabiliser le fichier des personnes recherchant dans le secteur du btp.,"Présentation de l'offre de service en vue de fiabiliser le fichier des personnes recherchant dans le secteur du btp. A l'issue, les profils validés seront présentés aux entreprises lors de la promotion de profil et/ou d'un job dating qui aura lieu au 1 er trimestre 2026. Entretiens flash, vérification des projets professionnels, présentation immersion et POEI et prestation de réorientation pour les personnes ne souhaitant plus exercer dans ce secteur d'activités.",,"['#TousMobilisés', ""S'informer""]",,"Lundi 26 janvier, 13h30",2026-01-26 12:30:00+00:00,2026-01-26 15:00:00+00:00,"[{""begin"": ""2026-01-26T13:30:00+01:00"", ""end"": ""2026-01-26T16:00:00+01:00""}]",Agence METZ BLIDA,57000 Metz,57014,Metz,Moselle,Grand Est,,,,"{""id"": 1, ""label"": {""fr"": ""Sur place"", ""en"": ""In situ"", ""it"": ""In presenza"", ""es"": ""Desconnectad"", ""de"": ""Offline"", ""br"": ""War al lec\u2019h"", ""io"": ""crwdns14266:0crwdne14266:0"", ""oc"": ""Sus pla\u00e7a"", ""nl"": ""Ter plaatse""}}",,"[{""type"": ""link"", ""value"": ""https://mesevenementsemploi.francetravail.fr/mes-evenements-emploi/evenement/556416""}]"
48950919,https://openagenda.com/francetravail/events/atelier-propulse-8991027,ATELIER PROPULSE,"Voici le retour un événement dynamique et interactif : l'Atelier Propulse, co animé par France Travail & la Mission Local Qu'est-ce que l'Atelier Propulse ?","Voici le retour un événement dynamique et interactif : l'Atelier Propulse, co animé par France Travail & la Mission Local Qu'est-ce que l'Atelier Propulse ? C'est une occasion unique pour les jeunes demandeurs d'emploi de 25 ans et moins de dynamiser leur recherche d'emploi et de renforcer leur confiance en eux. Au programme, nous allons : Faire le point sur leurs compétences et les aider à construire un CV percutant. Explorer le marché du travail et identifier les secteurs qui recrutent. Présen",,"['Se préparer', ""S'informer"", ""Aides à l'emploi"", 'Marché du travail', 'Insertion', ""Stratégie et techniques de recherches d'emploi""]",,"Mardi 28 juillet, 09h00",2026-07-28 07:00:00+00:00,2026-07-28 10:00:00+00:00,"[{""begin"": ""2026-07-28T09:00:00+02:00"", ""end"": ""2026-07-28T12:00:00+02:00""}]",Agence METZ SEBASTOPOL,57070 Metz,57070,Metz,Moselle,Grand Est,,,,"{""id"": 1, ""label"": {""fr"": ""Sur place"", ""en"": ""In situ"", ""it"": ""In presenza"", ""es"": ""Desconnectad"", ""de"": ""Offline"", ""br"": ""War al lec\u2019h"", ""io"": ""crwdns14266:0crwdne14266:0"", ""oc"": ""Sus pla\u00e7a"", ""nl"": ""Ter plaatse""}}",,"[{""type"": ""link"", ""value"": ""https://mesevenementsemploi.francetravail.fr/mes-evenements-emploi/evenement/708317""}]"
62632654,https://openagenda.com/culture/events/visite-casemate-a-fort-metz-queuleu-4879016,Visite Casemate A du Fort de Metz-Queuleu,Visite et exposition concernant le camp spécial de la Gestapo en Moselle pendant la seconde annexion,Visite et exposition concernant le camp spécial de la Gestapo en Moselle pendant la seconde annexion.,25 personnes par groupe de visiteurs,,,19 et 20 septembre,2026-09-19 11:30:00+00:00,2026-09-20 16:00:00+00:00,"[{""begin"": ""2026-09-19T13:30:00+02:00"", ""end"": ""2026-09-19T19:00:00+02:00""}, {""begin"": ""2026-09-20T10:00:00+02:00"", ""end"": ""2026-09-20T18:00:00+02:00""}]",Fort de Metz-Queuleu,"Allée Jean Burger, 57070 Metz",57070,Metz,Moselle,Grand Est,,,,"{""id"": 1, ""label"": {""fr"": ""Sur place"", ""en"": ""In situ"", ""it"": ""In presenza"", ""es"": ""Desconnectad"", ""de"": ""Offline"", ""br"": ""War al lec\u2019h"", ""io"": ""crwdns14266:0crwdne14266:0"", ""oc"": ""Sus pla\u00e7a"", ""nl"": ""Ter plaatse""}}",,
94212556,https://openagenda.com/francetravail/events/la-sovab-groupe-renault-sengage-pour-legalite-des-chances-des-postes-industriels-a-pourvoir-pour-un-public-feminin-1579114,La SOVAB (Groupe Renault) s'engage pour l'égalité des chances : des postes industriels à pourvoir pour un public féminin.,Rejoignez la SOVAB (Groupe Renault) et découvrez le métier d'opérateur de production !,"Rejoignez la SOVAB (Groupe Renault) et découvrez le métier d'opérateur de production ! L'agence d'intérim GiGroup vous invite à une réunion d'information pour découvrir le métier d'opérateur de production au sein de la SOVAB, filiale du Groupe Renault. Au programme : Présentation du métier : Découvrez les missions, les conditions de travail et les perspectives d'évolution. Temps d'échange : Posez vos questions et discutez avec des professionnels du secteur. Présentation du dispositif POEI : Une",,"['#TousMobilisés', 'Découverte secteur / métier', 'Recrutement']",,"Mercredi 9 septembre, 09h00",2026-09-09 07:00:00+00:00,2026-09-09 09:00:00+00:00,"[{""begin"": ""2026-09-09T09:00:00+02:00"", ""end"": ""2026-09-09T11:00:00+02:00""}]",Agence METZ BLIDA,57000 Metz,57014,Metz,Moselle,Grand Est,,,,"{""id"": 1, ""label"": {""fr"": ""Sur place"", ""en"": ""In situ"", ""it"": ""In presenza"", ""es"": ""Desconnectad"", ""de"": ""Offline"", ""br"": ""War al lec\u2019h"", ""io"": ""crwdns14266:0crwdne14266:0"", ""oc"": ""Sus pla\u00e7a"", ""nl"": ""Ter plaatse""}}",,"[{""type"": ""link"", ""value"": ""https://mesevenementsemploi.francetravail.fr/mes-evenements-emploi/evenement/694467""}]"
90597965,https://openagenda.com/francetravail/events/crepes-sourire-et-talent-on-recherche-nos-futurs-serveurs-et-cuisiniers,"Crêpes, sourire et talent: On recherche nos futurs serveurs et cuisiniers",Nous ouvrons une crêperie au Muse de Metz et recrutons des serveurs/euses et cuisiniers/ières.,Nous ouvrons une crêperie au Muse de Metz et recrutons des serveurs/euses et cuisiniers/ières. Ce que nous vous offrons: - Une formation rémunérée d'un mois (de fin septembre à fin octobre) - Embauche en CDI à l'issue de la formation - Cadre chaleureux et convivial dans un lieu unique Profil recherché: - serveur/se dynamique et souriant.e avec une expérience dans la restauration traditionnelle - Cuisinier/ière et passionné.e et créatif.ve avec une expérience en cuisine Venez rencontrer le recrut,,"['#TousMobilisés', 'Recrutement']",,"Jeudi 17 septembre, 09h00",2026-09-17 07:00:00+00:00,2026-09-17 09:00:00+00:00,"[{""begin"": ""2026-09-17T09:00:00+02:00"", ""end"": ""2026-09-17T11:00:00+02:00""}]",Agence METZ GARE,57000 Metz,57000,Metz,Moselle,Grand Est,,,,"{""id"": 1, ""label"": {""fr"": ""Sur place"", ""en"": ""In situ"", ""it"": ""In presenza"", ""es"": ""Desconnectad"", ""de"": ""Offline"", ""br"": ""War al lec\u2019h"", ""io"": ""crwdns14266:0crwdne14266:0"", ""oc"": ""Sus pla\u00e7a"", ""nl"": ""Ter plaatse""}}",,"[{""type"": ""link"", ""value"": ""https://mesevenementsemploi.francetravail.fr/mes-evenements-emploi/evenement/731830""}]"
34110242,https://openagenda.com/repaircafe/events/realise-des-travaux-de-bricolage,Réalise des travaux de bricolage,L’association gère 150 logements en Moselle pour personnes en difficulté. Nous manquons aujourd'hui de volontaires. Des bénévoles peuvent ainsi venir réaliser des petits travaux et remises en état.,"L'association gère un parc de logements (environ 150 en Moselle) pour héberger des personnes en difficulté sociale le plus souvent. Afin d'optimiser les coûts de fonctionnement de l'association, des bénévoles réalisent dans ces appartements - lorsque c'est nécessaire et possible - des petits travaux d'entretien et de réparation, seul, en binôme ou avec le locataire. Ils peuvent aussi aider les locataires à la remise en état de leur logement à l'occasion de leur départ si la nature des travaux le permet. Des équipes de bricoleurs sont actives actuellement sur le dept 54 et sur Thionville. Nous ne disposons plus pour le moment de tels bénévoles pour Metz et ses environs notamment.",Sur inscription,,,16 - 18 octobre 2025,2025-10-16 07:00:00+00:00,2025-10-18 15:00:00+00:00,"[{""begin"": ""2025-10-16T09:00:00+02:00"", ""end"": ""2025-10-16T17:00:00+02:00""}, {""begin"": ""2025-10-17T09:00:00+02:00"", ""end"": ""2025-10-17T17:00:00+02:00""}, {""begin"": ""2025-10-18T09:00:00+02:00"", ""end"": ""2025-10-18T17:00:00+02:00""}]",Mission sur le terrain,Metz,,Metz,Moselle,Grand Est,,,,"{""id"": 1, ""label"": {""fr"": ""Sur place"", ""en"": ""In situ"", ""it"": ""In presenza"", ""es"": ""Desconnectad"", ""de"": ""Offline"", ""br"": ""War al lec\u2019h"", ""io"": ""crwdns14266:0crwdne14266:0"", ""oc"": ""Sus pla\u00e7a"", ""nl"": ""Ter plaatse""}}",,"[{""type"": ""link"", ""value"": ""https://www.jeveuxaider.gouv.fr/missions-benevolat/28185/benevolat-pivod-54-2?apiengagement_id=bd270f01-e4b9-4426-8fff-963f9bb6bc95&utm_source=api_engagement&utm_medium=api&utm_campaign=makeorg""}]"
64404235,https://openagenda.com/maiavelo/events/defi-jy-vais-5453466,"Défi ""J’y vais ! »",Le défi des mobilités durables qui fait bouger le Grand est !,"Pour la 6ème année consécutive, le Département de la Moselle participe au défi ""J'y vais !"", le défi des mobilités durables en Grand Est. Pour cette nouvelle édition 2026, les 3 300 agents de la collectiivté et les collégiens des 90 collèges mosellans sont invités à tester les mobilités durables : marche, vélo, mobilités actives, covoiturage et transports en commun ! 1 mois, pour se challenger, 1 mois pour tester, 1 mois pour approuver !",,,,1 - 3 mai,2026-05-01 06:00:00+00:00,2026-05-03 17:00:00+00:00,"[{""begin"": ""2026-05-01T08:00:00+02:00"", ""end"": ""2026-05-01T19:00:00+02:00""}, {""begin"": ""2026-05-02T08:00:00+02:00"", ""end"": ""2026-05-02T19:00:00+02:00""}, {""begin"": ""2026-05-03T08:00:00+02:00"", ""end"": ""2026-05-03T19:00:00+02:00""}]",Moselle,Département de la Moselle,57050,Metz,Moselle,Grand Est,,,,"{""id"": 1, ""label"": {""fr"": ""Sur place"", ""en"": ""In situ"", ""it"": ""In presenza"", ""es"": ""Desconnectad"", ""de"": ""Offline"", ""br"": ""War al lec\u2019h"", ""io"": ""crwdns14266:0crwdne14266:0"", ""oc"": ""Sus pla\u00e7a"", ""nl"": ""Ter plaatse""}}",,"[{""type"": ""link"", ""value"": ""https://defi-jyvais.fr/""}]"
66362788,https://openagenda.com/maiavelo/events/mai-a-velo-2026-2380364,Mai à Vélo 2026,Faites parcourir à votre communauté le plus de kilomètres au mois de mai !,,,['challenge-id=219408'],,1 - 31 mai,2026-04-30 22:00:00+00:00,2026-05-31 21:59:59+00:00,"[{""begin"": ""2026-05-01T00:00:00+02:00"", ""end"": ""2026-05-01T01:59:59+02:00""}, {""begin"": ""2026-05-01T02:00:00+02:00"", ""end"": ""2026-05-02T01:59:59+02:00""}, {""begin"": ""2026-05-02T02:00:00+02:00"", ""end"": ""2026-05-03T01:59:59+02:00""}, {""begin"": ""2026-05-03T02:00:00+02:00"", ""end"": ""2026-05-04T01:59:59+02:00""}, {""begin"": ""2026-05-04T02:00:00+02:00"", ""end"": ""2026-05-05T01:59:59+02:00""}, {""begin"": ""2026-05-05T02:00:00+02:00"", ""end"": ""2026-05-06T01:59:59+02:00""}, {""begin"": ""2026-05-06T02:00:00+02:00"", ""end"": ""2026-05-07T01:59:59+02:00""}, {""begin"": ""2026-05-07T02:00:00+02:00"", ""end"": ""2026-05-08T01:59:59+02:00""}, {""begin"": ""2026-05-08T02:00:00+02:00"", ""end"": ""2026-05-09T01:59:59+02:00""}, {""begin"": ""2026-05-09T02:00:00+02:00"", ""end"": ""2026-05-10T01:59:59+02:00""}, {""begin"": ""2026-05-10T02:00:00+02:00"", ""end"": ""2026-05-11T01:59:59+02:00""}, {""begin"": ""2026-05-11T02:00:00+02:00"", ""end"": ""2026-05-12T01:59:59+02:00""}, {""begin"": ""2026-05-12T02:00:00+02:00"", ""end"": ""2026-05-13T01:59:59+02:00""}, {""begin"": ""2026-05-13T02:00:00+02:00"", ""end"": ""2026-05-14T01:59:59+02:00""}, {""begin"": ""2026-05-14T02:00:00+02:00"", ""end"": ""2026-05-15T01:59:59+02:00""}, {""begin"": ""2026-05-15T02:00:00+02:00"", ""end"": ""2026-05-16T01:59:59+02:00""}, {""begin"": ""2026-05-16T02:00:00+02:00"", ""end"": ""2026-05-17T01:59:59+02:00""}, {""begin"": ""2026-05-17T02:00:00+02:00"", ""end"": ""2026-05-18T01:59:59+02:00""}, {""begin"": ""2026-05-18T02:00:00+02:00"", ""end"": ""2026-05-19T01:59:59+02:00""}, {""begin"": ""2026-05-19T02:00:00+02:00"", ""end"": ""2026-05-20T01:59:59+02:00""}, {""begin"": ""2026-05-20T02:00:00+02:00"", ""end"": ""2026-05-21T01:59:59+02:00""}, {""begin"": ""2026-05-21T02:00:00+02:00"", ""end"": ""2026-05-22T01:59:59+02:00""}, {""begin"": ""2026-05-22T02:00:00+02:00"", ""end"": ""2026-05-23T01:59:59+02:00""}, {""begin"": ""2026-05-23T02:00:00+02:00"", ""end"": ""2026-05-24T01:59:59+02:00""}, {""begin"": ""2026-05-24T02:00:00+02:00"", ""end"": ""2026-05-25T01:59:59+02:00""}, {""begin"": ""2026-05-25T02:00:00+02:00"", ""end"": ""2026-05-26T01:59:59+02:00""}, {""begin"": ""2026-05-26T02:00:00+02:00"", ""end"": ""2026-05-27T01:59:59+02:00""}, {""begin"": ""2026-05-27T02:00:00+02:00"", ""end"": ""2026-05-28T01:59:59+02:00""}, {""begin"": ""2026-05-28T02:00:00+02:00"", ""end"": ""2026-05-29T01:59:59+02:00""}, {""begin"": ""2026-05-29T02:00:00+02:00"", ""end"": ""2026-05-30T01:59:59+02:00""}, {""begin"": ""2026-05-30T02:00:00+02:00"", ""end"": ""2026-05-31T01:59:59+02:00""}, {""begin"": ""2026-05-31T02:00:00+02:00"", ""end"": ""2026-05-31T23:59:59+02:00""}]",USEP Grand-Est,"1 bis Rue du Pré Chaudron, 57070 Metz, France",57072,Metz,Moselle,Grand Est,,,,"{""id"": 1, ""label"": {""fr"": ""Sur place"", ""en"": ""In situ"", ""it"": ""In presenza"", ""es"": ""Desconnectad"", ""de"": ""Offline"", ""br"": ""War al lec\u2019h"", ""io"": ""crwdns14266:0crwdne14266:0"", ""oc"": ""Sus pla\u00e7a"", ""nl"": ""Ter plaatse""}}",,"[{""type"": ""link"", ""value"": ""https://challenge-maiavelo.geovelo.fr/""}]"
